{"type":"FeatureCollection","features":[{"type":"Feature","properties":{"SIGLA":"TO","DEN_PROV":"Torino","DEN_UTS":"Torino"},"geometry":{"type":"Polygon","coordinates":[[[7.8663,45.5979],[7.8805,45.5999],[7.8906,45.596],[7.8958,45.59],[7.8931,45.5831],[7.9021,45.5599],[7.8829,45.5366],[7.8836,45.5318],[7.9233,45.5216],[7.918,45.5096],[7.9661,45.4818],[7.9697,45.4742],[8.0252,45.4513],[8.0216,45.451],[8.033,45.4463],[8.0377,45.441],[8.0365,45.4329],[8.0263,45.428],[8.0221,45.422],[8.027,45.4031],[8.0205,45.3997],[8.0144,45.4067],[8.0106,45.4056],[8.0082,45.3804],[8.0139,45.3669],[8.0238,45.3606],[8.0239,45.3524],[8.019,45.3437],[8.0213,45.3305],[8.0171,45.3295],[8.0097,45.3379],[7.989,45.3458],[7.9592,45.3464],[7.957,45.3435],[7.9649,45.3322],[7.9544,45.3239],[7.9528,45.3115],[7.9468,45.3087],[7.9493,45.3059],[7.9683,45.3126],[7.9696,45.3179],[7.9776,45.3171],[7.9901,45.3097],[7.9909,45.2727],[7.9894,45.2652],[7.9808,45.2607],[7.9916,45.2285],[8.0113,45.2128],[8.0369,45.2026],[8.0438,45.2046],[8.0458,45.188],[8.0546,45.1833],[8.0883,45.1857],[8.1112,45.1835],[8.1307,45.1767],[8.1377,45.1785],[8.1449,45.1739],[8.145,45.1689],[8.1519,45.1685],[8.1394,45.1598],[8.1439,45.1438],[8.1366,45.1397],[8.1359,45.1288],[8.129,45.123],[8.0989,45.1294],[8.0907,45.1139],[8.0754,45.0974],[8.0511,45.1071],[8.0464,45.1113],[8.0453,45.1222],[8.0398,45.1283],[8.0296,45.1316],[8.0161,45.1256],[7.9897,45.1293],[7.9644,45.1167],[7.9545,45.1169],[7.9376,45.1108],[7.9308,45.103],[7.9389,45.0936],[7.9377,45.0813],[7.9219,45.0815],[7.9201,45.0748],[7.9145,45.0786],[7.9081,45.0947],[7.8959,45.095],[7.893,45.0599],[7.9034,45.0606],[7.9236,45.0549],[7.9322,45.0409],[7.937,45.0421],[7.9395,45.0548],[7.946,45.0538],[7.958,45.042],[7.951,45.029],[7.9242,45.023],[7.9191,45.0185],[7.9159,45.0043],[7.9343,45.0005],[7.931,44.9884],[7.9287,44.9835],[7.9022,44.9658],[7.9003,44.9409],[7.8839,44.9345],[7.8926,44.9151],[7.9201,44.9171],[7.9263,44.9029],[7.9202,44.8936],[7.9143,44.8924],[7.885,44.8964],[7.8858,44.8855],[7.9017,44.8803],[7.9096,44.8861],[7.919,44.8826],[7.9312,44.8553],[7.9434,44.8463],[7.9026,44.8218],[7.8869,44.8262],[7.8805,44.8298],[7.8798,44.8346],[7.8754,44.8352],[7.8635,44.8267],[7.8596,44.8312],[7.8321,44.8402],[7.8091,44.8549],[7.8119,44.8434],[7.7811,44.843],[7.7657,44.8239],[7.7649,44.8174],[7.7215,44.8129],[7.7063,44.8174],[7.6846,44.8102],[7.6686,44.819],[7.6537,44.8168],[7.6499,44.8212],[7.6533,44.8314],[7.6469,44.8406],[7.644,44.8428],[7.6372,44.8388],[7.6391,44.8358],[7.6274,44.8323],[7.621,44.8393],[7.6194,44.8475],[7.615,44.8398],[7.6156,44.835],[7.6196,44.8339],[7.6193,44.8289],[7.6132,44.8299],[7.6043,44.8384],[7.5935,44.8343],[7.5957,44.8081],[7.5788,44.8091],[7.5755,44.8196],[7.5648,44.8119],[7.5669,44.8026],[7.5647,44.799],[7.5344,44.7939],[7.5307,44.7818],[7.5143,44.7831],[7.508,44.777],[7.508,44.7708],[7.5026,44.7668],[7.4864,44.7638],[7.4717,44.757],[7.45,44.7628],[7.4462,44.7739],[7.4647,44.7736],[7.4589,44.7785],[7.4408,44.7769],[7.4376,44.7644],[7.414,44.7663],[7.3688,44.7596],[7.366,44.7572],[7.3666,44.752],[7.35,44.7516],[7.347,44.753],[7.3494,44.7641],[7.3447,44.7831],[7.3218,44.7796],[7.2917,44.7811],[7.1932,44.7603],[7.1625,44.7605],[7.1574,44.758],[7.1494,44.7433],[7.1395,44.7368],[7.1277,44.7378],[7.1209,44.7263],[7.0838,44.7158],[7.0712,44.7183],[7.0653,44.7138],[7.0541,44.7151],[7.0411,44.7196],[7.0306,44.7289],[7.0223,44.748],[7.0244,44.7557],[7.0212,44.7717],[7.0015,44.7911],[7.0235,44.8219],[7.0097,44.8264],[7.0061,44.84],[6.9634,44.8501],[6.9323,44.863],[6.9127,44.8448],[6.8711,44.85],[6.8423,44.8596],[6.8083,44.8762],[6.8007,44.8816],[6.7996,44.8865],[6.7861,44.8888],[6.7678,44.9025],[6.7508,44.9062],[6.7505,44.9236],[6.76,44.9338],[6.7476,44.9393],[6.7588,44.9498],[6.7655,44.9616],[6.7636,44.9715],[6.7503,44.9785],[6.7395,44.9897],[6.7513,44.9976],[6.7459,45.0129],[6.7246,45.022],[6.6794,45.0203],[6.6714,45.0235],[6.6645,45.0341],[6.6673,45.0408],[6.6609,45.0532],[6.6637,45.0589],[6.6623,45.0714],[6.6462,45.075],[6.6464,45.0819],[6.6269,45.1024],[6.6348,45.1158],[6.652,45.1173],[6.6719,45.1242],[6.6802,45.1404],[6.712,45.1448],[6.7402,45.137],[6.7692,45.1598],[6.8228,45.1441],[6.8399,45.1357],[6.8483,45.1273],[6.8699,45.1342],[6.8939,45.1373],[6.8982,45.1422],[6.8896,45.1476],[6.8861,45.1541],[6.8943,45.1688],[6.9114,45.1669],[6.9461,45.172],[6.9432,45.1759],[6.9526,45.18],[6.9552,45.1912],[6.9669,45.1969],[6.9606,45.203],[6.9652,45.2072],[6.9891,45.2102],[7.0015,45.2185],[7.0252,45.2161],[7.0475,45.2259],[7.051,45.2257],[7.067,45.2103],[7.0831,45.2163],[7.0859,45.2254],[7.1034,45.2365],[7.1105,45.2461],[7.1248,45.2443],[7.1349,45.2541],[7.1315,45.274],[7.136,45.2804],[7.1212,45.2975],[7.1174,45.3093],[7.1095,45.3202],[7.1095,45.327],[7.1325,45.3304],[7.1352,45.3328],[7.1315,45.3406],[7.1337,45.3478],[7.1644,45.3607],[7.1589,45.3702],[7.1633,45.3818],[7.1785,45.3919],[7.179,45.3969],[7.1848,45.4026],[7.1494,45.4234],[7.1207,45.4316],[7.1003,45.4562],[7.1003,45.4643],[7.1096,45.4701],[7.1147,45.4775],[7.1149,45.4871],[7.1217,45.5062],[7.1343,45.5155],[7.1375,45.5163],[7.1423,45.5106],[7.143,45.4985],[7.1369,45.4909],[7.1432,45.478],[7.1475,45.4777],[7.1528,45.4849],[7.1603,45.4866],[7.1995,45.4811],[7.2097,45.4726],[7.2217,45.4706],[7.2476,45.4941],[7.2637,45.499],[7.2663,45.5114],[7.27,45.5146],[7.3029,45.5169],[7.3211,45.514],[7.3353,45.5212],[7.3593,45.5259],[7.367,45.5234],[7.3705,45.5173],[7.3772,45.5169],[7.3945,45.5273],[7.3958,45.5309],[7.4107,45.5355],[7.4206,45.5466],[7.4471,45.5553],[7.4635,45.5748],[7.4893,45.5831],[7.5318,45.5768],[7.5474,45.588],[7.5665,45.5916],[7.5821,45.5818],[7.5997,45.5781],[7.6064,45.5722],[7.6091,45.5629],[7.6349,45.5704],[7.6489,45.5667],[7.6755,45.5523],[7.6854,45.5561],[7.7032,45.5556],[7.7163,45.559],[7.7319,45.5505],[7.7572,45.5646],[7.7775,45.5707],[7.8012,45.5868],[7.8165,45.5933],[7.8529,45.6003],[7.8663,45.5979]],[[7.4667,44.7727],[7.467,44.7669],[7.4719,44.7626],[7.4751,44.7682],[7.4667,44.7729],[7.4667,44.7727]]]}},{"type":"Feature","properties":{"SIGLA":"VC","DEN_PROV":"Vercelli","DEN_UTS":"Vercelli"},"geometry":{"type":"Polygon","coordinates":[[[8.1993,45.9497],[8.2083,45.9443],[8.2047,45.9354],[8.215,45.9237],[8.2296,45.9207],[8.2385,45.9123],[8.2667,45.9074],[8.2788,45.8949],[8.3022,45.8883],[8.2951,45.8801],[8.2937,45.8705],[8.3122,45.8659],[8.3229,45.8558],[8.3282,45.8556],[8.3347,45.8468],[8.3211,45.837],[8.323,45.8326],[8.3292,45.8299],[8.3178,45.7973],[8.3202,45.7784],[8.3172,45.7678],[8.3348,45.7738],[8.3499,45.7724],[8.3572,45.7676],[8.353,45.7583],[8.3717,45.7445],[8.3837,45.7205],[8.3813,45.7107],[8.3915,45.7037],[8.3852,45.6964],[8.3749,45.6986],[8.3669,45.7074],[8.3202,45.7038],[8.3106,45.697],[8.3329,45.6741],[8.3406,45.6613],[8.3516,45.6528],[8.3523,45.6491],[8.347,45.6451],[8.3548,45.6378],[8.3714,45.6358],[8.3909,45.6163],[8.3937,45.5833],[8.3913,45.5764],[8.3978,45.5627],[8.4031,45.5286],[8.4007,45.4915],[8.4141,45.4751],[8.4023,45.465],[8.4017,45.4547],[8.407,45.4535],[8.4084,45.4485],[8.4051,45.4382],[8.4061,45.4191],[8.4005,45.3964],[8.4084,45.3972],[8.4107,45.4047],[8.4288,45.4108],[8.4335,45.4096],[8.4534,45.383],[8.4589,45.3805],[8.4708,45.3833],[8.4961,45.3742],[8.4994,45.3477],[8.4717,45.3423],[8.4631,45.332],[8.4629,45.3272],[8.4749,45.3198],[8.4761,45.322],[8.4831,45.3207],[8.4929,45.3121],[8.5069,45.3194],[8.5128,45.3165],[8.5135,45.3133],[8.4983,45.2922],[8.512,45.291],[8.5174,45.2866],[8.5128,45.2817],[8.5141,45.2743],[8.5233,45.2744],[8.5224,45.2791],[8.5351,45.2778],[8.5361,45.2722],[8.5327,45.2653],[8.5377,45.2568],[8.5436,45.2541],[8.536,45.2476],[8.5309,45.2537],[8.5228,45.2546],[8.5225,45.2492],[8.5378,45.2431],[8.5562,45.2414],[8.5554,45.2388],[8.548,45.2379],[8.5291,45.2395],[8.5437,45.234],[8.5392,45.2301],[8.5271,45.2292],[8.5232,45.2216],[8.5366,45.215],[8.548,45.2041],[8.5322,45.1993],[8.5254,45.202],[8.5245,45.1984],[8.528,45.1946],[8.5523,45.1964],[8.5506,45.2012],[8.5569,45.2052],[8.5778,45.2079],[8.5812,45.2022],[8.5624,45.1945],[8.5446,45.1821],[8.543,45.173],[8.5478,45.1682],[8.5365,45.1755],[8.5168,45.171],[8.51,45.1736],[8.505,45.1786],[8.4971,45.1981],[8.4907,45.1967],[8.4713,45.2045],[8.433,45.1949],[8.4147,45.1982],[8.4036,45.2053],[8.3878,45.2006],[8.3734,45.2007],[8.3592,45.1954],[8.3611,45.1905],[8.3417,45.1724],[8.3285,45.1692],[8.3069,45.1779],[8.2936,45.1738],[8.2696,45.1811],[8.251,45.1763],[8.2357,45.1673],[8.2154,45.164],[8.212,45.1722],[8.199,45.1783],[8.1897,45.1736],[8.1903,45.1699],[8.1856,45.1643],[8.1734,45.1595],[8.1725,45.1704],[8.1469,45.1682],[8.1436,45.1702],[8.1449,45.1739],[8.1377,45.1785],[8.1307,45.1767],[8.1112,45.1835],[8.0883,45.1857],[8.0546,45.1833],[8.0458,45.188],[8.0438,45.2046],[8.0369,45.2026],[8.0113,45.2128],[7.9916,45.2285],[7.9863,45.2382],[7.9867,45.248],[7.9808,45.2607],[7.9894,45.2652],[7.9909,45.2727],[7.9901,45.3097],[7.9776,45.3171],[7.9696,45.3179],[7.9683,45.3126],[7.9473,45.3072],[7.9528,45.3115],[7.9544,45.3239],[7.9649,45.3322],[7.957,45.3435],[7.9592,45.3464],[7.989,45.3458],[8.0097,45.3379],[8.0171,45.3295],[8.0213,45.3305],[8.019,45.3437],[8.0239,45.3524],[8.0238,45.3606],[8.0139,45.3669],[8.0082,45.3804],[8.0106,45.4056],[8.0144,45.4067],[8.0205,45.3997],[8.027,45.4031],[8.0417,45.397],[8.0553,45.3971],[8.069,45.387],[8.1201,45.3774],[8.1497,45.4092],[8.1687,45.4111],[8.1706,45.4195],[8.1614,45.4246],[8.1706,45.438],[8.1824,45.4463],[8.1942,45.4486],[8.2034,45.4467],[8.2157,45.4531],[8.2199,45.4573],[8.2167,45.4691],[8.2189,45.4755],[8.2321,45.4789],[8.2446,45.4934],[8.2629,45.5011],[8.2676,45.5159],[8.2919,45.5177],[8.279,45.5235],[8.2774,45.5322],[8.2926,45.5417],[8.2965,45.5536],[8.2763,45.5636],[8.2676,45.5884],[8.2603,45.5936],[8.257,45.6077],[8.2689,45.616],[8.2778,45.6117],[8.294,45.619],[8.3067,45.6162],[8.3115,45.6216],[8.312,45.6346],[8.2948,45.6354],[8.2763,45.6232],[8.2635,45.62],[8.2616,45.6322],[8.2827,45.6345],[8.2959,45.6409],[8.3188,45.6418],[8.3279,45.6469],[8.2976,45.6578],[8.2894,45.6686],[8.2381,45.7016],[8.2226,45.7074],[8.2073,45.7215],[8.1839,45.7295],[8.1802,45.7379],[8.183,45.7409],[8.1803,45.7525],[8.1566,45.7502],[8.1229,45.7569],[8.1005,45.7428],[8.0828,45.7372],[8.0784,45.7224],[8.0739,45.7193],[8.0658,45.7234],[8.0636,45.7355],[8.0592,45.7406],[8.0359,45.7356],[8.0212,45.7377],[7.9982,45.719],[7.9486,45.7205],[7.9366,45.7243],[7.9258,45.742],[7.9002,45.7492],[7.8849,45.7602],[7.8823,45.7697],[7.8641,45.79],[7.8662,45.8025],[7.8623,45.8199],[7.8723,45.826],[7.8709,45.8342],[7.8639,45.8396],[7.8667,45.8483],[7.8739,45.8532],[7.8756,45.8621],[7.8687,45.8689],[7.8619,45.9144],[7.878,45.9274],[7.9092,45.925],[7.9307,45.9183],[7.9426,45.9078],[7.9629,45.901],[7.9939,45.9143],[8.012,45.9261],[8.0467,45.9351],[8.0644,45.9353],[8.0869,45.9222],[8.1146,45.932],[8.154,45.9338],[8.1799,45.9484],[8.1969,45.95],[8.1993,45.9497]]]}},{"type":"Feature","properties":{"SIGLA":"NO","DEN_PROV":"Novara","DEN_UTS":"Novara"},"geometry":{"type":"Polygon","coordinates":[[[8.4732,45.8657],[8.4752,45.8562],[8.4973,45.8476],[8.4957,45.8356],[8.4985,45.8334],[8.5346,45.8398],[8.5592,45.8549],[8.5627,45.8466],[8.5618,45.8376],[8.5938,45.8282],[8.5816,45.8137],[8.5635,45.8072],[8.5556,45.8],[8.5523,45.7881],[8.5553,45.7755],[8.5829,45.7487],[8.596,45.7289],[8.6429,45.7232],[8.6534,45.714],[8.6544,45.7079],[8.6405,45.6852],[8.6408,45.6768],[8.654,45.6745],[8.6812,45.6764],[8.682,45.6694],[8.6711,45.6655],[8.6698,45.6614],[8.6847,45.6469],[8.6882,45.637],[8.6786,45.6336],[8.6657,45.6429],[8.6604,45.6419],[8.6589,45.6377],[8.6631,45.622],[8.6821,45.6203],[8.6911,45.6115],[8.6887,45.6078],[8.6921,45.6039],[8.6993,45.6017],[8.7001,45.604],[8.7031,45.6001],[8.7044,45.5883],[8.6933,45.5778],[8.7055,45.5692],[8.7072,45.5491],[8.7169,45.5343],[8.7124,45.5236],[8.7144,45.5179],[8.7279,45.5024],[8.7385,45.4985],[8.7571,45.4981],[8.7735,45.4847],[8.7874,45.4863],[8.7908,45.4787],[8.7893,45.4656],[8.8101,45.446],[8.8143,45.4336],[8.8258,45.4339],[8.8219,45.4268],[8.8415,45.3985],[8.8429,45.3938],[8.8112,45.3891],[8.8119,45.3833],[8.8015,45.3792],[8.7934,45.379],[8.765,45.3876],[8.7624,45.3821],[8.764,45.3773],[8.7609,45.3765],[8.7193,45.3784],[8.7222,45.3706],[8.7475,45.3563],[8.7607,45.3557],[8.7625,45.3486],[8.7351,45.3334],[8.7243,45.3358],[8.7234,45.322],[8.7167,45.3081],[8.7028,45.2961],[8.666,45.2919],[8.6557,45.3257],[8.6342,45.3369],[8.6288,45.3498],[8.6229,45.3552],[8.5982,45.3495],[8.5869,45.3519],[8.5779,45.3478],[8.5572,45.3533],[8.5538,45.3615],[8.542,45.3478],[8.5267,45.3432],[8.5377,45.3204],[8.5198,45.3118],[8.5147,45.3117],[8.5128,45.3165],[8.5069,45.3194],[8.4929,45.3121],[8.4831,45.3207],[8.4728,45.3208],[8.4627,45.33],[8.4717,45.3423],[8.4994,45.3477],[8.4961,45.3742],[8.4708,45.3833],[8.4589,45.3805],[8.4534,45.383],[8.4335,45.4096],[8.4288,45.4108],[8.4107,45.4047],[8.4084,45.3972],[8.4005,45.3964],[8.4061,45.4191],[8.4051,45.4382],[8.4084,45.4485],[8.407,45.4535],[8.4017,45.4547],[8.4023,45.465],[8.4141,45.4751],[8.4007,45.4915],[8.4031,45.5286],[8.3978,45.5627],[8.3913,45.5764],[8.3937,45.5833],[8.3909,45.6163],[8.3714,45.6358],[8.3548,45.6378],[8.347,45.6451],[8.3523,45.6491],[8.3516,45.6528],[8.3406,45.6613],[8.3329,45.6741],[8.3107,45.6981],[8.3202,45.7038],[8.3645,45.7074],[8.3692,45.7063],[8.3749,45.6986],[8.3886,45.6981],[8.3915,45.7037],[8.3813,45.7107],[8.3837,45.7205],[8.3754,45.7374],[8.3717,45.7445],[8.3534,45.7577],[8.3572,45.7676],[8.3499,45.7724],[8.3631,45.7778],[8.3753,45.7884],[8.3772,45.7982],[8.3727,45.8018],[8.3821,45.8126],[8.3754,45.8285],[8.3773,45.8377],[8.3928,45.8395],[8.3993,45.8543],[8.4062,45.8471],[8.4096,45.8308],[8.42,45.83],[8.4212,45.8364],[8.4492,45.8558],[8.4586,45.8747],[8.4732,45.8657]]]}},{"type":"Feature","properties":{"SIGLA":"CN","DEN_PROV":"Cuneo","DEN_UTS":"Cuneo"},"geometry":{"type":"MultiPolygon","coordinates":[[[[7.4746,44.7685],[7.4698,44.763],[7.4667,44.7729],[7.4698,44.7707],[7.4746,44.7685]]],[[[7.9759,44.8512],[7.984,44.8272],[7.9936,44.8199],[8.0094,44.8144],[8.0236,44.8172],[8.0376,44.8056],[8.0463,44.8023],[8.0564,44.8107],[8.0688,44.8068],[8.0787,44.808],[8.0947,44.8224],[8.1005,44.8197],[8.107,44.81],[8.1217,44.814],[8.1318,44.8093],[8.1288,44.7913],[8.1351,44.7854],[8.1159,44.7713],[8.1038,44.7736],[8.104,44.7676],[8.099,44.7595],[8.0951,44.7585],[8.1129,44.7484],[8.1176,44.7505],[8.134,44.7457],[8.1385,44.7308],[8.1502,44.7165],[8.159,44.716],[8.1652,44.7214],[8.1643,44.7298],[8.1785,44.7367],[8.1811,44.7452],[8.1878,44.7518],[8.2036,44.7499],[8.2096,44.7316],[8.2149,44.7271],[8.2374,44.7233],[8.2568,44.7322],[8.2575,44.7212],[8.2662,44.7089],[8.2602,44.6978],[8.2231,44.6769],[8.2254,44.6602],[8.2112,44.6481],[8.196,44.6257],[8.1968,44.6151],[8.2148,44.6174],[8.2263,44.6024],[8.2343,44.5986],[8.2289,44.5936],[8.2432,44.5816],[8.2449,44.5717],[8.2359,44.5603],[8.2413,44.5494],[8.246,44.5483],[8.2528,44.5287],[8.2242,44.5142],[8.2162,44.4973],[8.2229,44.4852],[8.205,44.4775],[8.1967,44.4784],[8.1965,44.4665],[8.2085,44.4569],[8.209,44.4463],[8.2227,44.4305],[8.2099,44.419],[8.2064,44.4043],[8.1865,44.3953],[8.18,44.3981],[8.1707,44.3948],[8.1619,44.3858],[8.1481,44.3841],[8.1458,44.3732],[8.1408,44.3712],[8.1486,44.3548],[8.145,44.3466],[8.1343,44.3321],[8.13,44.3305],[8.1249,44.3331],[8.1064,44.3324],[8.1077,44.3127],[8.102,44.3009],[8.0845,44.3066],[8.076,44.314],[8.0608,44.2999],[8.0636,44.2883],[8.076,44.2875],[8.09,44.2739],[8.0818,44.2625],[8.0631,44.2531],[8.0811,44.24],[8.0673,44.2255],[8.0654,44.2168],[8.0948,44.1973],[8.0917,44.1883],[8.0972,44.1787],[8.0807,44.1653],[8.0743,44.1506],[8.0682,44.145],[8.0429,44.1428],[8.0291,44.1538],[8.0118,44.1559],[7.9796,44.1385],[7.9789,44.1335],[8.0105,44.1221],[8.0124,44.1195],[8.0028,44.1165],[8.0156,44.1107],[8.0102,44.1038],[8.0039,44.1024],[7.9706,44.1138],[7.958,44.1037],[7.9428,44.1009],[7.9346,44.1021],[7.9253,44.11],[7.8864,44.1052],[7.879,44.1137],[7.8685,44.1169],[7.8153,44.1232],[7.7764,44.1386],[7.7638,44.1407],[7.7318,44.1277],[7.723,44.1202],[7.718,44.1036],[7.7329,44.0836],[7.7594,44.0843],[7.7379,44.0764],[7.7232,44.0606],[7.7143,44.0616],[7.7134,44.0735],[7.7182,44.082],[7.6965,44.0997],[7.6904,44.1085],[7.6713,44.1218],[7.6674,44.1298],[7.6787,44.1466],[7.6707,44.153],[7.6723,44.1596],[7.6815,44.1652],[7.6846,44.1739],[7.6768,44.1771],[7.645,44.1781],[7.6331,44.1741],[7.6275,44.1595],[7.6192,44.1494],[7.566,44.1551],[7.5563,44.1478],[7.5426,44.1455],[7.535,44.1474],[7.5218,44.138],[7.5151,44.1384],[7.5077,44.1445],[7.458,44.1266],[7.4282,44.1304],[7.4259,44.1142],[7.4234,44.1133],[7.3927,44.1256],[7.3605,44.1167],[7.3553,44.118],[7.3419,44.1461],[7.3215,44.1436],[7.2921,44.1459],[7.2783,44.1417],[7.2484,44.158],[7.2432,44.1716],[7.2372,44.1742],[7.2292,44.1688],[7.2182,44.169],[7.206,44.1821],[7.1936,44.1868],[7.1896,44.1967],[7.1839,44.1999],[7.1607,44.2071],[7.1428,44.2005],[7.1184,44.2151],[7.0938,44.2208],[7.0864,44.2293],[7.0705,44.2335],[7.035,44.224],[7.0273,44.2315],[7.0085,44.2356],[6.9967,44.2501],[6.9952,44.2797],[6.9583,44.2955],[6.9563,44.2982],[6.9607,44.3112],[6.9268,44.3332],[6.9188,44.3528],[6.8872,44.362],[6.8882,44.3674],[6.8966,44.3762],[6.8972,44.4041],[6.8928,44.4202],[6.9484,44.4298],[6.912,44.4528],[6.9069,44.4656],[6.8762,44.4815],[6.8728,44.4905],[6.8614,44.5019],[6.8538,44.5287],[6.8566,44.534],[6.8648,44.5373],[6.8815,44.554],[6.9136,44.5587],[6.9164,44.5618],[6.9125,44.5685],[6.9332,44.5734],[6.9334,44.5917],[6.9377,44.6031],[6.9501,44.6138],[6.9523,44.6205],[6.9688,44.6199],[6.9685,44.6263],[6.9527,44.6378],[6.9479,44.6548],[6.9583,44.6676],[6.9598,44.675],[6.9747,44.6803],[6.9876,44.6898],[7.0304,44.6915],[7.0489,44.6831],[7.0719,44.6801],[7.0762,44.6838],[7.066,44.7075],[7.0653,44.7138],[7.0695,44.7179],[7.0838,44.7158],[7.1209,44.7263],[7.1277,44.7378],[7.1395,44.7368],[7.1494,44.7433],[7.1574,44.758],[7.1625,44.7605],[7.1932,44.7603],[7.2917,44.7811],[7.3218,44.7796],[7.3447,44.7831],[7.3494,44.7641],[7.347,44.753],[7.35,44.7516],[7.3666,44.752],[7.366,44.7572],[7.3688,44.7596],[7.414,44.7663],[7.4376,44.7644],[7.4408,44.7769],[7.4589,44.7785],[7.4647,44.7736],[7.4462,44.7739],[7.45,44.7628],[7.4717,44.757],[7.4864,44.7638],[7.5026,44.7668],[7.508,44.7708],[7.508,44.777],[7.5143,44.7831],[7.5307,44.7818],[7.5344,44.7939],[7.5647,44.799],[7.5669,44.8026],[7.5648,44.8119],[7.5755,44.8196],[7.5788,44.8091],[7.5957,44.8081],[7.5935,44.8343],[7.6043,44.8384],[7.6132,44.8299],[7.6193,44.8289],[7.6196,44.8339],[7.6156,44.835],[7.615,44.8398],[7.6194,44.8475],[7.621,44.8393],[7.6274,44.8323],[7.6391,44.8358],[7.6372,44.8388],[7.644,44.8428],[7.6469,44.8406],[7.6533,44.8314],[7.6499,44.8212],[7.6537,44.8168],[7.6686,44.819],[7.6848,44.8102],[7.7063,44.8174],[7.7215,44.8129],[7.7649,44.8174],[7.7657,44.8239],[7.7811,44.843],[7.8119,44.8434],[7.8091,44.8549],[7.8321,44.8402],[7.8596,44.8312],[7.8635,44.8267],[7.8754,44.8352],[7.8798,44.8346],[7.8805,44.8298],[7.8869,44.8262],[7.9026,44.8218],[7.9434,44.8463],[7.9665,44.8552],[7.9759,44.8512]]]]}},{"type":"Feature","properties":{"SIGLA":"AT","DEN_PROV":"Asti","DEN_UTS":"Asti"},"geometry":{"type":"Polygon","coordinates":[[[8.0296,45.1316],[8.0398,45.1283],[8.0453,45.1222],[8.0464,45.1113],[8.0511,45.1071],[8.0752,45.0974],[8.0907,45.1139],[8.0989,45.1294],[8.129,45.123],[8.1238,45.1089],[8.1128,45.107],[8.1094,45.0987],[8.1101,45.0945],[8.1204,45.0895],[8.1184,45.0717],[8.1337,45.0652],[8.1321,45.0561],[8.1352,45.0532],[8.1502,45.0535],[8.1482,45.0392],[8.1589,45.0293],[8.1859,45.0405],[8.2084,45.0259],[8.2176,45.0163],[8.2176,45.0099],[8.228,45.0213],[8.2343,45.0352],[8.2275,45.0476],[8.24,45.0625],[8.2764,45.0622],[8.3003,45.0757],[8.3113,45.0707],[8.3052,45.0596],[8.3189,45.0532],[8.3287,45.036],[8.3454,45.0335],[8.3598,45.0254],[8.358,45.0098],[8.3537,45.0051],[8.3522,44.9958],[8.3607,44.9868],[8.3805,44.9836],[8.3851,44.9729],[8.3852,44.9666],[8.3785,44.9572],[8.3765,44.9459],[8.3807,44.9388],[8.3805,44.9243],[8.3668,44.927],[8.3608,44.9222],[8.3664,44.8988],[8.383,44.8772],[8.3918,44.8748],[8.3824,44.8684],[8.3762,44.8467],[8.3997,44.8418],[8.4233,44.8476],[8.4278,44.8382],[8.4206,44.8202],[8.4625,44.8053],[8.4793,44.8072],[8.49,44.7997],[8.4861,44.7959],[8.5062,44.785],[8.4974,44.7819],[8.4874,44.7716],[8.4875,44.7668],[8.4956,44.7744],[8.5013,44.7719],[8.4842,44.7544],[8.4891,44.7527],[8.4881,44.7466],[8.4818,44.7462],[8.4752,44.752],[8.4646,44.755],[8.4533,44.748],[8.4504,44.7394],[8.4275,44.7341],[8.425,44.7262],[8.43,44.7115],[8.41,44.7078],[8.4087,44.7053],[8.4108,44.6988],[8.4206,44.6923],[8.3947,44.6875],[8.3828,44.689],[8.3705,44.696],[8.347,44.6929],[8.3556,44.6758],[8.3526,44.6587],[8.3554,44.6384],[8.3396,44.623],[8.3259,44.6185],[8.3162,44.608],[8.3144,44.601],[8.3164,44.5958],[8.3333,44.5881],[8.3385,44.5881],[8.3412,44.5922],[8.3516,44.5903],[8.3687,44.5752],[8.3614,44.571],[8.3484,44.5716],[8.3213,44.5585],[8.2978,44.5631],[8.2836,44.555],[8.279,44.5435],[8.2824,44.5356],[8.2808,44.5312],[8.2721,44.529],[8.2616,44.5194],[8.2528,44.5287],[8.246,44.5483],[8.2413,44.5494],[8.2359,44.5603],[8.2449,44.5717],[8.2432,44.5816],[8.2289,44.5936],[8.2343,44.5986],[8.2263,44.6024],[8.2148,44.6174],[8.1968,44.6151],[8.1957,44.618],[8.1993,44.6331],[8.2254,44.6602],[8.2231,44.6769],[8.2602,44.6978],[8.2662,44.7089],[8.2575,44.7212],[8.2568,44.7322],[8.2374,44.7233],[8.2149,44.7271],[8.2096,44.7316],[8.2036,44.7499],[8.1878,44.7518],[8.1811,44.7452],[8.1785,44.7367],[8.1643,44.7298],[8.1652,44.7214],[8.159,44.716],[8.1502,44.7165],[8.1385,44.7308],[8.134,44.7457],[8.1176,44.7505],[8.1129,44.7484],[8.0951,44.7585],[8.099,44.7595],[8.104,44.7676],[8.1038,44.7736],[8.1159,44.7713],[8.1351,44.7854],[8.1288,44.7913],[8.1306,44.8101],[8.119,44.814],[8.107,44.81],[8.1005,44.8197],[8.0947,44.8224],[8.0787,44.808],[8.0688,44.8068],[8.0564,44.8107],[8.0463,44.8023],[8.0376,44.8056],[8.0236,44.8172],[8.0094,44.8144],[7.9936,44.8199],[7.984,44.8272],[7.9759,44.8512],[7.9665,44.8552],[7.9434,44.8463],[7.9312,44.8553],[7.919,44.8826],[7.9096,44.8861],[7.9017,44.8803],[7.8858,44.8855],[7.885,44.8964],[7.9143,44.8924],[7.9202,44.8936],[7.9262,44.9022],[7.9201,44.9171],[7.8926,44.9151],[7.8839,44.9345],[7.9003,44.9409],[7.9022,44.9658],[7.9287,44.9835],[7.931,44.9884],[7.9343,45.0005],[7.9159,45.0043],[7.9191,45.0185],[7.9242,45.023],[7.951,45.029],[7.958,45.042],[7.946,45.0538],[7.9395,45.0548],[7.937,45.0421],[7.9322,45.0409],[7.9236,45.0549],[7.9034,45.0606],[7.893,45.0599],[7.8959,45.095],[7.9081,45.0947],[7.9145,45.0786],[7.9201,45.0748],[7.9219,45.0815],[7.9377,45.0813],[7.9389,45.0936],[7.9308,45.103],[7.9376,45.1108],[7.9545,45.1169],[7.9644,45.1167],[7.9897,45.1293],[8.0161,45.1256],[8.0224,45.1295],[8.0296,45.1316]]]}},{"type":"Feature","properties":{"SIGLA":"AL","DEN_PROV":"Alessandria","DEN_UTS":"Alessandria"},"geometry":{"type":"Polygon","coordinates":[[[8.4099,45.2021],[8.4147,45.1982],[8.433,45.1949],[8.4713,45.2045],[8.4907,45.1967],[8.4964,45.1984],[8.51,45.1736],[8.5168,45.171],[8.5365,45.1755],[8.5461,45.1681],[8.5535,45.167],[8.5567,45.1577],[8.5807,45.1523],[8.5865,45.1467],[8.5882,45.1366],[8.5945,45.1308],[8.6109,45.1276],[8.6091,45.1069],[8.6207,45.0986],[8.6224,45.0923],[8.6366,45.0838],[8.6423,45.072],[8.6411,45.0641],[8.647,45.055],[8.6347,45.041],[8.6526,45.0343],[8.657,45.0279],[8.652,45.0237],[8.6592,45.0179],[8.6729,45.0279],[8.6817,45.0288],[8.695,45.0232],[8.7008,45.0265],[8.705,45.0371],[8.7101,45.0383],[8.728,45.0228],[8.7438,45.0237],[8.751,45.0204],[8.7541,45.0153],[8.7482,45.0132],[8.7479,45.0091],[8.7617,45.0121],[8.7713,45.0067],[8.7787,45.0132],[8.7757,45.0202],[8.7777,45.0237],[8.7921,45.0198],[8.801,45.0232],[8.8027,45.0273],[8.7944,45.0326],[8.7962,45.0358],[8.8099,45.0343],[8.8254,45.044],[8.838,45.0442],[8.8489,45.0497],[8.8586,45.0508],[8.8637,45.0482],[8.8793,45.059],[8.8841,45.0563],[8.8811,45.0541],[8.8857,45.0506],[8.8927,45.05],[8.9,45.044],[8.9044,45.0296],[8.9013,45.0078],[8.9169,44.9881],[8.9278,44.9823],[8.9382,44.982],[8.9445,44.9871],[8.9585,44.9875],[8.9776,44.966],[8.9783,44.9568],[8.976,44.9535],[8.9717,44.9539],[8.9706,44.9432],[8.9882,44.9309],[8.9983,44.9179],[9.0013,44.9082],[9.0062,44.9037],[9.02,44.9002],[9.0299,44.8905],[9.0422,44.8845],[9.0552,44.8889],[9.0701,44.8647],[9.0676,44.8601],[9.0497,44.8501],[9.0645,44.8331],[9.0729,44.828],[9.075,44.823],[9.0726,44.8171],[9.0799,44.8142],[9.0951,44.819],[9.1158,44.8073],[9.1261,44.8062],[9.1467,44.809],[9.1555,44.815],[9.1551,44.8094],[9.1735,44.7961],[9.1717,44.7717],[9.1942,44.7568],[9.2136,44.7523],[9.211,44.7345],[9.2028,44.7221],[9.2072,44.7055],[9.1991,44.6831],[9.2064,44.6608],[9.199,44.646],[9.2002,44.6163],[9.2052,44.6005],[9.2026,44.5944],[9.1832,44.5913],[9.1526,44.5742],[9.1352,44.5745],[9.1099,44.5839],[9.1024,44.5929],[9.1045,44.6066],[9.0978,44.6138],[9.0846,44.6165],[9.0733,44.6243],[9.058,44.6218],[9.047,44.6147],[9.039,44.6366],[9.0147,44.6661],[9.0073,44.6682],[8.9725,44.6633],[8.9595,44.676],[8.9319,44.6762],[8.9218,44.6723],[8.9219,44.6636],[8.9088,44.6476],[8.8826,44.6387],[8.8845,44.6332],[8.9044,44.6206],[8.9119,44.58],[8.9218,44.568],[8.9175,44.5611],[8.8903,44.5506],[8.8833,44.553],[8.8686,44.5662],[8.865,44.5659],[8.8629,44.5606],[8.8266,44.5616],[8.8222,44.5502],[8.8288,44.5431],[8.8237,44.5382],[8.8081,44.5353],[8.7991,44.5301],[8.7949,44.5225],[8.7988,44.5001],[8.7886,44.4964],[8.7874,44.4897],[8.7824,44.4884],[8.7669,44.492],[8.7715,44.5078],[8.7676,44.525],[8.7558,44.5306],[8.7567,44.5361],[8.7428,44.5502],[8.7347,44.5663],[8.722,44.5793],[8.7141,44.5815],[8.6881,44.5804],[8.6822,44.5755],[8.6676,44.5823],[8.6402,44.5791],[8.6252,44.5848],[8.611,44.5705],[8.6009,44.5678],[8.5989,44.5587],[8.6135,44.5466],[8.6124,44.5438],[8.6059,44.5381],[8.5928,44.5352],[8.5867,44.5242],[8.5738,44.5233],[8.5762,44.5092],[8.5518,44.5035],[8.5437,44.512],[8.5368,44.513],[8.5159,44.5098],[8.4818,44.5108],[8.4707,44.5225],[8.4531,44.5099],[8.4495,44.4974],[8.4421,44.503],[8.4286,44.5025],[8.4203,44.5119],[8.4161,44.5124],[8.4037,44.5074],[8.3979,44.4911],[8.3884,44.477],[8.3753,44.4743],[8.3724,44.4702],[8.3595,44.465],[8.3492,44.4856],[8.3203,44.4892],[8.3048,44.5035],[8.2893,44.5032],[8.2698,44.5105],[8.2616,44.5194],[8.2721,44.529],[8.2808,44.5312],[8.2824,44.5356],[8.279,44.5435],[8.2836,44.555],[8.2978,44.5631],[8.3213,44.5585],[8.3484,44.5716],[8.3614,44.571],[8.3687,44.5752],[8.3516,44.5903],[8.3412,44.5922],[8.3385,44.5881],[8.3333,44.5881],[8.3164,44.5958],[8.3144,44.601],[8.3162,44.608],[8.3259,44.6185],[8.3396,44.623],[8.3554,44.6384],[8.3526,44.6587],[8.3556,44.6758],[8.347,44.6929],[8.3705,44.696],[8.3828,44.689],[8.3947,44.6875],[8.4206,44.6923],[8.4108,44.6988],[8.4087,44.7053],[8.41,44.7078],[8.43,44.7115],[8.425,44.7262],[8.4275,44.7341],[8.4504,44.7394],[8.4533,44.748],[8.4646,44.755],[8.4752,44.752],[8.4818,44.7462],[8.4881,44.7466],[8.4891,44.7527],[8.4842,44.7544],[8.5013,44.7719],[8.4956,44.7744],[8.4875,44.7668],[8.4874,44.7716],[8.4974,44.7819],[8.5062,44.785],[8.4861,44.7959],[8.49,44.7997],[8.4793,44.8072],[8.4625,44.8053],[8.4206,44.8202],[8.4278,44.8382],[8.4233,44.8476],[8.3997,44.8418],[8.3762,44.8467],[8.3824,44.8684],[8.3918,44.8748],[8.383,44.8772],[8.3664,44.8988],[8.3608,44.9222],[8.3668,44.927],[8.3805,44.9243],[8.3807,44.9388],[8.3765,44.9459],[8.3785,44.9572],[8.3852,44.9666],[8.3851,44.9729],[8.3805,44.9836],[8.3607,44.9868],[8.3522,44.9958],[8.3537,45.0051],[8.358,45.0098],[8.3598,45.0254],[8.3454,45.0335],[8.3287,45.036],[8.3189,45.0532],[8.3052,45.0596],[8.3113,45.0707],[8.3003,45.0757],[8.2764,45.0622],[8.24,45.0625],[8.2275,45.0476],[8.2343,45.0352],[8.228,45.0213],[8.2176,45.0099],[8.2176,45.0163],[8.2084,45.0259],[8.1859,45.0405],[8.1589,45.0293],[8.1482,45.0392],[8.1502,45.0535],[8.1352,45.0532],[8.1321,45.0561],[8.1337,45.0652],[8.1184,45.0717],[8.1204,45.0895],[8.1101,45.0945],[8.1094,45.0987],[8.1128,45.107],[8.1205,45.1067],[8.1282,45.1152],[8.129,45.123],[8.1361,45.129],[8.1366,45.1397],[8.1439,45.1438],[8.1394,45.1598],[8.1519,45.1685],[8.1725,45.1704],[8.1721,45.1596],[8.1763,45.1598],[8.1856,45.1643],[8.1903,45.1699],[8.1897,45.1736],[8.199,45.1783],[8.212,45.1722],[8.2154,45.164],[8.2357,45.1673],[8.251,45.1763],[8.2696,45.1811],[8.2936,45.1738],[8.3069,45.1779],[8.3304,45.1694],[8.3417,45.1724],[8.3611,45.1905],[8.3592,45.1954],[8.3635,45.1976],[8.4048,45.2051],[8.4099,45.2021]],[[8.7056,45.0131],[8.7057,45.0245],[8.7035,45.0141],[8.7056,45.0131]],[[8.8167,45.0219],[8.8107,45.0173],[8.8163,45.0184],[8.8168,45.0216],[8.8167,45.0219]]]}},{"type":"Feature","properties":{"SIGLA":"AO","DEN_PROV":"Aosta","DEN_UTS":"Aosta"},"geometry":{"type":"Polygon","coordinates":[[[7.5748,45.9875],[7.58,45.9835],[7.5838,45.9725],[7.5886,45.9708],[7.6392,45.9703],[7.6568,45.9764],[7.6644,45.9753],[7.6813,45.9572],[7.7019,45.9536],[7.7099,45.9483],[7.709,45.9335],[7.7201,45.9237],[7.7352,45.924],[7.7506,45.9398],[7.7686,45.9371],[7.8001,45.9171],[7.8214,45.9269],[7.864,45.9164],[7.8614,45.9104],[7.8687,45.8689],[7.8756,45.8621],[7.8739,45.8532],[7.8667,45.8483],[7.8639,45.8396],[7.8709,45.8342],[7.8723,45.826],[7.8623,45.8199],[7.8662,45.8025],[7.8641,45.79],[7.8823,45.7697],[7.8849,45.7602],[7.9002,45.7492],[7.9258,45.742],[7.9366,45.7243],[7.9203,45.7019],[7.9118,45.7008],[7.9048,45.6847],[7.9272,45.6514],[7.939,45.6445],[7.9384,45.6391],[7.9361,45.6357],[7.915,45.6327],[7.8981,45.6129],[7.8958,45.6016],[7.9008,45.5917],[7.8958,45.59],[7.8875,45.598],[7.8792,45.6002],[7.8278,45.5971],[7.8012,45.5868],[7.7775,45.5707],[7.7572,45.5646],[7.7319,45.5505],[7.7163,45.559],[7.7032,45.5556],[7.6854,45.5561],[7.6755,45.5523],[7.6489,45.5667],[7.6349,45.5704],[7.6091,45.5629],[7.6064,45.5722],[7.5997,45.5781],[7.5821,45.5818],[7.5665,45.5916],[7.5474,45.588],[7.5318,45.5768],[7.4893,45.5831],[7.4635,45.5748],[7.4471,45.5553],[7.4206,45.5466],[7.4107,45.5355],[7.3958,45.5309],[7.3945,45.5273],[7.3772,45.5169],[7.3705,45.5173],[7.367,45.5234],[7.3593,45.5259],[7.3353,45.5212],[7.3211,45.514],[7.3029,45.5169],[7.27,45.5146],[7.2663,45.5114],[7.2637,45.499],[7.2476,45.4941],[7.2217,45.4706],[7.2097,45.4726],[7.1995,45.4811],[7.1603,45.4866],[7.1528,45.4849],[7.1475,45.4777],[7.1432,45.478],[7.1369,45.4909],[7.143,45.4985],[7.1423,45.5106],[7.1375,45.5163],[7.1217,45.5062],[7.1149,45.4871],[7.1147,45.4775],[7.1043,45.467],[7.0664,45.4743],[7.0479,45.4725],[7.0446,45.48],[7.0542,45.4884],[7.0546,45.494],[7.0434,45.4977],[7.0196,45.4977],[6.9998,45.5051],[7.0038,45.52],[6.9904,45.5307],[6.9956,45.5436],[6.9898,45.5626],[6.9951,45.5694],[6.995,45.5761],[6.9802,45.5842],[6.9779,45.5889],[6.9851,45.6117],[6.9845,45.6236],[6.9972,45.6312],[7.0008,45.6403],[6.9804,45.6453],[6.9717,45.6492],[6.9686,45.6545],[6.9609,45.6551],[6.9327,45.6473],[6.9164,45.6522],[6.9159,45.658],[6.906,45.6674],[6.9065,45.6752],[6.9028,45.6803],[6.8928,45.676],[6.8563,45.6855],[6.8252,45.7091],[6.8105,45.7288],[6.8173,45.7397],[6.8066,45.7469],[6.8057,45.7692],[6.8016,45.7817],[6.8047,45.7913],[6.8116,45.7984],[6.8103,45.8117],[6.8054,45.817],[6.8178,45.8333],[6.8431,45.8423],[6.8649,45.8332],[6.872,45.8398],[6.8737,45.8459],[6.8802,45.8499],[6.8974,45.8426],[6.9421,45.8487],[6.9551,45.8608],[6.9692,45.8659],[6.9904,45.8681],[6.9993,45.8742],[7.0057,45.8886],[7.0038,45.8992],[7.018,45.9138],[7.0307,45.9208],[7.0447,45.9227],[7.0573,45.9143],[7.0769,45.8898],[7.0942,45.8763],[7.0975,45.8624],[7.1025,45.859],[7.12,45.8607],[7.1326,45.8678],[7.1351,45.8727],[7.1565,45.8793],[7.1645,45.8769],[7.1619,45.871],[7.1753,45.8629],[7.1903,45.8586],[7.2003,45.8631],[7.1977,45.8696],[7.2,45.8753],[7.2207,45.8896],[7.2456,45.8915],[7.2529,45.8887],[7.273,45.9001],[7.293,45.9214],[7.3242,45.9104],[7.3442,45.9151],[7.3859,45.8973],[7.403,45.9106],[7.4119,45.9092],[7.4272,45.9157],[7.4421,45.9298],[7.4577,45.9349],[7.4732,45.935],[7.4714,45.9473],[7.4781,45.9526],[7.5023,45.9607],[7.5194,45.9605],[7.5386,45.9552],[7.5457,45.9609],[7.5416,45.9766],[7.5462,45.9845],[7.5701,45.9878],[7.5748,45.9875]]]}},{"type":"Feature","properties":{"SIGLA":"IM","DEN_PROV":"Imperia","DEN_UTS":"Imperia"},"geometry":{"type":"Polygon","coordinates":[[[7.7688,44.1402],[7.8153,44.1232],[7.8685,44.1169],[7.879,44.1137],[7.8864,44.1052],[7.9253,44.11],[7.9346,44.1021],[7.9428,44.1009],[7.958,44.1037],[7.9706,44.1138],[8.0046,44.1023],[8.011,44.1042],[8.0181,44.1125],[8.0217,44.1078],[8.0216,44.0973],[8.0305,44.0955],[8.0355,44.0851],[8.0368,44.0592],[8.0298,44.0506],[8.0165,44.0449],[8.0058,44.0346],[7.9871,44.0307],[7.9777,44.0209],[7.9795,44.0139],[8.0014,44.0012],[8.0013,43.9919],[8.0151,43.9808],[8.077,43.9832],[8.1038,43.9741],[8.1233,43.955],[8.126,43.939],[8.1354,43.939],[8.1333,43.9321],[8.1283,43.9267],[8.1127,43.9237],[8.0882,43.9127],[8.078,43.9039],[8.0806,43.8978],[8.073,43.8914],[8.034,43.8845],[8.0234,43.8801],[8.015,43.872],[7.9713,43.8609],[7.9661,43.8521],[7.9461,43.8463],[7.9241,43.8445],[7.9081,43.8362],[7.8898,43.8378],[7.851,43.8303],[7.833,43.8164],[7.8056,43.8233],[7.7872,43.8197],[7.7795,43.8144],[7.7527,43.8067],[7.7388,43.7954],[7.7131,43.8009],[7.7,43.7987],[7.6733,43.7762],[7.5754,43.7929],[7.5587,43.787],[7.5561,43.7802],[7.5307,43.7842],[7.5182,43.8046],[7.5073,43.841],[7.4988,43.8466],[7.4953,43.855],[7.4953,43.8622],[7.5027,43.875],[7.5152,43.8838],[7.5381,43.8934],[7.5608,43.8979],[7.5631,43.9042],[7.5603,43.9152],[7.5719,43.9354],[7.5662,43.9437],[7.5885,43.9554],[7.6128,43.9566],[7.6495,43.9737],[7.6703,43.9982],[7.6625,44.0183],[7.6633,44.029],[7.694,44.04],[7.7029,44.0452],[7.7035,44.0516],[7.7117,44.0604],[7.7232,44.0606],[7.7379,44.0764],[7.7591,44.0839],[7.7329,44.0836],[7.718,44.1036],[7.723,44.1202],[7.7318,44.1277],[7.7638,44.1407],[7.7688,44.1402]]]}},{"type":"Feature","properties":{"SIGLA":"SV","DEN_PROV":"Savona","DEN_UTS":"Savona"},"geometry":{"type":"MultiPolygon","coordinates":[[[[8.2268,44.0267],[8.2295,44.0254],[8.2248,44.0246],[8.2253,44.0271],[8.2268,44.0267]]],[[[8.4448,44.2336],[8.4449,44.2336]]],[[[8.2763,44.5067],[8.2893,44.5032],[8.3048,44.5035],[8.3203,44.4892],[8.3492,44.4856],[8.3585,44.4649],[8.3724,44.4702],[8.3753,44.4743],[8.3884,44.477],[8.3979,44.4911],[8.4037,44.5074],[8.4203,44.5119],[8.4286,44.5025],[8.4421,44.503],[8.4495,44.4974],[8.4531,44.5099],[8.4707,44.5225],[8.4818,44.5108],[8.5159,44.5098],[8.5368,44.513],[8.5437,44.512],[8.5518,44.5035],[8.5762,44.5092],[8.5863,44.4979],[8.5949,44.4945],[8.6021,44.496],[8.5991,44.5],[8.6036,44.5057],[8.6137,44.5065],[8.6142,44.502],[8.6204,44.4999],[8.6327,44.5053],[8.6525,44.5039],[8.6591,44.4951],[8.6639,44.4677],[8.6705,44.4582],[8.6667,44.4502],[8.6504,44.4414],[8.6106,44.4369],[8.6075,44.4362],[8.606,44.4293],[8.587,44.4276],[8.5928,44.4151],[8.5939,44.4035],[8.5984,44.3988],[8.6332,44.3798],[8.624,44.3718],[8.5964,44.3618],[8.5714,44.3571],[8.5661,44.3527],[8.5706,44.3508],[8.5625,44.3462],[8.5501,44.3438],[8.5365,44.3345],[8.5023,44.326],[8.4889,44.3139],[8.4867,44.3078],[8.5012,44.3157],[8.4926,44.3064],[8.4622,44.2952],[8.4479,44.2852],[8.4404,44.2703],[8.444,44.2641],[8.4524,44.2637],[8.4539,44.2676],[8.4563,44.2584],[8.4391,44.2375],[8.4237,44.2301],[8.4161,44.2219],[8.4171,44.2056],[8.4226,44.1989],[8.4203,44.1919],[8.3991,44.1811],[8.3738,44.1783],[8.3255,44.1607],[8.2956,44.1537],[8.2696,44.1398],[8.2661,44.1327],[8.269,44.1323],[8.2492,44.1163],[8.2298,44.0882],[8.2253,44.0681],[8.2257,44.0432],[8.2079,44.0342],[8.1932,44.0222],[8.1923,44.0178],[8.1788,44.0113],[8.1631,43.9926],[8.1598,43.9738],[8.173,43.9595],[8.1737,43.9547],[8.1466,43.9497],[8.1388,43.9451],[8.1354,43.939],[8.126,43.939],[8.1233,43.955],[8.1038,43.9741],[8.077,43.9832],[8.0151,43.9808],[8.0013,43.9919],[8.0014,44.0012],[7.9801,44.013],[7.9777,44.0209],[7.9871,44.0307],[8.0058,44.0346],[8.0165,44.0449],[8.0298,44.0506],[8.0384,44.0642],[8.0374,44.0776],[8.0312,44.0947],[8.0216,44.0973],[8.0217,44.1078],[8.0181,44.1125],[8.0132,44.1109],[8.0028,44.1165],[8.0124,44.1195],[8.0105,44.1221],[7.9789,44.1335],[7.979,44.1376],[8.0118,44.1559],[8.0291,44.1538],[8.0429,44.1428],[8.0682,44.145],[8.0743,44.1506],[8.0807,44.1653],[8.0972,44.1787],[8.0917,44.1883],[8.0948,44.1973],[8.0654,44.2168],[8.0673,44.2255],[8.0811,44.24],[8.0631,44.2531],[8.0818,44.2625],[8.09,44.2739],[8.0771,44.2869],[8.0636,44.2883],[8.0608,44.2999],[8.076,44.314],[8.0845,44.3066],[8.102,44.3009],[8.1077,44.3127],[8.1064,44.3324],[8.1249,44.3331],[8.13,44.3305],[8.1343,44.3321],[8.145,44.3466],[8.1486,44.3548],[8.1408,44.3712],[8.1458,44.3732],[8.1484,44.3844],[8.1619,44.3858],[8.1707,44.3948],[8.18,44.3981],[8.1865,44.3953],[8.2064,44.4043],[8.2099,44.419],[8.2228,44.431],[8.209,44.4463],[8.2085,44.4569],[8.1965,44.4665],[8.1967,44.4784],[8.205,44.4775],[8.2229,44.4852],[8.2162,44.4973],[8.2242,44.5142],[8.2528,44.5287],[8.2698,44.5105],[8.2763,44.5067]]]]}},{"type":"Feature","properties":{"SIGLA":"GE","DEN_PROV":"Genova","DEN_UTS":"Genova"},"geometry":{"type":"MultiPolygon","coordinates":[[[[8.8772,44.4041],[8.9307,44.3913],[8.877,44.4041],[8.8772,44.4041]]],[[[8.8173,44.4139],[8.8803,44.3998],[8.8171,44.4139],[8.8173,44.4139]]],[[[8.8084,44.4216],[8.7951,44.412],[8.7697,44.4158],[8.7951,44.4122],[8.8087,44.4216],[8.8084,44.4216]]],[[[8.936,44.6764],[8.9595,44.676],[8.9725,44.6633],[9.0073,44.6682],[9.0147,44.6661],[9.039,44.6366],[9.047,44.6147],[9.058,44.6218],[9.0733,44.6243],[9.0846,44.6165],[9.0978,44.6138],[9.1045,44.6066],[9.1024,44.5929],[9.1099,44.5839],[9.1377,44.5739],[9.1526,44.5742],[9.1832,44.5913],[9.2026,44.5944],[9.2052,44.5995],[9.203,44.6135],[9.2448,44.6197],[9.2565,44.611],[9.2455,44.6012],[9.2466,44.5992],[9.2802,44.5962],[9.2851,44.599],[9.2875,44.6076],[9.3004,44.6078],[9.3363,44.582],[9.3467,44.5795],[9.3557,44.5845],[9.3642,44.5847],[9.3811,44.5767],[9.3894,44.5902],[9.3976,44.5876],[9.4026,44.5908],[9.4051,44.5998],[9.4213,44.5926],[9.4197,44.5771],[9.433,44.5712],[9.4503,44.5718],[9.4534,44.5621],[9.4696,44.5659],[9.4908,44.5589],[9.4933,44.5559],[9.4882,44.5456],[9.4995,44.5389],[9.5046,44.53],[9.501,44.5117],[9.496,44.5037],[9.4963,44.4839],[9.4823,44.4793],[9.4689,44.4819],[9.4706,44.472],[9.4523,44.4404],[9.4458,44.4384],[9.4396,44.4301],[9.4384,44.4204],[9.4425,44.4163],[9.4613,44.4229],[9.4723,44.4219],[9.4738,44.4128],[9.479,44.4093],[9.4657,44.4016],[9.4723,44.3946],[9.4722,44.3863],[9.4823,44.3808],[9.4894,44.3831],[9.4944,44.3779],[9.4961,44.3668],[9.5182,44.3552],[9.5051,44.3416],[9.4994,44.3268],[9.5198,44.3143],[9.5246,44.3063],[9.5545,44.2898],[9.5627,44.2775],[9.5735,44.2691],[9.5735,44.256],[9.5715,44.2534],[9.5559,44.2572],[9.5421,44.2561],[9.5326,44.251],[9.5248,44.241],[9.5233,44.2276],[9.5143,44.2262],[9.5158,44.2223],[9.5113,44.2167],[9.5035,44.2218],[9.495,44.2351],[9.4863,44.2396],[9.48,44.2406],[9.4725,44.2337],[9.452,44.2404],[9.4433,44.2386],[9.4326,44.2535],[9.4174,44.2598],[9.4034,44.2519],[9.3956,44.2675],[9.3863,44.27],[9.3924,44.2721],[9.3927,44.2778],[9.3771,44.2904],[9.3342,44.3099],[9.3222,44.311],[9.3045,44.3224],[9.2464,44.3409],[9.2353,44.3479],[9.2296,44.3479],[9.2328,44.3422],[9.2137,44.3336],[9.2159,44.3269],[9.2108,44.3083],[9.217,44.2986],[9.1523,44.3171],[9.1488,44.3246],[9.1544,44.3334],[9.1551,44.3476],[9.1378,44.3602],[9.0684,44.3779],[8.9991,44.3864],[8.9847,44.392],[8.9731,44.3895],[8.9313,44.3956],[8.9243,44.4062],[8.9276,44.41],[8.919,44.4135],[8.9134,44.413],[8.911,44.4079],[8.9186,44.4039],[8.9178,44.3982],[8.8852,44.4065],[8.8714,44.4052],[8.8219,44.415],[8.823,44.4178],[8.8397,44.4151],[8.85,44.4187],[8.8377,44.4228],[8.7769,44.4263],[8.7978,44.4222],[8.7967,44.4172],[8.7616,44.4261],[8.7436,44.427],[8.7241,44.4167],[8.6929,44.4083],[8.6865,44.4033],[8.6876,44.398],[8.68,44.3934],[8.6493,44.3899],[8.6334,44.3797],[8.6078,44.3916],[8.5939,44.4035],[8.5874,44.4283],[8.606,44.4293],[8.6075,44.4362],[8.6106,44.4369],[8.6504,44.4414],[8.6667,44.4502],[8.6705,44.4582],[8.6639,44.4677],[8.6612,44.4892],[8.6539,44.5037],[8.6327,44.5053],[8.6204,44.4999],[8.6142,44.502],[8.6137,44.5065],[8.6036,44.5057],[8.5991,44.5],[8.6021,44.496],[8.5949,44.4945],[8.5863,44.4979],[8.5762,44.5092],[8.5738,44.5233],[8.5867,44.5242],[8.5928,44.5352],[8.6059,44.5381],[8.6135,44.5455],[8.5989,44.5587],[8.6012,44.5682],[8.611,44.5705],[8.6252,44.5848],[8.6402,44.5791],[8.6676,44.5823],[8.6822,44.5755],[8.6881,44.5804],[8.721,44.5799],[8.7347,44.5663],[8.7428,44.5502],[8.7505,44.545],[8.7567,44.5361],[8.7558,44.5306],[8.7676,44.525],[8.7715,44.5078],[8.7669,44.492],[8.7697,44.4894],[8.7874,44.4897],[8.7886,44.4964],[8.7988,44.5001],[8.7949,44.5225],[8.7991,44.5301],[8.8081,44.5353],[8.8237,44.5382],[8.8288,44.5431],[8.8222,44.5502],[8.8266,44.5616],[8.8629,44.5606],[8.865,44.5659],[8.8686,44.5662],[8.8833,44.553],[8.8903,44.5506],[8.9175,44.5611],[8.9218,44.568],[8.9119,44.58],[8.9044,44.6206],[8.8845,44.6332],[8.8826,44.6387],[8.9088,44.6476],[8.9219,44.6636],[8.9218,44.6723],[8.9345,44.6764],[8.936,44.6764]]]]}},{"type":"Feature","properties":{"SIGLA":"SP","DEN_PROV":"La Spezia","DEN_UTS":"La Spezia"},"geometry":{"type":"MultiPolygon","coordinates":[[[[9.8514,44.0237],[9.8515,44.0239]]],[[[9.8484,44.029],[9.8537,44.0258],[9.849,44.0258],[9.8483,44.0291],[9.8484,44.029]]],[[[9.8535,44.0492],[9.8473,44.034],[9.8331,44.047],[9.8546,44.0512],[9.8535,44.0492]]],[[[9.7739,44.0776],[9.7738,44.0776]]],[[[9.5741,44.435],[9.5825,44.4285],[9.596,44.435],[9.6065,44.4333],[9.635,44.4151],[9.6545,44.4117],[9.663,44.4007],[9.6752,44.3645],[9.6823,44.3624],[9.6867,44.3659],[9.7063,44.3662],[9.7153,44.3573],[9.727,44.3313],[9.7533,44.3226],[9.7668,44.3038],[9.8064,44.2828],[9.8189,44.2839],[9.8527,44.2702],[9.8602,44.2524],[9.8599,44.2389],[9.857,44.234],[9.8754,44.2239],[9.8587,44.1949],[9.8649,44.1807],[9.8733,44.1952],[9.8919,44.2081],[9.9084,44.2095],[9.9145,44.1996],[9.934,44.1966],[9.9282,44.1956],[9.8929,44.1666],[9.8979,44.1636],[9.9218,44.17],[9.9337,44.1672],[9.9662,44.1692],[9.9733,44.1671],[9.9785,44.1613],[9.9764,44.1518],[9.9804,44.1451],[9.9773,44.1401],[9.983,44.126],[9.9931,44.1204],[9.9951,44.1157],[9.9941,44.1058],[9.9835,44.0989],[9.9934,44.0928],[10.0056,44.1109],[10.0186,44.1192],[10.0303,44.1188],[10.0444,44.1157],[10.06,44.1058],[10.0688,44.0983],[10.0689,44.09],[10.06,44.0794],[10.0324,44.0647],[10.0188,44.0445],[10.006,44.05],[9.9941,44.0506],[9.9771,44.0355],[9.9637,44.0374],[9.9233,44.0638],[9.9077,44.0693],[9.9098,44.0751],[9.9068,44.0814],[9.8811,44.0815],[9.8646,44.0927],[9.8508,44.1098],[9.8358,44.1101],[9.826,44.1031],[9.8262,44.1001],[9.8289,44.1005],[9.8213,44.0951],[9.8126,44.1008],[9.8351,44.0735],[9.8389,44.0649],[9.8459,44.0687],[9.8497,44.0614],[9.8327,44.049],[9.8174,44.0605],[9.8033,44.064],[9.7741,44.0769],[9.7731,44.0806],[9.7604,44.0838],[9.7539,44.0907],[9.7394,44.0917],[9.7233,44.1141],[9.674,44.1396],[9.655,44.1456],[9.6474,44.1451],[9.6338,44.134],[9.6064,44.158],[9.6056,44.1622],[9.6101,44.1667],[9.606,44.1716],[9.5906,44.173],[9.5784,44.1827],[9.5698,44.1819],[9.5666,44.1843],[9.5688,44.1913],[9.5528,44.2038],[9.5262,44.2091],[9.5113,44.2167],[9.5158,44.2223],[9.5143,44.2262],[9.5233,44.2276],[9.5248,44.241],[9.5326,44.251],[9.5421,44.2561],[9.5559,44.2572],[9.5715,44.2534],[9.5748,44.2643],[9.5715,44.2718],[9.5627,44.2775],[9.5538,44.2904],[9.5246,44.3063],[9.5198,44.3143],[9.4994,44.3268],[9.5051,44.3416],[9.5182,44.3552],[9.4961,44.3668],[9.4944,44.3779],[9.4894,44.3831],[9.4823,44.3808],[9.4738,44.3846],[9.4723,44.3946],[9.4657,44.4016],[9.481,44.4106],[9.4819,44.4171],[9.4928,44.4233],[9.529,44.4278],[9.5474,44.4268],[9.5507,44.428],[9.5548,44.438],[9.5585,44.4387],[9.5741,44.435]]]]}},{"type":"Feature","properties":{"SIGLA":"VA","DEN_PROV":"Varese","DEN_UTS":"Varese"},"geometry":{"type":"Polygon","coordinates":[[[8.7834,46.0939],[8.8004,46.0953],[8.8061,46.1009],[8.8153,46.0973],[8.8327,46.0835],[8.8521,46.0755],[8.8545,46.0616],[8.8443,46.0485],[8.8344,46.0513],[8.8305,46.0458],[8.8323,46.0405],[8.8197,46.0253],[8.8059,46.0216],[8.7931,46.008],[8.7859,45.989],[8.7976,45.9918],[8.8295,45.9881],[8.8776,45.9565],[8.8943,45.9585],[8.8987,45.9452],[8.8931,45.9313],[8.9055,45.9199],[8.9134,45.9175],[8.9234,45.9067],[8.9237,45.8984],[8.9322,45.8847],[8.9351,45.8701],[8.9393,45.8681],[8.9386,45.8634],[8.9148,45.8427],[8.907,45.8155],[8.8984,45.81],[8.9052,45.7903],[8.9034,45.781],[8.9066,45.7729],[8.9094,45.7686],[8.9146,45.7689],[8.9222,45.7584],[8.9408,45.7426],[8.9395,45.7372],[8.9477,45.7331],[8.9509,45.7255],[8.9515,45.7147],[8.9474,45.7078],[8.9402,45.7106],[8.9312,45.7065],[8.9319,45.6969],[8.9151,45.6887],[8.8935,45.6843],[8.894,45.6823],[8.9209,45.6674],[8.9319,45.6512],[8.9479,45.6609],[8.9663,45.6655],[8.9796,45.6786],[8.9852,45.6739],[8.9855,45.6698],[8.9842,45.6533],[8.9783,45.6482],[8.9812,45.6455],[8.9858,45.6491],[9.0386,45.6415],[9.0557,45.6465],[9.0566,45.6356],[9.0515,45.6333],[9.0527,45.6193],[9.0655,45.5926],[9.063,45.5804],[9.0423,45.5806],[9.0236,45.5884],[9.0228,45.5845],[9.0025,45.5737],[8.9835,45.5911],[8.9747,45.5867],[8.9703,45.5929],[8.9685,45.6065],[8.9759,45.6149],[8.9653,45.6301],[8.9566,45.6255],[8.9484,45.6387],[8.9406,45.6418],[8.9296,45.6346],[8.9335,45.6224],[8.9155,45.6074],[8.8726,45.5973],[8.8678,45.592],[8.8736,45.5821],[8.8704,45.5772],[8.837,45.5685],[8.8347,45.5779],[8.8283,45.5824],[8.8199,45.5832],[8.8119,45.5908],[8.8112,45.5956],[8.8146,45.5962],[8.7972,45.6024],[8.7887,45.6012],[8.7823,45.5865],[8.7764,45.5872],[8.7685,45.5829],[8.7646,45.5764],[8.7477,45.5723],[8.7495,45.5668],[8.7392,45.5602],[8.7296,45.5612],[8.7235,45.5692],[8.7189,45.5693],[8.7143,45.5622],[8.7069,45.5583],[8.7055,45.5692],[8.6933,45.5778],[8.7044,45.5883],[8.7031,45.6001],[8.7001,45.604],[8.6993,45.6017],[8.6921,45.6039],[8.6887,45.6078],[8.6911,45.6115],[8.6821,45.6203],[8.6631,45.622],[8.6589,45.6377],[8.6604,45.6419],[8.6657,45.6429],[8.6786,45.6336],[8.6882,45.637],[8.6847,45.6469],[8.6698,45.6614],[8.6711,45.6655],[8.682,45.6694],[8.6812,45.6764],[8.6409,45.6765],[8.6412,45.687],[8.6544,45.7079],[8.6488,45.7196],[8.6413,45.7235],[8.596,45.7289],[8.5829,45.7487],[8.5553,45.7755],[8.5523,45.7881],[8.5556,45.8],[8.5635,45.8072],[8.5781,45.8118],[8.5879,45.8189],[8.5952,45.8336],[8.5931,45.8504],[8.5705,45.8895],[8.5706,45.9],[8.5949,45.9225],[8.7264,46.018],[8.7285,46.0302],[8.7206,46.041],[8.7156,46.0623],[8.7053,46.0832],[8.7079,46.0908],[8.7246,46.1102],[8.7427,46.1221],[8.7571,46.1035],[8.781,46.0948],[8.7834,46.0939]]]}},{"type":"Feature","properties":{"SIGLA":"CO","DEN_PROV":"Como","DEN_UTS":"Como"},"geometry":{"type":"MultiPolygon","coordinates":[[[[8.9738,45.9835],[8.9773,45.9815],[8.9761,45.9625],[8.9579,45.9647],[8.9668,45.984],[8.9694,45.984],[8.9738,45.9835]]],[[[9.286,46.2382],[9.3343,46.2343],[9.3427,46.2314],[9.3581,46.2192],[9.3783,46.2122],[9.4002,46.2119],[9.4244,46.2217],[9.4408,46.2145],[9.4249,46.1888],[9.4242,46.1572],[9.4141,46.1369],[9.4102,46.1499],[9.3786,46.1521],[9.3619,46.1574],[9.3527,46.148],[9.3005,46.1259],[9.2923,46.1158],[9.2988,46.1052],[9.2897,46.0713],[9.2896,46.0593],[9.2648,46.0301],[9.2612,46.0089],[9.2646,46.0008],[9.2759,45.9954],[9.2846,45.9671],[9.2624,45.964],[9.2565,45.949],[9.2698,45.9485],[9.2765,45.9432],[9.2781,45.9376],[9.2701,45.9225],[9.278,45.9154],[9.2894,45.8932],[9.3027,45.8936],[9.3043,45.8994],[9.3124,45.9054],[9.3241,45.8958],[9.3154,45.8882],[9.3209,45.8796],[9.3319,45.8728],[9.3323,45.8646],[9.3202,45.8518],[9.3184,45.8457],[9.3004,45.8368],[9.2944,45.8282],[9.2863,45.824],[9.286,45.8179],[9.2904,45.8153],[9.2885,45.8096],[9.2613,45.7934],[9.2619,45.7808],[9.2503,45.7791],[9.2442,45.7673],[9.2463,45.762],[9.2558,45.757],[9.2567,45.751],[9.2454,45.7423],[9.232,45.7176],[9.2141,45.715],[9.2012,45.7068],[9.1951,45.6932],[9.1928,45.6677],[9.187,45.6621],[9.1638,45.673],[9.1498,45.6913],[9.1391,45.6948],[9.1218,45.6885],[9.1095,45.6917],[9.1039,45.6975],[9.0911,45.6862],[9.0659,45.684],[9.0624,45.6634],[9.0544,45.6501],[9.0557,45.6465],[9.0386,45.6415],[8.9858,45.6491],[8.9812,45.6455],[8.9783,45.6482],[8.9842,45.6533],[8.9855,45.6698],[8.9852,45.6739],[8.9796,45.6786],[8.9663,45.6655],[8.9479,45.6609],[8.9319,45.6512],[8.9209,45.6674],[8.9,45.6771],[8.8935,45.6843],[8.9082,45.6866],[8.9281,45.6948],[8.932,45.6971],[8.9312,45.7065],[8.9402,45.7106],[8.9474,45.7078],[8.9515,45.7147],[8.9477,45.7331],[8.9395,45.7372],[8.9408,45.7426],[8.9222,45.7584],[8.9146,45.7689],[8.9094,45.7686],[8.9034,45.781],[8.9052,45.7903],[8.8984,45.81],[8.907,45.8155],[8.9095,45.8296],[8.9293,45.8342],[8.9341,45.8394],[8.9495,45.8435],[8.9557,45.8425],[8.9703,45.8325],[8.9859,45.8379],[8.9954,45.8343],[8.9932,45.8236],[9.0148,45.8185],[9.0281,45.8211],[9.0327,45.8237],[9.0358,45.8408],[9.051,45.8551],[9.0485,45.8625],[9.0543,45.8723],[9.0666,45.8762],[9.0888,45.9007],[9.0801,45.9004],[9.0699,45.912],[9.0392,45.9267],[9.0194,45.9286],[9.0141,45.9602],[8.9888,45.9706],[9.0283,45.9937],[9.0223,46.0165],[9.0091,46.0272],[9.0089,46.0362],[9.0238,46.0526],[9.0478,46.0617],[9.0734,46.0626],[9.0779,46.0653],[9.0784,46.0749],[9.0898,46.0885],[9.0716,46.1195],[9.1191,46.1351],[9.1372,46.1542],[9.1544,46.1616],[9.1604,46.1709],[9.1835,46.1716],[9.1935,46.1799],[9.2015,46.209],[9.2182,46.2147],[9.2213,46.2299],[9.2348,46.2338],[9.2593,46.2328],[9.2722,46.2384],[9.286,46.2382]]]]}},{"type":"Feature","properties":{"SIGLA":"SO","DEN_PROV":"Sondrio","DEN_UTS":"Sondrio"},"geometry":{"type":"Polygon","coordinates":[[[10.2518,46.6161],[10.2564,46.6085],[10.2416,46.5915],[10.244,46.5784],[10.2535,46.5718],[10.2711,46.5765],[10.2823,46.5715],[10.2943,46.5601],[10.2957,46.5504],[10.3124,46.5469],[10.3251,46.5515],[10.3382,46.543],[10.348,46.5484],[10.3522,46.5556],[10.3663,46.5549],[10.3976,46.5439],[10.4193,46.5511],[10.4356,46.5388],[10.4531,46.5306],[10.4579,46.5106],[10.4778,46.4952],[10.4845,46.4936],[10.497,46.4974],[10.5429,46.4921],[10.555,46.489],[10.5761,46.4743],[10.5998,46.4688],[10.6218,46.448],[10.6166,46.4436],[10.6192,46.4369],[10.6165,46.43],[10.6179,46.4174],[10.631,46.4023],[10.6108,46.3873],[10.606,46.3792],[10.567,46.3779],[10.542,46.3609],[10.5439,46.3589],[10.541,46.3552],[10.5195,46.3558],[10.5118,46.3347],[10.4981,46.3348],[10.4868,46.3466],[10.4662,46.3548],[10.4393,46.3399],[10.4197,46.3337],[10.3718,46.294],[10.3285,46.2871],[10.3211,46.282],[10.3153,46.2762],[10.3149,46.2592],[10.3009,46.2496],[10.2974,46.2423],[10.2947,46.2237],[10.2807,46.2146],[10.258,46.2044],[10.229,46.1993],[10.225,46.1865],[10.1803,46.1783],[10.1746,46.1652],[10.1596,46.159],[10.1718,46.1362],[10.1646,46.1069],[10.172,46.1029],[10.1829,46.0824],[10.1696,46.057],[10.1217,46.0593],[10.1013,46.0509],[10.0922,46.0615],[10.0927,46.0683],[10.104,46.083],[10.1008,46.0899],[10.0604,46.0892],[10.0557,46.0855],[10.0445,46.0848],[10.0248,46.0873],[10.0121,46.0817],[10.0111,46.0726],[9.9947,46.0754],[9.9821,46.0656],[9.9467,46.0665],[9.91,46.0577],[9.9065,46.0541],[9.9081,46.0464],[9.8833,46.0459],[9.8723,46.0512],[9.8383,46.0442],[9.8309,46.0481],[9.7891,46.0557],[9.7664,46.0644],[9.7451,46.0629],[9.7376,46.0582],[9.7207,46.0639],[9.7097,46.064],[9.7044,46.0573],[9.6873,46.0556],[9.6696,46.0607],[9.6435,46.06],[9.6339,46.0469],[9.6172,46.0473],[9.6048,46.0437],[9.6001,46.0312],[9.5785,46.0211],[9.5605,46.023],[9.5458,46.0136],[9.5269,46.0115],[9.5222,46.0312],[9.5059,46.0435],[9.504,46.0494],[9.5098,46.0625],[9.4967,46.069],[9.4413,46.0822],[9.415,46.0948],[9.4141,46.1369],[9.4242,46.1572],[9.4249,46.1888],[9.4408,46.2145],[9.4244,46.2217],[9.4002,46.2119],[9.3783,46.2122],[9.3581,46.2192],[9.3427,46.2314],[9.3343,46.2343],[9.2722,46.2384],[9.2593,46.2328],[9.2476,46.2336],[9.2494,46.2545],[9.2546,46.2688],[9.274,46.2912],[9.2845,46.2969],[9.2821,46.3083],[9.2991,46.326],[9.2917,46.3366],[9.2992,46.3438],[9.2923,46.3562],[9.2815,46.3589],[9.2767,46.3694],[9.2819,46.3873],[9.2756,46.3955],[9.2812,46.4006],[9.2808,46.4102],[9.2761,46.4174],[9.2628,46.422],[9.2487,46.4318],[9.2477,46.4472],[9.2656,46.4515],[9.2778,46.4616],[9.2738,46.4701],[9.2749,46.4808],[9.2824,46.4967],[9.3109,46.5045],[9.3521,46.5052],[9.362,46.5097],[9.3723,46.5037],[9.3737,46.4998],[9.3684,46.4949],[9.3708,46.4897],[9.3898,46.4738],[9.4103,46.4665],[9.4209,46.4744],[9.4248,46.4895],[9.4328,46.4968],[9.4516,46.5002],[9.4533,46.5049],[9.4609,46.5074],[9.4593,46.4849],[9.4497,46.4838],[9.4495,46.4804],[9.4615,46.4802],[9.4635,46.4704],[9.4574,46.4632],[9.4585,46.4414],[9.4537,46.4222],[9.4669,46.3981],[9.4677,46.3879],[9.4616,46.3763],[9.496,46.364],[9.5083,46.35],[9.5115,46.3389],[9.5212,46.3251],[9.5494,46.3023],[9.5614,46.3045],[9.5794,46.2952],[9.6099,46.2945],[9.6209,46.2878],[9.6351,46.2862],[9.6722,46.301],[9.704,46.2909],[9.7137,46.2927],[9.7178,46.3052],[9.7259,46.3137],[9.7261,46.3192],[9.7221,46.3211],[9.7207,46.3276],[9.7271,46.3335],[9.7233,46.3407],[9.7373,46.3507],[9.7436,46.3515],[9.7647,46.3378],[9.7775,46.335],[9.8217,46.3516],[9.8377,46.3613],[9.8705,46.363],[9.9064,46.3809],[9.9254,46.366],[9.9309,46.368],[9.9298,46.3717],[9.9335,46.3745],[9.9529,46.3794],[9.9586,46.3781],[9.9554,46.3737],[9.9659,46.3628],[9.9835,46.3537],[9.9964,46.3509],[9.994,46.3414],[9.9862,46.3347],[9.9808,46.3236],[9.997,46.314],[10.0009,46.3027],[9.9933,46.2975],[9.9961,46.2848],[10.0363,46.2742],[10.0558,46.2637],[10.0599,46.2475],[10.0454,46.2292],[10.0708,46.2171],[10.0831,46.2264],[10.0903,46.228],[10.124,46.2242],[10.1423,46.229],[10.1509,46.2397],[10.1765,46.2583],[10.1498,46.2944],[10.1139,46.3194],[10.1061,46.3314],[10.1062,46.3409],[10.1113,46.353],[10.1289,46.3633],[10.1261,46.3712],[10.1286,46.3784],[10.1421,46.3861],[10.1617,46.3875],[10.1639,46.3909],[10.1624,46.4045],[10.1656,46.407],[10.1606,46.4158],[10.153,46.4143],[10.1483,46.4169],[10.1431,46.4277],[10.1309,46.4315],[10.1013,46.4229],[10.0796,46.4211],[10.0798,46.4242],[10.0605,46.4282],[10.0552,46.4405],[10.0405,46.4441],[10.0439,46.4548],[10.0534,46.4631],[10.0444,46.4834],[10.0468,46.5106],[10.0517,46.514],[10.054,46.5209],[10.0525,46.5304],[10.0436,46.5378],[10.0492,46.5439],[10.0597,46.5456],[10.0831,46.5641],[10.0851,46.5676],[10.0794,46.5749],[10.0921,46.5768],[10.1011,46.5828],[10.0981,46.5967],[10.1022,46.6108],[10.1302,46.6056],[10.1906,46.6261],[10.2096,46.6201],[10.2192,46.6218],[10.223,46.6283],[10.2391,46.6352],[10.2434,46.6238],[10.2518,46.6161]]]}},{"type":"Feature","properties":{"SIGLA":"MI","DEN_PROV":"Milano","DEN_UTS":"Milano"},"geometry":{"type":"MultiPolygon","coordinates":[[[[9.4737,45.2004],[9.4855,45.1918],[9.5163,45.1859],[9.5252,45.1777],[9.5316,45.1654],[9.4783,45.1615],[9.4775,45.1657],[9.469,45.1686],[9.4568,45.1833],[9.4385,45.1876],[9.4576,45.1926],[9.4736,45.2023],[9.4737,45.2004]]],[[[8.9443,45.6409],[8.9537,45.6332],[8.9566,45.6255],[8.9653,45.6301],[8.9759,45.6149],[8.9685,45.6065],[8.9714,45.5904],[8.9747,45.5867],[8.9835,45.5911],[9.0025,45.5737],[9.0228,45.5845],[9.0236,45.5884],[9.0423,45.5806],[9.063,45.5804],[9.0655,45.5926],[9.0577,45.6128],[9.0532,45.6152],[9.0529,45.6232],[9.0981,45.6221],[9.1086,45.619],[9.0973,45.6024],[9.1006,45.5936],[9.094,45.591],[9.0995,45.5886],[9.1441,45.5838],[9.1509,45.5885],[9.1707,45.5929],[9.1771,45.5855],[9.2006,45.5766],[9.2182,45.5785],[9.235,45.5634],[9.2426,45.5634],[9.2572,45.5543],[9.2681,45.5535],[9.2776,45.5448],[9.3049,45.5366],[9.3255,45.54],[9.322,45.5569],[9.327,45.5619],[9.359,45.5558],[9.3862,45.5571],[9.3999,45.5718],[9.4347,45.5836],[9.4458,45.5919],[9.479,45.5958],[9.4836,45.6116],[9.4822,45.6174],[9.4954,45.629],[9.4903,45.6347],[9.4959,45.6397],[9.4955,45.6325],[9.5205,45.6206],[9.5385,45.5837],[9.525,45.5587],[9.5263,45.5442],[9.5303,45.536],[9.5451,45.5245],[9.5503,45.5241],[9.5515,45.519],[9.5412,45.5015],[9.5179,45.5081],[9.5194,45.5011],[9.5142,45.5014],[9.5036,45.4926],[9.4936,45.4785],[9.4916,45.465],[9.4839,45.4487],[9.4679,45.4501],[9.4561,45.4627],[9.4584,45.467],[9.4359,45.4699],[9.4317,45.4669],[9.4316,45.4604],[9.4176,45.4504],[9.4119,45.434],[9.4206,45.4302],[9.4254,45.4206],[9.4111,45.4068],[9.408,45.3968],[9.4009,45.3947],[9.3968,45.3984],[9.3852,45.3993],[9.3757,45.3872],[9.3782,45.3689],[9.3636,45.3657],[9.353,45.3677],[9.3537,45.3631],[9.3593,45.3588],[9.3624,45.3462],[9.3575,45.3431],[9.3806,45.3188],[9.3874,45.3199],[9.3927,45.3165],[9.3875,45.3128],[9.3796,45.3133],[9.3783,45.3092],[9.3834,45.307],[9.3797,45.303],[9.369,45.3032],[9.3618,45.3174],[9.3526,45.3188],[9.3316,45.3122],[9.3181,45.3243],[9.2871,45.3308],[9.2735,45.3246],[9.2476,45.3253],[9.2298,45.3297],[9.2192,45.3259],[9.2048,45.3337],[9.2018,45.3324],[9.1966,45.317],[9.1821,45.3107],[9.1937,45.295],[9.2008,45.2911],[9.1876,45.2922],[9.1783,45.2992],[9.1513,45.2988],[9.1403,45.3099],[9.0809,45.303],[9.0755,45.308],[9.0815,45.3158],[9.0697,45.3144],[9.0719,45.3064],[9.0412,45.3029],[9.0304,45.2961],[9.025,45.305],[9.0287,45.307],[9.0364,45.3032],[9.0341,45.3101],[9.0192,45.3245],[8.9974,45.3186],[8.9917,45.3228],[8.9883,45.3216],[8.9954,45.3087],[8.9963,45.2966],[9.0152,45.2911],[9.0191,45.2818],[9.0143,45.2755],[9.007,45.2781],[8.9933,45.2708],[8.9913,45.2667],[8.9829,45.265],[8.9738,45.2747],[8.9446,45.2915],[8.942,45.316],[8.933,45.3197],[8.921,45.319],[8.9112,45.3236],[8.906,45.3268],[8.9108,45.3306],[8.9098,45.3329],[8.8659,45.3443],[8.8664,45.3547],[8.8625,45.3606],[8.8505,45.3668],[8.8479,45.372],[8.8476,45.3903],[8.8219,45.4268],[8.8258,45.4339],[8.8143,45.4336],[8.8101,45.446],[8.7893,45.4656],[8.7908,45.4787],[8.7875,45.4862],[8.7735,45.4847],[8.7604,45.4968],[8.7385,45.4985],[8.7235,45.5053],[8.7123,45.522],[8.7169,45.5343],[8.7091,45.5439],[8.7061,45.5536],[8.7069,45.5583],[8.7143,45.5622],[8.7189,45.5693],[8.7235,45.5692],[8.7302,45.561],[8.7381,45.5599],[8.7454,45.5634],[8.7495,45.5668],[8.7477,45.5723],[8.7646,45.5764],[8.7685,45.5829],[8.7764,45.5872],[8.7823,45.5865],[8.7887,45.6012],[8.8046,45.6017],[8.811,45.599],[8.8146,45.5962],[8.8112,45.5956],[8.8119,45.5908],[8.8199,45.5832],[8.8283,45.5824],[8.8347,45.5779],[8.837,45.5685],[8.8704,45.5772],[8.8736,45.5821],[8.8678,45.592],[8.8726,45.5973],[8.9155,45.6074],[8.9335,45.6224],[8.9296,45.6346],[8.9406,45.6418],[8.9443,45.6409]]]]}},{"type":"Feature","properties":{"SIGLA":"BG","DEN_PROV":"Bergamo","DEN_UTS":"Bergamo"},"geometry":{"type":"Polygon","coordinates":[[[10.1008,46.0899],[10.104,46.083],[10.0927,46.0683],[10.0922,46.0615],[10.1013,46.0509],[10.1217,46.0593],[10.1347,46.0601],[10.1467,46.0562],[10.1696,46.057],[10.1758,46.0516],[10.1927,46.0516],[10.2039,46.0457],[10.2158,46.0528],[10.2249,46.0486],[10.2264,46.0409],[10.2334,46.0348],[10.2492,46.0358],[10.2622,46.0208],[10.2613,46.0171],[10.2501,46.0111],[10.2062,46.0074],[10.1977,46.004],[10.1927,46.0008],[10.1888,45.9915],[10.1762,45.9846],[10.1781,45.9742],[10.1252,45.9585],[10.1185,45.9532],[10.1145,45.9378],[10.0926,45.9242],[10.098,45.9121],[10.0964,45.9074],[10.1084,45.8871],[10.1471,45.8672],[10.1498,45.8631],[10.1437,45.8504],[10.1214,45.836],[10.1081,45.8155],[10.1008,45.8093],[10.0727,45.7983],[10.0574,45.7762],[10.0552,45.7619],[10.0663,45.7407],[10.0591,45.7088],[10.0653,45.6915],[10.0632,45.6828],[10.0444,45.6749],[9.9998,45.6721],[9.9649,45.6639],[9.9532,45.6672],[9.9414,45.6648],[9.9312,45.6472],[9.9173,45.6506],[9.9167,45.645],[9.8916,45.6044],[9.8874,45.6027],[9.8755,45.6097],[9.8506,45.6032],[9.8491,45.5988],[9.8541,45.5943],[9.855,45.5841],[9.8446,45.5836],[9.8418,45.5794],[9.8423,45.5626],[9.8368,45.5552],[9.8366,45.5492],[9.8515,45.5407],[9.8647,45.4996],[9.8822,45.4736],[9.8871,45.4725],[9.8903,45.4668],[9.8922,45.4597],[9.8876,45.4448],[9.8896,45.4273],[9.8735,45.4332],[9.8632,45.4315],[9.8578,45.4342],[9.8465,45.4521],[9.8383,45.45],[9.823,45.4556],[9.8142,45.453],[9.8241,45.4462],[9.811,45.4386],[9.8074,45.4253],[9.7748,45.4295],[9.7687,45.4337],[9.7703,45.4393],[9.7627,45.4557],[9.7533,45.4557],[9.7462,45.4682],[9.7152,45.4827],[9.7083,45.4823],[9.7054,45.4788],[9.6983,45.4645],[9.6898,45.4584],[9.6834,45.4412],[9.663,45.4375],[9.6552,45.4492],[9.6435,45.4577],[9.62,45.4559],[9.6076,45.4714],[9.5995,45.4743],[9.5892,45.4737],[9.5756,45.4602],[9.548,45.4611],[9.5427,45.4781],[9.5441,45.4874],[9.5265,45.4975],[9.5178,45.5069],[9.5412,45.5015],[9.5515,45.519],[9.5503,45.5241],[9.5451,45.5245],[9.5303,45.536],[9.5263,45.5442],[9.525,45.5587],[9.5385,45.5837],[9.5205,45.6206],[9.4955,45.6325],[9.4951,45.6484],[9.4884,45.6559],[9.4852,45.6674],[9.4707,45.6699],[9.451,45.6844],[9.4597,45.7023],[9.4518,45.7125],[9.4458,45.7332],[9.4571,45.747],[9.4464,45.7599],[9.4605,45.7606],[9.4706,45.7681],[9.4511,45.7816],[9.4503,45.7859],[9.4572,45.7882],[9.4687,45.7819],[9.4774,45.7847],[9.4816,45.7933],[9.4904,45.7922],[9.4963,45.7952],[9.4943,45.8038],[9.4755,45.8201],[9.4723,45.8325],[9.474,45.8381],[9.4669,45.8505],[9.4708,45.8592],[9.4857,45.8616],[9.4924,45.8669],[9.524,45.8703],[9.5141,45.8806],[9.5123,45.8899],[9.505,45.8977],[9.528,45.9174],[9.5291,45.9265],[9.5409,45.9442],[9.5362,45.9567],[9.5216,45.9649],[9.5031,45.9672],[9.495,45.9982],[9.4861,46.003],[9.4892,46.0104],[9.5458,46.0136],[9.5605,46.023],[9.5785,46.0211],[9.6001,46.0312],[9.6048,46.0437],[9.6172,46.0473],[9.6339,46.0469],[9.6435,46.06],[9.6696,46.0607],[9.6873,46.0556],[9.7044,46.0573],[9.7097,46.064],[9.7207,46.0639],[9.7376,46.0582],[9.7451,46.0629],[9.7664,46.0644],[9.7891,46.0557],[9.8309,46.0481],[9.8383,46.0442],[9.8723,46.0512],[9.8833,46.0459],[9.9081,46.0464],[9.9065,46.0541],[9.91,46.0577],[9.9467,46.0665],[9.9821,46.0656],[9.9947,46.0754],[10.0111,46.0726],[10.0121,46.0817],[10.0185,46.086],[10.0543,46.0852],[10.0604,46.0892],[10.0959,46.0913],[10.1008,46.0899]]]}},{"type":"Feature","properties":{"SIGLA":"BS","DEN_PROV":"Brescia","DEN_UTS":"Brescia"},"geometry":{"type":"Polygon","coordinates":[[[10.4717,46.3545],[10.4868,46.3466],[10.4981,46.3348],[10.5118,46.3347],[10.5157,46.3432],[10.521,46.3435],[10.563,46.3273],[10.5645,46.3136],[10.5756,46.3056],[10.5796,46.2988],[10.5605,46.2845],[10.5763,46.2727],[10.5851,46.2487],[10.5812,46.24],[10.5682,46.2337],[10.5705,46.2219],[10.5508,46.2068],[10.5454,46.1943],[10.5437,46.1874],[10.5546,46.1803],[10.5654,46.1668],[10.5481,46.1462],[10.5507,46.1237],[10.5479,46.1156],[10.5362,46.0981],[10.5224,46.0887],[10.5142,46.0786],[10.4909,46.0668],[10.483,46.0572],[10.4844,46.024],[10.482,46.0212],[10.4715,46.0214],[10.4625,46.0149],[10.4573,46.0091],[10.4534,45.9911],[10.4534,45.9765],[10.4762,45.9705],[10.4866,45.9712],[10.4894,45.9638],[10.4833,45.9505],[10.4847,45.9454],[10.4891,45.9424],[10.4916,45.934],[10.5086,45.9236],[10.5108,45.9156],[10.5077,45.9053],[10.4959,45.8997],[10.4901,45.8871],[10.4911,45.8823],[10.5037,45.8736],[10.5016,45.8609],[10.5066,45.8424],[10.5028,45.8297],[10.5081,45.8239],[10.5284,45.8266],[10.5433,45.8184],[10.5431,45.8149],[10.5318,45.8094],[10.533,45.788],[10.5537,45.7839],[10.5747,45.787],[10.5891,45.7979],[10.6117,45.8053],[10.6327,45.8065],[10.6417,45.8021],[10.6507,45.8122],[10.6561,45.8323],[10.6771,45.8309],[10.6956,45.8399],[10.7114,45.8361],[10.7356,45.8427],[10.7485,45.8379],[10.7564,45.83],[10.7631,45.84],[10.7772,45.843],[10.7912,45.8335],[10.8259,45.8377],[10.8402,45.8328],[10.8325,45.8156],[10.8147,45.804],[10.772,45.7508],[10.7056,45.6764],[10.6279,45.6069],[10.643,45.4576],[10.6477,45.4485],[10.6443,45.4449],[10.6229,45.4421],[10.6246,45.4383],[10.6403,45.4435],[10.6468,45.441],[10.6474,45.4238],[10.6436,45.418],[10.6546,45.4158],[10.6554,45.4116],[10.6477,45.4088],[10.6426,45.3904],[10.6344,45.3849],[10.6119,45.3827],[10.5987,45.3871],[10.5798,45.3817],[10.5671,45.386],[10.5481,45.3858],[10.5114,45.4123],[10.4534,45.4163],[10.467,45.4066],[10.452,45.3848],[10.4596,45.3786],[10.4685,45.3594],[10.4693,45.3379],[10.4659,45.3263],[10.4472,45.3271],[10.4464,45.3207],[10.4285,45.3204],[10.4247,45.2979],[10.4078,45.2927],[10.3976,45.2842],[10.3928,45.2755],[10.3936,45.2525],[10.3963,45.2498],[10.3936,45.2456],[10.3835,45.2485],[10.3805,45.2477],[10.3784,45.2409],[10.3723,45.2408],[10.362,45.2461],[10.3578,45.2405],[10.3617,45.2321],[10.3572,45.231],[10.3611,45.2159],[10.349,45.2126],[10.3432,45.2064],[10.3369,45.2049],[10.3177,45.2047],[10.317,45.2162],[10.3042,45.224],[10.2841,45.2278],[10.2694,45.2417],[10.2663,45.2508],[10.2556,45.2531],[10.2506,45.2529],[10.2464,45.243],[10.2235,45.2403],[10.2222,45.2292],[10.2168,45.2259],[10.1938,45.2309],[10.176,45.24],[10.1507,45.2409],[10.0997,45.2499],[10.0871,45.2587],[10.0839,45.2696],[10.0721,45.2707],[10.0495,45.2804],[10.0291,45.2774],[10.024,45.2814],[10.0055,45.286],[9.9961,45.2903],[9.9729,45.3095],[9.9392,45.3219],[9.9224,45.3353],[9.8987,45.338],[9.8877,45.3504],[9.8863,45.3594],[9.8917,45.4127],[9.8876,45.4448],[9.8922,45.4613],[9.8871,45.4725],[9.8822,45.4736],[9.8647,45.4996],[9.8515,45.5407],[9.8366,45.5492],[9.8368,45.5552],[9.8423,45.5626],[9.8418,45.5794],[9.8446,45.5836],[9.855,45.5841],[9.8541,45.5943],[9.8491,45.5988],[9.8506,45.6032],[9.8755,45.6097],[9.8874,45.6027],[9.8916,45.6044],[9.9167,45.645],[9.9173,45.6506],[9.9312,45.6472],[9.9414,45.6648],[9.9532,45.6672],[9.9649,45.6639],[9.9998,45.6721],[10.0444,45.6749],[10.0632,45.6828],[10.0653,45.6915],[10.0591,45.7088],[10.0663,45.7407],[10.0552,45.7619],[10.0574,45.7762],[10.0727,45.7983],[10.1008,45.8093],[10.1081,45.8155],[10.1214,45.836],[10.1437,45.8504],[10.1498,45.8631],[10.1471,45.8672],[10.1084,45.8871],[10.0964,45.9074],[10.098,45.9121],[10.0926,45.9242],[10.1145,45.9378],[10.1185,45.9532],[10.1252,45.9585],[10.1781,45.9742],[10.1762,45.9846],[10.1888,45.9915],[10.1927,46.0008],[10.1977,46.004],[10.2062,46.0074],[10.2501,46.0111],[10.2613,46.0171],[10.2622,46.0208],[10.2492,46.0358],[10.2334,46.0348],[10.2264,46.0409],[10.2249,46.0486],[10.2158,46.0528],[10.2039,46.0457],[10.1927,46.0516],[10.1758,46.0516],[10.1703,46.0546],[10.1754,46.0708],[10.1829,46.0824],[10.172,46.1029],[10.1646,46.1069],[10.1718,46.1362],[10.1634,46.1479],[10.1597,46.1596],[10.1746,46.1652],[10.1803,46.1783],[10.225,46.1865],[10.229,46.1993],[10.258,46.2044],[10.2947,46.2237],[10.3009,46.2496],[10.3149,46.2592],[10.3154,46.2765],[10.3285,46.2871],[10.3718,46.294],[10.4197,46.3337],[10.4706,46.3548],[10.4717,46.3545]]]}},{"type":"Feature","properties":{"SIGLA":"PV","DEN_PROV":"Pavia","DEN_UTS":"Pavia"},"geometry":{"type":"MultiPolygon","coordinates":[[[[8.8143,45.0174],[8.81,45.0191],[8.8164,45.0223],[8.8163,45.0184],[8.8143,45.0174]]],[[[8.7064,45.0136],[8.7033,45.0145],[8.7054,45.0245],[8.7064,45.0139],[8.7064,45.0136]]],[[[8.8476,45.3903],[8.8479,45.372],[8.8505,45.3668],[8.8625,45.3606],[8.8664,45.3547],[8.8659,45.3443],[8.9098,45.3329],[8.9108,45.3306],[8.906,45.3268],[8.9112,45.3236],[8.921,45.319],[8.9323,45.3198],[8.942,45.316],[8.9446,45.2915],[8.9738,45.2747],[8.9829,45.265],[8.9913,45.2667],[8.9933,45.2708],[9.007,45.2781],[9.0143,45.2755],[9.0191,45.2818],[9.0152,45.2911],[8.9963,45.2966],[8.9954,45.3087],[8.9883,45.3216],[8.9917,45.3228],[8.9974,45.3186],[9.0192,45.3245],[9.0341,45.3101],[9.0364,45.3032],[9.0287,45.307],[9.025,45.305],[9.0304,45.2961],[9.0412,45.3029],[9.0719,45.3064],[9.0697,45.3144],[9.0815,45.3158],[9.0755,45.308],[9.0809,45.303],[9.1403,45.3099],[9.1513,45.2988],[9.1783,45.2992],[9.1876,45.2922],[9.1986,45.2908],[9.2008,45.2911],[9.1937,45.295],[9.1821,45.3107],[9.1966,45.317],[9.2018,45.3324],[9.2048,45.3337],[9.2192,45.3259],[9.2298,45.3297],[9.2476,45.3253],[9.2735,45.3246],[9.2871,45.3308],[9.3181,45.3243],[9.3316,45.3122],[9.338,45.3146],[9.3346,45.3051],[9.3544,45.3015],[9.3576,45.2926],[9.343,45.2912],[9.3301,45.2982],[9.3229,45.2927],[9.3294,45.2883],[9.333,45.277],[9.3415,45.2713],[9.325,45.2688],[9.3108,45.2531],[9.3114,45.2476],[9.3217,45.244],[9.3279,45.2497],[9.358,45.2387],[9.3593,45.2456],[9.348,45.246],[9.3537,45.2493],[9.3681,45.2454],[9.3811,45.2302],[9.3909,45.2317],[9.3919,45.227],[9.3873,45.224],[9.398,45.217],[9.4028,45.2014],[9.4172,45.2059],[9.4257,45.1974],[9.4302,45.1987],[9.4331,45.1936],[9.4277,45.1882],[9.4296,45.1845],[9.4385,45.1876],[9.4568,45.1833],[9.469,45.1686],[9.4775,45.1657],[9.4783,45.1615],[9.5316,45.1654],[9.5311,45.1619],[9.5442,45.1532],[9.5429,45.1371],[9.5487,45.1327],[9.5387,45.1289],[9.5358,45.1215],[9.5511,45.0942],[9.5474,45.0866],[9.539,45.081],[9.5281,45.0787],[9.5077,45.1002],[9.4978,45.1039],[9.4714,45.0955],[9.4391,45.092],[9.4356,45.0818],[9.4108,45.0828],[9.4126,45.0789],[9.4064,45.0732],[9.3722,45.0503],[9.3712,45.0456],[9.3756,45.0404],[9.3703,45.0287],[9.3702,45.0233],[9.3743,45.0204],[9.3703,45.0117],[9.3651,45.0024],[9.3532,45.001],[9.3437,44.9925],[9.3365,44.9779],[9.3353,44.9681],[9.3251,44.9566],[9.3215,44.944],[9.3145,44.9368],[9.285,44.9318],[9.293,44.9205],[9.281,44.896],[9.2928,44.8903],[9.2899,44.8824],[9.3072,44.8761],[9.3168,44.8777],[9.3424,44.8673],[9.3503,44.837],[9.3631,44.8224],[9.3545,44.8123],[9.3233,44.7992],[9.3179,44.7862],[9.2885,44.7737],[9.2847,44.7671],[9.2882,44.7574],[9.3212,44.7434],[9.3317,44.7353],[9.3286,44.7265],[9.3172,44.7195],[9.3084,44.7051],[9.3154,44.6974],[9.3262,44.6938],[9.3246,44.69],[9.3097,44.688],[9.2966,44.6808],[9.2855,44.6799],[9.2858,44.6845],[9.2786,44.6856],[9.266,44.684],[9.2595,44.6799],[9.2543,44.6921],[9.2351,44.7164],[9.2323,44.7033],[9.2421,44.6875],[9.2238,44.6834],[9.2003,44.6864],[9.2072,44.7055],[9.2028,44.7221],[9.211,44.7345],[9.2136,44.7523],[9.1942,44.7568],[9.1717,44.7717],[9.1735,44.7961],[9.1551,44.8094],[9.1555,44.815],[9.1467,44.809],[9.1261,44.8062],[9.1158,44.8073],[9.0951,44.819],[9.0799,44.8142],[9.0726,44.8171],[9.075,44.823],[9.0729,44.828],[9.0645,44.8331],[9.0497,44.8501],[9.0676,44.8601],[9.0701,44.8647],[9.0552,44.8889],[9.0422,44.8845],[9.0299,44.8905],[9.02,44.9002],[9.0062,44.9037],[9.0013,44.9082],[8.9983,44.9179],[8.9882,44.9309],[8.9706,44.9432],[8.9717,44.9539],[8.976,44.9535],[8.9783,44.9568],[8.9776,44.966],[8.9585,44.9875],[8.9445,44.9871],[8.9382,44.982],[8.9278,44.9823],[8.9169,44.9881],[8.9013,45.0078],[8.9047,45.0266],[8.9,45.044],[8.8927,45.05],[8.8857,45.0506],[8.8811,45.0541],[8.8841,45.0563],[8.8793,45.059],[8.8637,45.0482],[8.8586,45.0508],[8.8489,45.0497],[8.838,45.0442],[8.8254,45.044],[8.8099,45.0343],[8.7962,45.0358],[8.7944,45.0326],[8.8027,45.0273],[8.801,45.0232],[8.7921,45.0198],[8.7777,45.0237],[8.7757,45.0202],[8.7787,45.0132],[8.7713,45.0067],[8.7617,45.0121],[8.7479,45.0091],[8.7482,45.0132],[8.7541,45.0153],[8.751,45.0204],[8.7438,45.0237],[8.728,45.0228],[8.7101,45.0383],[8.705,45.0371],[8.7008,45.0265],[8.695,45.0232],[8.6817,45.0288],[8.6729,45.0279],[8.6668,45.0245],[8.6654,45.0201],[8.6568,45.0193],[8.652,45.0237],[8.657,45.0279],[8.6526,45.0343],[8.6347,45.041],[8.647,45.0555],[8.6411,45.0641],[8.6423,45.072],[8.6366,45.0838],[8.6224,45.0923],[8.6207,45.0986],[8.6087,45.1076],[8.6109,45.1276],[8.5945,45.1308],[8.5882,45.1366],[8.5865,45.1467],[8.5807,45.1523],[8.5567,45.1577],[8.5535,45.167],[8.543,45.173],[8.5455,45.1829],[8.5624,45.1945],[8.5812,45.2022],[8.5778,45.2079],[8.556,45.2049],[8.5506,45.2012],[8.5523,45.1964],[8.5443,45.1945],[8.5294,45.1934],[8.5245,45.1984],[8.5254,45.202],[8.5322,45.1993],[8.548,45.2041],[8.5366,45.215],[8.5232,45.2216],[8.5271,45.2292],[8.5392,45.2301],[8.5437,45.234],[8.5291,45.2395],[8.548,45.2379],[8.5554,45.2388],[8.5562,45.2414],[8.5378,45.2431],[8.5225,45.2492],[8.5228,45.2546],[8.5309,45.2537],[8.536,45.2476],[8.5434,45.2533],[8.5327,45.2653],[8.5361,45.2722],[8.5351,45.2778],[8.5224,45.2791],[8.5233,45.2744],[8.5141,45.2743],[8.5128,45.2817],[8.5174,45.2866],[8.512,45.291],[8.4983,45.2922],[8.5135,45.3133],[8.5216,45.3123],[8.5377,45.3204],[8.5267,45.3432],[8.542,45.3478],[8.5509,45.3561],[8.5518,45.3613],[8.5572,45.3533],[8.5779,45.3478],[8.5869,45.3519],[8.5982,45.3495],[8.6229,45.3552],[8.6288,45.3498],[8.6342,45.3369],[8.6557,45.3257],[8.6649,45.2928],[8.6936,45.2937],[8.709,45.2992],[8.7167,45.3081],[8.7234,45.322],[8.7243,45.3358],[8.7351,45.3334],[8.7625,45.3486],[8.7607,45.3557],[8.7475,45.3563],[8.7222,45.3706],[8.7193,45.3784],[8.7609,45.3765],[8.764,45.3773],[8.7624,45.3821],[8.765,45.3876],[8.7934,45.379],[8.8015,45.3792],[8.8119,45.3833],[8.8105,45.3888],[8.8142,45.3901],[8.8429,45.3938],[8.8467,45.3914],[8.8476,45.3903]],[[9.2897,44.7012],[9.3017,44.7031],[9.2909,44.7052],[9.2897,44.7012]],[[9.2992,44.6925],[9.3041,44.6937],[9.3042,44.6966],[9.2989,44.6927],[9.2992,44.6925]]]]}},{"type":"Feature","properties":{"SIGLA":"CR","DEN_PROV":"Cremona","DEN_UTS":"Cremona"},"geometry":{"type":"Polygon","coordinates":[[[9.5265,45.4975],[9.5441,45.4874],[9.5427,45.4781],[9.548,45.4611],[9.5756,45.4602],[9.5892,45.4737],[9.5995,45.4743],[9.6076,45.4714],[9.62,45.4559],[9.6435,45.4577],[9.6552,45.4492],[9.663,45.4375],[9.6834,45.4412],[9.6898,45.4584],[9.6983,45.4645],[9.7093,45.4826],[9.7189,45.4821],[9.7372,45.4742],[9.7462,45.4682],[9.7533,45.4557],[9.7621,45.4562],[9.7703,45.4393],[9.7687,45.4337],[9.7748,45.4295],[9.8074,45.4253],[9.811,45.4386],[9.8241,45.4462],[9.8142,45.453],[9.823,45.4556],[9.8383,45.45],[9.8465,45.4521],[9.8589,45.4334],[9.8645,45.4311],[9.8735,45.4332],[9.8896,45.4273],[9.8917,45.4127],[9.8863,45.3594],[9.8877,45.3504],[9.8948,45.3412],[9.8987,45.338],[9.9224,45.3353],[9.9392,45.3219],[9.9729,45.3095],[9.9961,45.2903],[10.0291,45.2774],[10.0495,45.2804],[10.0721,45.2707],[10.0839,45.2696],[10.0871,45.2587],[10.0997,45.2499],[10.1507,45.2409],[10.176,45.24],[10.1938,45.2309],[10.2168,45.2259],[10.2222,45.2292],[10.2235,45.2403],[10.2464,45.243],[10.2506,45.2529],[10.2663,45.2508],[10.2694,45.2417],[10.2841,45.2278],[10.3042,45.224],[10.3184,45.2151],[10.3177,45.2047],[10.3102,45.1944],[10.3118,45.1887],[10.324,45.1846],[10.338,45.1721],[10.3647,45.1617],[10.3676,45.1472],[10.3767,45.1415],[10.4036,45.1366],[10.4179,45.13],[10.4259,45.1401],[10.4351,45.1423],[10.435,45.1367],[10.4411,45.1352],[10.4497,45.1443],[10.4614,45.1465],[10.4809,45.1429],[10.4919,45.1318],[10.4882,45.1268],[10.4592,45.1223],[10.4569,45.116],[10.4667,45.0955],[10.4483,45.0914],[10.4168,45.0905],[10.4136,45.0831],[10.4166,45.0762],[10.4124,45.0434],[10.4198,45.0414],[10.4464,45.0469],[10.4669,45.0594],[10.4938,45.0563],[10.493,45.0776],[10.5322,45.0726],[10.5381,45.065],[10.5387,45.055],[10.52,45.0385],[10.5112,45.0183],[10.4994,45.0215],[10.463,45.0118],[10.4578,45.0052],[10.4586,44.9914],[10.4557,44.9824],[10.4844,44.9803],[10.5124,44.9838],[10.5336,44.992],[10.5415,45.0015],[10.5552,45.0069],[10.571,45.002],[10.5975,45.0035],[10.5821,44.9976],[10.5642,44.9956],[10.554,44.9865],[10.5303,44.9804],[10.5234,44.9709],[10.5078,44.9724],[10.5013,44.9536],[10.4969,44.9495],[10.4717,44.9454],[10.464,44.9372],[10.434,44.9445],[10.4168,44.9777],[10.408,44.9838],[10.3917,44.983],[10.3653,44.9661],[10.3553,44.9662],[10.3328,44.9799],[10.3092,44.9896],[10.31,44.993],[10.3047,44.999],[10.2745,44.9979],[10.2559,45.0178],[10.2111,45.034],[10.1873,45.0282],[10.1739,45.033],[10.1749,45.037],[10.1688,45.0432],[10.1577,45.0441],[10.1467,45.035],[10.1062,45.0221],[10.0929,45.0238],[10.0891,45.0272],[10.0841,45.0329],[10.0823,45.0466],[10.0502,45.0413],[10.053,45.05],[10.0484,45.0575],[10.0435,45.0631],[10.0297,45.0668],[10.0216,45.0759],[10.0295,45.0872],[10.0285,45.0962],[9.9869,45.133],[9.973,45.1332],[9.9362,45.1046],[9.9158,45.1001],[9.9144,45.1094],[9.9216,45.114],[9.9271,45.126],[9.9263,45.132],[9.9197,45.1376],[9.9137,45.1391],[9.8911,45.1309],[9.8724,45.1409],[9.8709,45.1591],[9.8618,45.153],[9.8482,45.1554],[9.8345,45.1493],[9.8286,45.1524],[9.8265,45.1634],[9.8067,45.1588],[9.7856,45.1649],[9.7744,45.1888],[9.7568,45.1812],[9.7506,45.1823],[9.7502,45.1853],[9.7554,45.1849],[9.773,45.203],[9.7756,45.2118],[9.7638,45.2227],[9.7498,45.2182],[9.7422,45.2202],[9.7433,45.2247],[9.7404,45.227],[9.7322,45.225],[9.7184,45.2296],[9.7196,45.2357],[9.7251,45.2379],[9.7263,45.2422],[9.7121,45.2473],[9.7072,45.2541],[9.7119,45.2586],[9.7206,45.2565],[9.7225,45.2594],[9.719,45.263],[9.7084,45.2622],[9.6947,45.2558],[9.6917,45.2636],[9.6872,45.2649],[9.6811,45.2571],[9.6752,45.2569],[9.668,45.2623],[9.6684,45.2698],[9.661,45.2748],[9.6536,45.2733],[9.6403,45.2837],[9.6287,45.2815],[9.6255,45.2851],[9.6302,45.2915],[9.6235,45.2937],[9.6089,45.31],[9.5911,45.3531],[9.5835,45.3622],[9.5673,45.3669],[9.5633,45.3423],[9.552,45.3394],[9.5354,45.3468],[9.5091,45.3488],[9.5106,45.3603],[9.5078,45.3668],[9.4911,45.3679],[9.4795,45.3769],[9.4745,45.372],[9.4554,45.3851],[9.4616,45.4014],[9.4713,45.4138],[9.4837,45.4227],[9.4875,45.4372],[9.4816,45.4455],[9.4916,45.465],[9.4936,45.4785],[9.5036,45.4926],[9.5142,45.5014],[9.5194,45.5011],[9.5192,45.5045],[9.5265,45.4975]]]}},{"type":"Feature","properties":{"SIGLA":"MN","DEN_PROV":"Mantova","DEN_UTS":"Mantova"},"geometry":{"type":"Polygon","coordinates":[[[10.6694,45.4263],[10.7023,45.4214],[10.7161,45.4161],[10.718,45.3975],[10.6983,45.379],[10.7064,45.37],[10.7146,45.3679],[10.7045,45.3594],[10.6857,45.3522],[10.6869,45.3426],[10.7058,45.3394],[10.715,45.3339],[10.7132,45.3237],[10.7064,45.3163],[10.722,45.3188],[10.7312,45.3152],[10.7331,45.3054],[10.7283,45.2913],[10.7374,45.2872],[10.7829,45.3154],[10.8294,45.282],[10.8402,45.2703],[10.8466,45.2566],[10.8763,45.2527],[10.8848,45.248],[10.8997,45.2457],[10.9024,45.2374],[10.9364,45.2329],[10.9308,45.2255],[10.9315,45.2176],[10.9345,45.2155],[10.946,45.2077],[10.966,45.2056],[10.9907,45.1957],[10.9968,45.1874],[10.9932,45.1841],[10.9988,45.1647],[10.995,45.1535],[11.0102,45.1487],[11.0284,45.1592],[11.0318,45.1523],[11.0466,45.1531],[11.0495,45.1507],[11.0422,45.1437],[11.0438,45.1343],[11.0289,45.1279],[11.0287,45.123],[11.0442,45.1115],[11.0719,45.0993],[11.0941,45.0997],[11.0949,45.1061],[11.1021,45.1131],[11.1056,45.1082],[11.1274,45.1032],[11.1344,45.1091],[11.1377,45.1233],[11.1464,45.1261],[11.1876,45.1099],[11.2034,45.1117],[11.2055,45.1095],[11.1775,45.0973],[11.1768,45.0885],[11.1884,45.0841],[11.1755,45.0749],[11.1753,45.0601],[11.2122,45.0575],[11.2404,45.043],[11.249,45.0454],[11.2595,45.0554],[11.2659,45.0562],[11.2705,45.0445],[11.2631,45.0329],[11.2747,45.0178],[11.3087,45.0124],[11.3358,44.9904],[11.4161,44.9668],[11.4263,44.9597],[11.4267,44.9501],[11.4262,44.9521],[11.4057,44.9487],[11.3767,44.9581],[11.3628,44.9555],[11.3572,44.9501],[11.3228,44.9612],[11.3087,44.9605],[11.2854,44.9568],[11.2723,44.9383],[11.2462,44.9514],[11.2434,44.9479],[11.2318,44.9448],[11.2021,44.9395],[11.1585,44.9381],[11.1524,44.9332],[11.118,44.9545],[11.0762,44.9616],[11.0579,44.9497],[10.9975,44.9551],[10.9674,44.9351],[10.9544,44.9334],[10.9414,44.9219],[10.9171,44.9241],[10.8903,44.9124],[10.8888,44.9165],[10.898,44.9218],[10.8802,44.9177],[10.8686,44.9208],[10.8654,44.9296],[10.8477,44.9257],[10.8402,44.9319],[10.8192,44.9368],[10.8088,44.9361],[10.7446,44.9489],[10.7428,44.9539],[10.7468,44.9643],[10.7411,44.9809],[10.7316,44.9914],[10.7274,44.992],[10.7122,44.9853],[10.7108,44.9731],[10.6947,44.9619],[10.688,44.9656],[10.696,44.9745],[10.6867,44.9866],[10.6789,44.9764],[10.6647,44.9689],[10.6499,44.9476],[10.6252,44.9256],[10.5988,44.9147],[10.5742,44.9094],[10.5199,44.9127],[10.5043,44.9224],[10.464,44.9372],[10.4717,44.9454],[10.4969,44.9495],[10.5013,44.9536],[10.5078,44.9724],[10.5234,44.9709],[10.5303,44.9804],[10.554,44.9865],[10.5642,44.9956],[10.5821,44.9976],[10.5975,45.0035],[10.571,45.002],[10.5552,45.0069],[10.5415,45.0015],[10.5336,44.992],[10.5124,44.9838],[10.4844,44.9803],[10.4557,44.9824],[10.4589,45.0081],[10.4669,45.014],[10.4811,45.0153],[10.4912,45.0202],[10.5025,45.0216],[10.5112,45.0183],[10.52,45.0385],[10.5387,45.055],[10.5381,45.065],[10.528,45.0739],[10.493,45.0776],[10.4938,45.0563],[10.4669,45.0594],[10.4464,45.0469],[10.4132,45.0422],[10.4166,45.0762],[10.4136,45.0831],[10.4168,45.0905],[10.4483,45.0914],[10.4667,45.0955],[10.4581,45.1097],[10.4592,45.1223],[10.4871,45.1264],[10.4919,45.1318],[10.4809,45.1429],[10.4727,45.1458],[10.4497,45.1443],[10.4411,45.1352],[10.435,45.1367],[10.4351,45.1423],[10.4259,45.1401],[10.4179,45.13],[10.4036,45.1366],[10.3767,45.1415],[10.3676,45.1472],[10.3647,45.1617],[10.338,45.1721],[10.324,45.1846],[10.3136,45.187],[10.3102,45.1944],[10.3118,45.1992],[10.3177,45.2047],[10.3432,45.2064],[10.349,45.2126],[10.3611,45.2159],[10.3572,45.231],[10.3617,45.2321],[10.3578,45.2405],[10.362,45.2461],[10.3723,45.2408],[10.3784,45.2409],[10.3805,45.2477],[10.3835,45.2485],[10.3936,45.2456],[10.3963,45.2498],[10.3936,45.2525],[10.3928,45.2755],[10.3976,45.2842],[10.4078,45.2927],[10.4247,45.2979],[10.4285,45.3204],[10.4464,45.3207],[10.4472,45.3271],[10.4659,45.3263],[10.4693,45.3379],[10.4685,45.3594],[10.4596,45.3786],[10.452,45.3848],[10.467,45.4066],[10.4534,45.4163],[10.5114,45.4123],[10.5481,45.3858],[10.5671,45.386],[10.5798,45.3817],[10.5987,45.3871],[10.6105,45.3829],[10.6231,45.3832],[10.6344,45.3849],[10.6426,45.3904],[10.6465,45.4072],[10.6554,45.4116],[10.6546,45.4158],[10.6652,45.4277],[10.6694,45.4263]]]}},{"type":"Feature","properties":{"SIGLA":"BZ","DEN_PROV":"Bolzano","DEN_UTS":"Bolzano"},"geometry":{"type":"Polygon","coordinates":[[[12.2087,47.0862],[12.224,47.0832],[12.2403,47.0686],[12.2168,47.0578],[12.2158,47.0445],[12.2049,47.0272],[12.1681,47.0211],[12.1532,47.0234],[12.1419,47.0216],[12.1216,47.0075],[12.1288,46.9954],[12.1292,46.9849],[12.1379,46.98],[12.1315,46.9629],[12.1408,46.956],[12.1574,46.9507],[12.1682,46.9379],[12.1674,46.9328],[12.1445,46.9141],[12.1598,46.9086],[12.1889,46.9063],[12.1975,46.8986],[12.2004,46.8885],[12.2162,46.8739],[12.228,46.879],[12.2406,46.8904],[12.2745,46.8832],[12.2773,46.8803],[12.2754,46.8732],[12.2904,46.8617],[12.291,46.8523],[12.2956,46.8459],[12.3067,46.8404],[12.3048,46.8329],[12.2832,46.8146],[12.2919,46.8035],[12.2883,46.7958],[12.2805,46.7914],[12.2838,46.7829],[12.311,46.7845],[12.3574,46.7747],[12.3684,46.743],[12.3779,46.7219],[12.3831,46.7171],[12.4428,46.6882],[12.4745,46.6866],[12.4776,46.6798],[12.4375,46.6689],[12.404,46.643],[12.3799,46.643],[12.3784,46.6367],[12.3899,46.6274],[12.3852,46.6228],[12.3594,46.6197],[12.3414,46.63],[12.3169,46.6298],[12.3151,46.6238],[12.3068,46.6197],[12.2861,46.6179],[12.2727,46.6209],[12.2602,46.6287],[12.2322,46.614],[12.2124,46.609],[12.2045,46.6002],[12.1937,46.5946],[12.1917,46.5965],[12.1944,46.6195],[12.1865,46.6208],[12.1713,46.6341],[12.1408,46.6373],[12.0755,46.6744],[12.0683,46.6751],[12.0671,46.654],[12.0714,46.6416],[12.0657,46.627],[12.0466,46.6081],[12.0498,46.5938],[12.0467,46.5847],[12.0342,46.5768],[12.0279,46.5653],[11.9984,46.5329],[11.9876,46.5453],[11.9678,46.5446],[11.9495,46.5392],[11.9455,46.5294],[11.9339,46.5279],[11.9119,46.533],[11.888,46.5228],[11.8514,46.5178],[11.8283,46.5089],[11.8253,46.5128],[11.8255,46.5218],[11.8112,46.5328],[11.8008,46.5277],[11.793,46.5213],[11.7906,46.515],[11.7816,46.5107],[11.7442,46.505],[11.7166,46.5129],[11.6648,46.4975],[11.6469,46.4984],[11.6391,46.5018],[11.6326,46.4987],[11.6335,46.4943],[11.65,46.4828],[11.643,46.4753],[11.6267,46.472],[11.626,46.4609],[11.6178,46.4441],[11.6198,46.4294],[11.6017,46.3994],[11.6017,46.3898],[11.5921,46.3837],[11.5637,46.3809],[11.5587,46.3676],[11.5571,46.3511],[11.5518,46.3459],[11.5459,46.3456],[11.5353,46.3528],[11.512,46.3586],[11.4771,46.3637],[11.4796,46.3561],[11.4621,46.35],[11.4545,46.3347],[11.4073,46.3248],[11.4029,46.3229],[11.3963,46.3097],[11.3849,46.3024],[11.3595,46.2996],[11.3589,46.2961],[11.3813,46.2912],[11.3946,46.274],[11.3976,46.2648],[11.3773,46.262],[11.3588,46.2657],[11.3563,46.2763],[11.3419,46.2818],[11.3363,46.2896],[11.3395,46.2965],[11.3321,46.2964],[11.3112,46.2809],[11.3159,46.2733],[11.3058,46.2589],[11.2864,46.2589],[11.2396,46.2284],[11.2138,46.2216],[11.2052,46.2206],[11.178,46.2296],[11.1723,46.2382],[11.1807,46.2432],[11.1835,46.2512],[11.1882,46.2528],[11.1898,46.2491],[11.1973,46.2472],[11.2007,46.2544],[11.1951,46.2582],[11.1743,46.2594],[11.1659,46.2629],[11.15,46.2798],[11.1407,46.2828],[11.1443,46.2884],[11.1628,46.2914],[11.1785,46.3068],[11.2035,46.3427],[11.1916,46.3599],[11.1932,46.3646],[11.2028,46.3697],[11.2036,46.3784],[11.2143,46.3983],[11.215,46.4039],[11.2056,46.426],[11.2157,46.4354],[11.2174,46.4434],[11.2136,46.4503],[11.2204,46.4627],[11.2062,46.497],[11.1903,46.5062],[11.185,46.5067],[11.1786,46.4988],[11.1491,46.4856],[11.1307,46.4821],[11.1138,46.4954],[11.0894,46.5018],[11.0834,46.5302],[11.0766,46.5292],[11.0549,46.5163],[11.0371,46.5145],[11.0354,46.5134],[11.0494,46.5052],[11.0619,46.4867],[11.0763,46.4459],[11.073,46.4415],[11.0546,46.4495],[11.0424,46.4465],[11.0311,46.4596],[11.0059,46.4768],[10.9886,46.4835],[10.9757,46.484],[10.9638,46.4802],[10.9566,46.4704],[10.9357,46.4652],[10.9309,46.4583],[10.9322,46.4536],[10.913,46.444],[10.892,46.4447],[10.8849,46.4501],[10.8614,46.4362],[10.7991,46.4436],[10.7785,46.4723],[10.7662,46.4846],[10.76,46.4864],[10.7428,46.484],[10.7167,46.4621],[10.6852,46.4518],[10.6648,46.4515],[10.6381,46.4455],[10.6218,46.448],[10.5998,46.4688],[10.5761,46.4743],[10.555,46.489],[10.497,46.4974],[10.4845,46.4936],[10.4778,46.4952],[10.4579,46.5106],[10.4532,46.532],[10.4621,46.5412],[10.4725,46.5437],[10.4743,46.5642],[10.4841,46.5783],[10.4868,46.608],[10.4915,46.6152],[10.4463,46.641],[10.4108,46.6351],[10.4016,46.637],[10.4,46.6458],[10.3931,46.655],[10.3922,46.6704],[10.3858,46.6809],[10.3876,46.6874],[10.4058,46.7049],[10.4156,46.709],[10.4173,46.7194],[10.402,46.7344],[10.442,46.7527],[10.442,46.7699],[10.4251,46.7889],[10.4295,46.7958],[10.4488,46.8023],[10.4559,46.8135],[10.4697,46.8546],[10.4789,46.8589],[10.5,46.8476],[10.5255,46.8463],[10.5526,46.8498],[10.5563,46.8469],[10.5502,46.84],[10.5536,46.8396],[10.5705,46.8424],[10.6006,46.8578],[10.6237,46.864],[10.6454,46.8654],[10.6681,46.8756],[10.6756,46.87],[10.6889,46.8676],[10.6969,46.8627],[10.6945,46.8522],[10.7111,46.8469],[10.726,46.8375],[10.7563,46.8314],[10.7634,46.8233],[10.7458,46.8051],[10.7262,46.7965],[10.7305,46.7879],[10.7594,46.7858],[10.7864,46.7964],[10.8159,46.7753],[10.8257,46.7739],[10.8321,46.7805],[10.8403,46.7816],[10.852,46.7744],[10.8659,46.7726],[10.8717,46.7655],[10.8832,46.7631],[10.918,46.7748],[10.9531,46.7747],[10.9936,46.7671],[11.0248,46.7702],[11.0424,46.7996],[11.0419,46.8034],[11.0835,46.8222],[11.0721,46.8404],[11.0725,46.8496],[11.0747,46.8577],[11.0884,46.8778],[11.1003,46.8901],[11.0959,46.9119],[11.1078,46.916],[11.11,46.9249],[11.12,46.9305],[11.1406,46.9283],[11.1652,46.9407],[11.1683,46.9447],[11.1632,46.9511],[11.1653,46.9653],[11.1761,46.9625],[11.1904,46.97],[11.2025,46.9684],[11.2045,46.9654],[11.2404,46.9698],[11.2585,46.9776],[11.3114,46.9871],[11.3198,46.9924],[11.3352,46.9866],[11.3583,46.9904],[11.3842,46.9704],[11.4058,46.9652],[11.4367,46.9744],[11.4529,46.9921],[11.4671,46.9944],[11.4711,47.0037],[11.4793,47.0109],[11.4987,47.0096],[11.532,46.992],[11.5336,46.9882],[11.5442,46.9868],[11.5808,46.9971],[11.5808,47.0015],[11.5889,47.0047],[11.6244,47.0122],[11.6352,47.0036],[11.6633,46.993],[11.7106,46.993],[11.7296,46.972],[11.7472,46.9689],[11.7656,46.9741],[11.7695,46.9815],[11.7813,46.9915],[11.8315,46.9924],[11.8669,47.0112],[11.8862,47.0162],[11.9323,47.0377],[11.9444,47.035],[11.9589,47.0424],[11.9708,47.0437],[11.9783,47.0498],[12.0211,47.047],[12.03,47.05],[12.0353,47.0579],[12.0425,47.061],[12.0747,47.0593],[12.0845,47.0701],[12.0971,47.0775],[12.1201,47.0738],[12.1355,47.0797],[12.161,47.0816],[12.1799,47.0903],[12.1918,47.0902],[12.2087,47.0862]]]}},{"type":"Feature","properties":{"SIGLA":"TN","DEN_PROV":"Trento","DEN_UTS":"Trento"},"geometry":{"type":"Polygon","coordinates":[[[11.8255,46.5218],[11.8253,46.5128],[11.8283,46.5089],[11.8144,46.4941],[11.8104,46.4849],[11.8132,46.4782],[11.8777,46.4714],[11.8874,46.4631],[11.8881,46.4418],[11.8709,46.4332],[11.8503,46.4342],[11.8382,46.4152],[11.842,46.4116],[11.8323,46.3876],[11.8353,46.3659],[11.8223,46.3749],[11.8135,46.3676],[11.8045,46.3651],[11.7909,46.3667],[11.7744,46.3582],[11.7798,46.351],[11.8,46.3442],[11.8028,46.3343],[11.8319,46.3227],[11.8325,46.3124],[11.8388,46.3077],[11.8263,46.285],[11.8352,46.2741],[11.8408,46.2701],[11.8536,46.2709],[11.8852,46.2788],[11.8884,46.2725],[11.8849,46.2607],[11.8917,46.2528],[11.9126,46.2527],[11.9216,46.2478],[11.9274,46.2485],[11.9096,46.2244],[11.9242,46.2172],[11.9278,46.209],[11.9394,46.1988],[11.9624,46.1991],[11.9624,46.1884],[11.9558,46.1838],[11.9508,46.1701],[11.9374,46.1738],[11.9284,46.1727],[11.9183,46.1553],[11.9195,46.1486],[11.9073,46.1401],[11.8935,46.1213],[11.8845,46.1173],[11.8373,46.1112],[11.8148,46.1034],[11.7772,46.1032],[11.7587,46.0956],[11.7496,46.1047],[11.7386,46.1048],[11.7183,46.1033],[11.7068,46.0943],[11.6853,46.0936],[11.6823,46.0875],[11.6865,46.067],[11.6974,46.0596],[11.7055,46.0468],[11.6773,46.0443],[11.6662,46.0362],[11.673,46.0295],[11.6787,46.0284],[11.678,46.0241],[11.6691,46.0177],[11.6896,45.9885],[11.684,45.9838],[11.685,45.9692],[11.6665,45.9641],[11.65,45.9648],[11.6276,45.9606],[11.6307,45.9694],[11.621,45.9715],[11.6146,45.9674],[11.6003,45.9713],[11.5876,45.969],[11.5772,46.0065],[11.5523,46.0117],[11.4935,46.0095],[11.4467,45.9809],[11.4001,45.9801],[11.3737,45.9835],[11.3724,45.9732],[11.3779,45.9572],[11.3827,45.9526],[11.382,45.9445],[11.3616,45.943],[11.3572,45.9286],[11.345,45.9209],[11.3501,45.9145],[11.3493,45.9095],[11.3249,45.9174],[11.3129,45.9268],[11.3052,45.9269],[11.3007,45.9352],[11.2996,45.929],[11.3038,45.9182],[11.2637,45.9182],[11.2613,45.9157],[11.2606,45.9083],[11.2511,45.8961],[11.2551,45.884],[11.2477,45.8858],[11.2369,45.8808],[11.2397,45.8764],[11.2444,45.8769],[11.2396,45.857],[11.2227,45.8489],[11.2188,45.8326],[11.1983,45.8237],[11.1888,45.8136],[11.1898,45.8038],[11.1938,45.8021],[11.1933,45.7943],[11.2032,45.7835],[11.1901,45.7816],[11.1784,45.7881],[11.1735,45.7867],[11.1798,45.7729],[11.1807,45.7629],[11.1761,45.7474],[11.1787,45.7377],[11.1387,45.7093],[11.1359,45.7],[11.1385,45.6968],[11.1229,45.6898],[11.1207,45.6957],[11.09,45.6961],[11.0668,45.7082],[11.0558,45.7182],[11.0414,45.7063],[11.0277,45.7047],[11.0168,45.7059],[11.0158,45.7137],[11.0117,45.7164],[11.0067,45.7104],[10.9961,45.708],[10.9976,45.697],[10.9788,45.6855],[10.9684,45.6806],[10.975,45.6961],[10.9722,45.7018],[10.9647,45.6884],[10.9512,45.6845],[10.945,45.6754],[10.9354,45.6745],[10.9221,45.6798],[10.912,45.6883],[10.9128,45.6915],[10.926,45.6992],[10.8815,45.7173],[10.8438,45.7186],[10.8444,45.7249],[10.855,45.7419],[10.8626,45.7437],[10.8668,45.764],[10.8852,45.7751],[10.8782,45.7857],[10.8727,45.7884],[10.877,45.8035],[10.8876,45.8116],[10.8816,45.8176],[10.8259,45.8377],[10.7912,45.8335],[10.7781,45.8426],[10.7726,45.8429],[10.7631,45.84],[10.7564,45.83],[10.7452,45.8399],[10.7319,45.8427],[10.7114,45.8361],[10.6956,45.8399],[10.6771,45.8309],[10.6561,45.8323],[10.6507,45.8122],[10.6438,45.803],[10.6327,45.8065],[10.6117,45.8053],[10.5891,45.7979],[10.5747,45.787],[10.5537,45.7839],[10.533,45.788],[10.5318,45.8094],[10.5431,45.8149],[10.5433,45.8184],[10.5284,45.8266],[10.5081,45.8239],[10.5025,45.8302],[10.5066,45.8424],[10.5016,45.8609],[10.5037,45.8736],[10.4911,45.8823],[10.4901,45.8871],[10.4959,45.8997],[10.5077,45.9053],[10.5108,45.9156],[10.5086,45.9236],[10.4916,45.934],[10.4891,45.9424],[10.4847,45.9454],[10.4833,45.9505],[10.4894,45.9638],[10.4866,45.9712],[10.4762,45.9705],[10.4534,45.9765],[10.4534,45.9911],[10.4573,46.0091],[10.4625,46.0149],[10.4715,46.0214],[10.482,46.0212],[10.4844,46.024],[10.483,46.0572],[10.4909,46.0668],[10.5142,46.0786],[10.5224,46.0887],[10.5362,46.0981],[10.5479,46.1156],[10.5507,46.1237],[10.5481,46.1462],[10.5654,46.1668],[10.5546,46.1803],[10.5437,46.1874],[10.5454,46.1943],[10.5508,46.2068],[10.5705,46.2219],[10.5682,46.2337],[10.5812,46.24],[10.5851,46.2487],[10.5763,46.2727],[10.5605,46.2845],[10.5796,46.2988],[10.5756,46.3056],[10.5645,46.3136],[10.563,46.3273],[10.5334,46.3394],[10.5157,46.3432],[10.516,46.3465],[10.5195,46.3558],[10.541,46.3552],[10.5439,46.3589],[10.542,46.3609],[10.5667,46.3778],[10.606,46.3792],[10.6108,46.3873],[10.631,46.4023],[10.6179,46.4174],[10.6165,46.43],[10.6192,46.4369],[10.6166,46.4436],[10.6218,46.448],[10.6381,46.4455],[10.6648,46.4515],[10.6852,46.4518],[10.7167,46.4621],[10.7428,46.484],[10.76,46.4864],[10.7662,46.4846],[10.7785,46.4723],[10.7991,46.4436],[10.8614,46.4362],[10.8849,46.4501],[10.892,46.4447],[10.913,46.444],[10.9322,46.4536],[10.9309,46.4583],[10.9357,46.4652],[10.9566,46.4704],[10.9638,46.4802],[10.9757,46.484],[10.9886,46.4835],[11.0059,46.4768],[11.0311,46.4596],[11.0424,46.4465],[11.0546,46.4495],[11.073,46.4415],[11.0763,46.4459],[11.0619,46.4867],[11.0494,46.5052],[11.0354,46.5134],[11.0371,46.5145],[11.0549,46.5163],[11.0766,46.5292],[11.0834,46.5302],[11.0894,46.5018],[11.1138,46.4954],[11.1307,46.4821],[11.1491,46.4856],[11.1786,46.4988],[11.185,46.5067],[11.1903,46.5062],[11.2062,46.497],[11.2204,46.4627],[11.2136,46.4503],[11.2174,46.4434],[11.2157,46.4354],[11.2056,46.426],[11.215,46.4039],[11.2143,46.3983],[11.2036,46.3784],[11.2028,46.3697],[11.1932,46.3646],[11.1916,46.3599],[11.2035,46.3427],[11.1785,46.3068],[11.1628,46.2914],[11.1443,46.2884],[11.1407,46.2828],[11.15,46.2798],[11.1659,46.2629],[11.1743,46.2594],[11.1951,46.2582],[11.2007,46.2544],[11.1973,46.2472],[11.1852,46.2523],[11.1807,46.2432],[11.1723,46.2382],[11.1827,46.2264],[11.2052,46.2206],[11.2396,46.2284],[11.2864,46.2589],[11.3058,46.2589],[11.3159,46.2733],[11.3112,46.2809],[11.3321,46.2964],[11.3395,46.2965],[11.3363,46.2896],[11.3419,46.2818],[11.3563,46.2763],[11.3588,46.2657],[11.3773,46.262],[11.3976,46.2648],[11.3946,46.274],[11.3813,46.2912],[11.3589,46.2961],[11.3595,46.2996],[11.3849,46.3024],[11.3963,46.3097],[11.4029,46.3229],[11.4073,46.3248],[11.4545,46.3347],[11.4621,46.35],[11.4796,46.3561],[11.4771,46.3637],[11.512,46.3586],[11.5353,46.3528],[11.5459,46.3456],[11.5518,46.3459],[11.5571,46.3511],[11.5587,46.3676],[11.5637,46.3809],[11.5921,46.3837],[11.6017,46.3898],[11.6017,46.3994],[11.6198,46.4294],[11.6178,46.4441],[11.626,46.4609],[11.6267,46.472],[11.643,46.4753],[11.65,46.4828],[11.6335,46.4943],[11.6342,46.4997],[11.6391,46.5018],[11.6469,46.4984],[11.6648,46.4975],[11.7166,46.5129],[11.7442,46.505],[11.7586,46.5067],[11.7906,46.515],[11.793,46.5213],[11.8112,46.5328],[11.8212,46.5254],[11.8255,46.5218]]]}},{"type":"Feature","properties":{"SIGLA":"VR","DEN_PROV":"Verona","DEN_UTS":"Verona"},"geometry":{"type":"Polygon","coordinates":[[[10.8867,45.8129],[10.8867,45.81],[10.877,45.8035],[10.8727,45.7884],[10.8782,45.7857],[10.8852,45.7751],[10.8668,45.764],[10.8626,45.7437],[10.855,45.7419],[10.8444,45.7249],[10.8438,45.7186],[10.8815,45.7173],[10.926,45.6992],[10.9128,45.6915],[10.912,45.6883],[10.9221,45.6798],[10.9354,45.6745],[10.945,45.6754],[10.9512,45.6845],[10.9647,45.6884],[10.9722,45.7018],[10.975,45.6961],[10.9684,45.6806],[10.9788,45.6855],[10.9976,45.697],[10.9961,45.708],[11.0067,45.7104],[11.0117,45.7164],[11.0158,45.7137],[11.0168,45.7059],[11.0414,45.7063],[11.0558,45.7182],[11.0668,45.7082],[11.09,45.6961],[11.1207,45.6957],[11.1229,45.6898],[11.1385,45.6968],[11.1437,45.6827],[11.1548,45.6843],[11.1497,45.6541],[11.1703,45.628],[11.1822,45.6183],[11.1929,45.62],[11.2026,45.6257],[11.2143,45.6252],[11.2132,45.6142],[11.2192,45.6033],[11.2354,45.6005],[11.2318,45.5948],[11.2441,45.5861],[11.2467,45.5759],[11.2429,45.5622],[11.252,45.5419],[11.2777,45.5235],[11.2835,45.51],[11.2958,45.5041],[11.3136,45.5018],[11.3246,45.4957],[11.3257,45.4692],[11.329,45.4641],[11.3226,45.4546],[11.3298,45.4444],[11.3181,45.4328],[11.3243,45.4297],[11.3332,45.4332],[11.3395,45.4236],[11.3453,45.3998],[11.3343,45.3953],[11.3323,45.3904],[11.3533,45.3682],[11.352,45.3522],[11.3581,45.3492],[11.3929,45.3479],[11.4262,45.3374],[11.4471,45.3268],[11.4533,45.3222],[11.4468,45.3155],[11.4335,45.3161],[11.4333,45.3074],[11.4679,45.2893],[11.4844,45.286],[11.4897,45.2801],[11.4873,45.2666],[11.4803,45.2585],[11.4513,45.2612],[11.4262,45.2536],[11.4011,45.2633],[11.3926,45.2594],[11.3907,45.2536],[11.4015,45.2514],[11.4055,45.2455],[11.4065,45.2391],[11.4022,45.2351],[11.3997,45.2257],[11.408,45.1776],[11.4217,45.1664],[11.4189,45.1572],[11.4282,45.1494],[11.4178,45.1301],[11.4092,45.131],[11.4097,45.1245],[11.441,45.096],[11.4456,45.0803],[11.438,45.0693],[11.4217,45.0676],[11.4017,45.0528],[11.3858,45.0571],[11.3608,45.0573],[11.3539,45.0704],[11.3325,45.0759],[11.3197,45.0832],[11.3157,45.0901],[11.3042,45.0924],[11.2493,45.0915],[11.223,45.0844],[11.2051,45.0997],[11.2034,45.1117],[11.1876,45.1099],[11.1464,45.1261],[11.1377,45.1233],[11.1344,45.1091],[11.1274,45.1032],[11.1056,45.1082],[11.1021,45.1131],[11.0949,45.1061],[11.0941,45.0997],[11.0719,45.0993],[11.0442,45.1115],[11.0287,45.123],[11.0289,45.1279],[11.0438,45.1343],[11.0422,45.1437],[11.0495,45.1507],[11.0466,45.1531],[11.0318,45.1523],[11.0284,45.1592],[11.0102,45.1487],[10.995,45.1535],[10.9988,45.1647],[10.9932,45.1841],[10.9968,45.1874],[10.9907,45.1957],[10.966,45.2056],[10.946,45.2077],[10.9345,45.2155],[10.9315,45.2176],[10.9308,45.2255],[10.9364,45.2329],[10.9024,45.2374],[10.8997,45.2457],[10.8848,45.248],[10.8763,45.2527],[10.8466,45.2566],[10.8402,45.2703],[10.8294,45.282],[10.7829,45.3154],[10.7374,45.2872],[10.7283,45.2913],[10.7331,45.3054],[10.7305,45.3159],[10.722,45.3188],[10.7064,45.3163],[10.7132,45.3237],[10.715,45.3339],[10.7058,45.3394],[10.6869,45.3426],[10.6857,45.3522],[10.7045,45.3594],[10.7146,45.3679],[10.7064,45.37],[10.6983,45.379],[10.7188,45.3992],[10.7158,45.4166],[10.6652,45.4277],[10.6546,45.4158],[10.6439,45.4178],[10.6474,45.4238],[10.6468,45.441],[10.6421,45.4437],[10.6269,45.4385],[10.6233,45.4402],[10.6236,45.4436],[10.6443,45.4449],[10.6477,45.4485],[10.643,45.4576],[10.6279,45.6069],[10.7056,45.6764],[10.772,45.7508],[10.8147,45.804],[10.8325,45.8156],[10.8402,45.8328],[10.8833,45.8164],[10.8867,45.8129]]]}},{"type":"Feature","properties":{"SIGLA":"VI","DEN_PROV":"Vicenza","DEN_UTS":"Vicenza"},"geometry":{"type":"Polygon","coordinates":[[[11.5523,46.0117],[11.5772,46.0065],[11.5876,45.969],[11.6003,45.9713],[11.6146,45.9674],[11.621,45.9715],[11.6307,45.9694],[11.6276,45.9606],[11.65,45.9648],[11.6665,45.9641],[11.685,45.9692],[11.6843,45.9841],[11.6897,45.9779],[11.7056,45.9766],[11.7144,45.9723],[11.7167,45.9678],[11.7105,45.959],[11.7279,45.9481],[11.7289,45.9342],[11.7369,45.9319],[11.7466,45.9352],[11.763,45.9282],[11.7693,45.9221],[11.7873,45.9243],[11.792,45.916],[11.7803,45.9065],[11.7762,45.8949],[11.7782,45.8878],[11.7996,45.8806],[11.7992,45.8721],[11.7682,45.8688],[11.7621,45.8599],[11.743,45.8553],[11.7458,45.8479],[11.7558,45.8444],[11.759,45.8394],[11.7505,45.8205],[11.7625,45.8048],[11.7776,45.7936],[11.7939,45.8002],[11.8079,45.7974],[11.8184,45.7872],[11.8362,45.749],[11.8302,45.7406],[11.8146,45.7429],[11.824,45.7067],[11.8155,45.6942],[11.8217,45.6872],[11.7579,45.6779],[11.7081,45.6806],[11.7104,45.6683],[11.7019,45.6608],[11.6858,45.6572],[11.6855,45.6479],[11.6767,45.6401],[11.6562,45.6404],[11.6466,45.6342],[11.6429,45.5981],[11.6498,45.5933],[11.6665,45.595],[11.6743,45.5919],[11.674,45.585],[11.6665,45.5764],[11.6659,45.5708],[11.6699,45.5651],[11.656,45.5516],[11.6579,45.5418],[11.6621,45.5381],[11.6755,45.5392],[11.6792,45.5425],[11.6784,45.5496],[11.6858,45.552],[11.6945,45.5507],[11.7034,45.5429],[11.7217,45.5438],[11.7241,45.5526],[11.7203,45.5591],[11.7288,45.5607],[11.7591,45.5199],[11.7433,45.518],[11.7279,45.5205],[11.734,45.5122],[11.7376,45.49],[11.7449,45.486],[11.7449,45.4712],[11.7061,45.4733],[11.71,45.4627],[11.6993,45.4572],[11.6934,45.4484],[11.6933,45.4378],[11.6737,45.4237],[11.6616,45.4215],[11.6531,45.4111],[11.6157,45.388],[11.6122,45.3724],[11.6274,45.3564],[11.6251,45.3459],[11.6169,45.3365],[11.618,45.327],[11.6146,45.3179],[11.6069,45.3159],[11.6041,45.3183],[11.5883,45.313],[11.5802,45.2986],[11.5825,45.2726],[11.6164,45.2594],[11.6097,45.2557],[11.5633,45.262],[11.5284,45.2585],[11.487,45.266],[11.4897,45.2801],[11.4844,45.286],[11.4679,45.2893],[11.4333,45.3074],[11.4335,45.3161],[11.4468,45.3155],[11.4527,45.3236],[11.4262,45.3374],[11.3929,45.3479],[11.3581,45.3492],[11.352,45.3522],[11.3533,45.3682],[11.3323,45.3904],[11.3343,45.3953],[11.3453,45.3998],[11.3395,45.4236],[11.3332,45.4332],[11.3243,45.4297],[11.3181,45.4328],[11.3298,45.4444],[11.3226,45.4546],[11.329,45.4641],[11.3257,45.4692],[11.3246,45.4957],[11.3136,45.5018],[11.2958,45.5041],[11.2835,45.51],[11.2777,45.5235],[11.252,45.5419],[11.2429,45.5622],[11.2467,45.5759],[11.2441,45.5861],[11.2318,45.5948],[11.2354,45.6005],[11.2192,45.6033],[11.2132,45.6142],[11.2143,45.6252],[11.2026,45.6257],[11.1929,45.62],[11.1822,45.6183],[11.1703,45.628],[11.1497,45.6541],[11.1548,45.6843],[11.1437,45.6827],[11.1359,45.6992],[11.1392,45.7098],[11.1787,45.7377],[11.1761,45.7474],[11.1807,45.7629],[11.1798,45.7729],[11.1735,45.7867],[11.1784,45.7881],[11.1901,45.7816],[11.2032,45.7835],[11.1933,45.7943],[11.1938,45.8021],[11.1898,45.8038],[11.1888,45.8136],[11.1983,45.8237],[11.2188,45.8326],[11.2227,45.8489],[11.2396,45.857],[11.2444,45.8769],[11.2397,45.8764],[11.2369,45.8808],[11.2477,45.8858],[11.2551,45.884],[11.2511,45.8961],[11.2577,45.9031],[11.2637,45.9182],[11.3038,45.9182],[11.2996,45.929],[11.3007,45.9352],[11.3052,45.9269],[11.3129,45.9268],[11.3249,45.9174],[11.3493,45.9095],[11.3501,45.9145],[11.345,45.9209],[11.3572,45.9286],[11.3616,45.943],[11.382,45.9445],[11.3827,45.9526],[11.3779,45.9572],[11.3724,45.9732],[11.3737,45.9835],[11.4001,45.9801],[11.4467,45.9809],[11.4935,46.0095],[11.5337,46.0121],[11.5523,46.0117]]]}},{"type":"Feature","properties":{"SIGLA":"BL","DEN_PROV":"Belluno","DEN_UTS":"Belluno"},"geometry":{"type":"Polygon","coordinates":[[[12.5137,46.6781],[12.5277,46.6739],[12.5319,46.6685],[12.5646,46.6511],[12.5704,46.6508],[12.5789,46.6562],[12.604,46.6557],[12.619,46.6611],[12.6316,46.6604],[12.6341,46.6543],[12.6425,46.6519],[12.659,46.6565],[12.686,46.656],[12.7167,46.6476],[12.732,46.6338],[12.7062,46.6208],[12.7078,46.602],[12.6875,46.5999],[12.6746,46.5852],[12.657,46.5728],[12.6436,46.5758],[12.6369,46.572],[12.6202,46.5438],[12.6215,46.5265],[12.6249,46.52],[12.6288,46.5191],[12.6307,46.5026],[12.6423,46.4905],[12.6532,46.4848],[12.6624,46.468],[12.6549,46.4655],[12.6423,46.4723],[12.6208,46.4754],[12.6103,46.4676],[12.6019,46.4662],[12.5929,46.4714],[12.5682,46.4757],[12.5417,46.4584],[12.5308,46.4649],[12.5248,46.4486],[12.5059,46.441],[12.4926,46.4244],[12.4987,46.4122],[12.4894,46.4087],[12.4691,46.39],[12.4642,46.3884],[12.455,46.3917],[12.4629,46.3693],[12.4287,46.3516],[12.4186,46.3534],[12.4212,46.3426],[12.4095,46.3306],[12.3743,46.3289],[12.3547,46.3197],[12.3556,46.3094],[12.3514,46.2938],[12.329,46.2828],[12.3228,46.2731],[12.3209,46.2689],[12.324,46.2562],[12.33,46.2539],[12.341,46.2402],[12.3523,46.2363],[12.3555,46.2312],[12.3723,46.224],[12.4017,46.229],[12.4086,46.221],[12.4003,46.2113],[12.4073,46.207],[12.4465,46.2078],[12.443,46.1961],[12.447,46.1803],[12.4569,46.1706],[12.4899,46.1572],[12.4954,46.1505],[12.4988,46.137],[12.4853,46.1065],[12.4724,46.096],[12.4356,46.0831],[12.4172,46.0605],[12.4099,46.0591],[12.4035,46.0422],[12.4003,46.042],[12.4034,46.0457],[12.3995,46.0624],[12.387,46.0635],[12.3915,46.0713],[12.3207,46.0819],[12.3028,46.0763],[12.2786,46.0477],[12.2567,46.0369],[12.2519,46.0274],[12.2385,46.0231],[12.2262,46.0131],[12.1909,46.0046],[12.1887,46.0088],[12.1784,46.0141],[12.1674,46.0137],[12.1682,46.0083],[12.1636,46.0046],[12.1394,45.9998],[12.111,46.0032],[12.1032,45.9976],[12.1054,45.9926],[12.1015,45.9871],[12.0593,45.9621],[12.0446,45.965],[12.0311,45.9737],[12.0227,45.9702],[12.0189,45.9621],[12.0111,45.9671],[11.9996,45.9677],[11.9616,45.9547],[11.9515,45.9476],[11.9459,45.9081],[11.9505,45.8958],[11.9445,45.8939],[11.9002,45.8892],[11.8696,45.8808],[11.8479,45.8839],[11.8458,45.8963],[11.8253,45.9081],[11.8107,45.8887],[11.7996,45.8806],[11.7782,45.8878],[11.7762,45.8949],[11.7803,45.9065],[11.792,45.916],[11.7873,45.9243],[11.7693,45.9221],[11.763,45.9282],[11.7466,45.9352],[11.7369,45.9319],[11.7283,45.9347],[11.7279,45.9481],[11.7105,45.959],[11.716,45.9704],[11.7056,45.9766],[11.6897,45.9779],[11.6843,45.9841],[11.6896,45.9885],[11.6869,45.9938],[11.6691,46.0177],[11.678,46.0241],[11.6787,46.0284],[11.673,46.0295],[11.6666,46.0353],[11.6672,46.0382],[11.6773,46.0443],[11.7055,46.0468],[11.6974,46.0596],[11.6865,46.067],[11.6834,46.0764],[11.6838,46.0921],[11.6886,46.0949],[11.7068,46.0943],[11.7183,46.1033],[11.7496,46.1047],[11.7587,46.0956],[11.7772,46.1032],[11.8148,46.1034],[11.8373,46.1112],[11.8845,46.1173],[11.8935,46.1213],[11.9073,46.1401],[11.9195,46.1486],[11.9183,46.1553],[11.9284,46.1727],[11.9374,46.1738],[11.9508,46.1701],[11.9511,46.1761],[11.9627,46.19],[11.9624,46.1991],[11.9394,46.1988],[11.9278,46.209],[11.9242,46.2172],[11.9096,46.2244],[11.9274,46.2485],[11.9216,46.2478],[11.9126,46.2527],[11.8917,46.2528],[11.8849,46.2607],[11.8884,46.2725],[11.8852,46.2788],[11.8536,46.2709],[11.8408,46.2701],[11.8352,46.2741],[11.8263,46.285],[11.8388,46.3077],[11.8325,46.3124],[11.8319,46.3227],[11.8028,46.3343],[11.8,46.3442],[11.7798,46.351],[11.7744,46.3582],[11.7909,46.3667],[11.8045,46.3651],[11.8135,46.3676],[11.8223,46.3749],[11.8353,46.3659],[11.8323,46.3876],[11.842,46.4116],[11.8382,46.4152],[11.8503,46.4342],[11.8709,46.4332],[11.8881,46.4418],[11.8874,46.4631],[11.8777,46.4714],[11.8132,46.4782],[11.8104,46.4849],[11.8192,46.501],[11.8283,46.5089],[11.848,46.5167],[11.888,46.5228],[11.9119,46.533],[11.9339,46.5279],[11.9455,46.5294],[11.9495,46.5392],[11.9678,46.5446],[11.9876,46.5453],[11.9987,46.5331],[12.0279,46.5653],[12.0342,46.5768],[12.0467,46.5847],[12.0498,46.5938],[12.0466,46.6081],[12.0657,46.627],[12.0714,46.6416],[12.0671,46.654],[12.0683,46.6751],[12.0755,46.6744],[12.1408,46.6373],[12.1713,46.6341],[12.1865,46.6208],[12.1944,46.6195],[12.1917,46.5965],[12.1937,46.5946],[12.2045,46.6002],[12.2124,46.609],[12.2322,46.614],[12.2602,46.6287],[12.2727,46.6209],[12.2861,46.6179],[12.3068,46.6197],[12.3151,46.6238],[12.3169,46.6298],[12.3414,46.63],[12.3594,46.6197],[12.3852,46.6228],[12.3899,46.6274],[12.3784,46.6367],[12.3799,46.643],[12.4068,46.6442],[12.4375,46.6689],[12.4776,46.6798],[12.4825,46.6769],[12.506,46.678],[12.5137,46.6781]]]}},{"type":"Feature","properties":{"SIGLA":"TV","DEN_PROV":"Treviso","DEN_UTS":"Treviso"},"geometry":{"type":"Polygon","coordinates":[[[12.3448,46.0787],[12.3906,46.0716],[12.387,46.0635],[12.3995,46.0624],[12.4034,46.0457],[12.399,46.0414],[12.4153,46.0269],[12.4188,46.0086],[12.4268,45.9964],[12.4227,45.9558],[12.4258,45.9474],[12.4558,45.9445],[12.463,45.9418],[12.4669,45.932],[12.4828,45.9257],[12.4996,45.9255],[12.5069,45.9219],[12.5057,45.916],[12.5097,45.9094],[12.5158,45.9041],[12.5234,45.9035],[12.5083,45.897],[12.5273,45.8849],[12.5348,45.8748],[12.5355,45.8693],[12.5299,45.8636],[12.5489,45.8611],[12.5573,45.8473],[12.5531,45.8376],[12.5546,45.8294],[12.5601,45.8257],[12.5645,45.8292],[12.5824,45.8233],[12.5876,45.8153],[12.5933,45.8151],[12.5957,45.8168],[12.5944,45.8308],[12.6057,45.8382],[12.6113,45.8327],[12.6315,45.8248],[12.6376,45.8181],[12.6475,45.8198],[12.6528,45.8064],[12.6497,45.8019],[12.6617,45.7937],[12.6562,45.7911],[12.656,45.7781],[12.6626,45.7737],[12.6657,45.7669],[12.6629,45.7579],[12.6466,45.7474],[12.6561,45.7411],[12.6615,45.7423],[12.663,45.7458],[12.6694,45.7427],[12.6724,45.7287],[12.6708,45.7168],[12.6757,45.7135],[12.6807,45.7181],[12.685,45.713],[12.6773,45.7054],[12.6604,45.7089],[12.6452,45.7016],[12.6172,45.6958],[12.6035,45.6809],[12.5768,45.6962],[12.5553,45.6846],[12.5338,45.6792],[12.5217,45.6803],[12.5181,45.6886],[12.5043,45.687],[12.4946,45.6748],[12.5007,45.6677],[12.4871,45.6615],[12.4881,45.6517],[12.4848,45.6412],[12.4438,45.639],[12.4368,45.6366],[12.4353,45.6271],[12.4283,45.6275],[12.4246,45.6238],[12.424,45.6208],[12.4442,45.6017],[12.4379,45.5919],[12.4512,45.5703],[12.4405,45.5596],[12.3877,45.5689],[12.3804,45.578],[12.3562,45.5901],[12.3355,45.5624],[12.3192,45.571],[12.2957,45.5747],[12.2925,45.5709],[12.2792,45.5668],[12.2748,45.5611],[12.2746,45.5573],[12.2809,45.5529],[12.2773,45.536],[12.2482,45.5306],[12.2372,45.5378],[12.2162,45.5374],[12.206,45.5411],[12.2044,45.5477],[12.2121,45.5651],[12.21,45.5705],[12.1939,45.5741],[12.1912,45.5835],[12.1857,45.5851],[12.1665,45.574],[12.1617,45.5774],[12.1612,45.5845],[12.1501,45.5849],[12.1452,45.5883],[12.1449,45.5952],[12.1247,45.5977],[12.1215,45.6097],[12.1124,45.6141],[12.1084,45.6143],[12.1098,45.6038],[12.0991,45.6039],[12.0925,45.5983],[12.0873,45.5997],[12.0878,45.6171],[12.0723,45.6393],[12.059,45.6386],[12.0499,45.6453],[12.028,45.648],[12.0084,45.6424],[12.0045,45.6362],[12.0053,45.6224],[11.9865,45.6232],[11.9654,45.6099],[11.9327,45.6155],[11.9227,45.6212],[11.9133,45.6192],[11.9011,45.628],[11.8979,45.6269],[11.9017,45.6184],[11.8981,45.6131],[11.8917,45.6226],[11.8894,45.6318],[11.8936,45.6332],[11.8836,45.6606],[11.8419,45.6833],[11.8393,45.683],[11.841,45.6771],[11.818,45.6898],[11.8155,45.696],[11.824,45.7067],[11.8146,45.7429],[11.8302,45.7406],[11.8362,45.749],[11.8184,45.7872],[11.8079,45.7974],[11.7939,45.8002],[11.7776,45.7936],[11.7533,45.815],[11.7503,45.8233],[11.759,45.8394],[11.7558,45.8444],[11.7458,45.8479],[11.743,45.8553],[11.7621,45.8599],[11.7682,45.8688],[11.7992,45.8721],[11.7996,45.8806],[11.8107,45.8887],[11.8253,45.9081],[11.8458,45.8963],[11.8479,45.8839],[11.8696,45.8808],[11.9002,45.8892],[11.9505,45.8958],[11.9459,45.9081],[11.9477,45.9322],[11.9515,45.9476],[11.9616,45.9547],[11.9996,45.9677],[12.0111,45.9671],[12.0189,45.9621],[12.0227,45.9702],[12.0311,45.9737],[12.0446,45.965],[12.0593,45.9621],[12.1015,45.9871],[12.1054,45.9926],[12.1032,45.9976],[12.111,46.0032],[12.1394,45.9998],[12.1636,46.0046],[12.1682,46.0083],[12.1674,46.0137],[12.1784,46.0141],[12.1887,46.0088],[12.1909,46.0046],[12.2262,46.0131],[12.2385,46.0231],[12.2519,46.0274],[12.2567,46.0369],[12.2786,46.0477],[12.3028,46.0763],[12.3285,46.0821],[12.3448,46.0787]]]}},{"type":"Feature","properties":{"SIGLA":"VE","DEN_PROV":"Venezia","DEN_UTS":"Venezia"},"geometry":{"type":"Polygon","coordinates":[[[12.7818,45.854],[12.8033,45.845],[12.7991,45.8332],[12.7999,45.8257],[12.8086,45.8202],[12.8181,45.824],[12.8189,45.8337],[12.8376,45.8413],[12.8369,45.845],[12.8538,45.8497],[12.8612,45.8506],[12.8675,45.8471],[12.875,45.8503],[12.8769,45.8428],[12.8697,45.8338],[12.877,45.8279],[12.8933,45.8197],[12.903,45.8277],[12.9128,45.8265],[12.9202,45.8309],[12.9295,45.8174],[12.9585,45.8225],[12.951,45.8292],[12.9514,45.8415],[12.9557,45.8463],[12.9614,45.8469],[12.9663,45.8408],[12.979,45.834],[12.9745,45.8308],[12.9755,45.8234],[12.9932,45.815],[12.9884,45.8087],[12.9835,45.8149],[12.9779,45.8137],[12.9747,45.808],[12.9808,45.7975],[12.9868,45.7975],[12.9896,45.8015],[12.9917,45.7978],[12.9789,45.7928],[12.9771,45.788],[12.9889,45.7763],[13.0061,45.7659],[13.0015,45.7484],[13.0152,45.7421],[13.0161,45.7359],[13.008,45.731],[13.0083,45.7249],[13.0146,45.7242],[13.0164,45.7306],[13.0292,45.7362],[13.0302,45.7253],[13.0385,45.7172],[13.0406,45.706],[13.0368,45.6994],[13.045,45.6938],[13.0484,45.6968],[13.0529,45.6956],[13.0505,45.6886],[13.0436,45.6855],[13.056,45.6777],[13.0625,45.6792],[13.0668,45.6723],[13.0619,45.6629],[13.0636,45.6564],[13.0831,45.6581],[13.0834,45.6503],[13.1008,45.6434],[13.1016,45.6388],[13.0977,45.6353],[13.065,45.6311],[12.9761,45.6249],[12.9171,45.6116],[12.9127,45.6142],[12.8865,45.5973],[12.7962,45.5605],[12.7298,45.5293],[12.6556,45.5067],[12.5815,45.4785],[12.4675,45.4448],[12.451,45.4372],[12.4379,45.4277],[12.4362,45.4225],[12.428,45.4185],[12.4074,45.4278],[12.3946,45.4253],[12.3607,45.396],[12.3347,45.3584],[12.3309,45.351],[12.3304,45.3372],[12.3428,45.3338],[12.3302,45.3313],[12.333,45.327],[12.3248,45.3288],[12.3046,45.2778],[12.298,45.2456],[12.2996,45.2384],[12.3149,45.2337],[12.3137,45.2285],[12.3046,45.2292],[12.3021,45.2251],[12.3011,45.2095],[12.3088,45.1905],[12.3197,45.181],[12.3324,45.1628],[12.3111,45.1441],[12.2827,45.1434],[12.2803,45.1391],[12.2854,45.1294],[12.2843,45.1258],[12.26,45.1131],[12.2396,45.1066],[12.2024,45.1044],[12.188,45.0891],[12.1801,45.0885],[12.1678,45.094],[12.1599,45.0841],[12.157,45.0722],[12.1478,45.0686],[12.1481,45.0576],[12.1408,45.0556],[12.1141,45.062],[12.0477,45.1054],[12.0496,45.1127],[12.0468,45.1154],[12.0255,45.1196],[12.0296,45.1254],[12.0398,45.1297],[12.0407,45.1333],[12.0057,45.1403],[11.9688,45.134],[11.9619,45.1493],[11.9694,45.1494],[11.9834,45.1556],[11.983,45.1628],[11.9766,45.1626],[11.9753,45.1688],[11.9735,45.1801],[11.9778,45.1871],[12.123,45.2104],[12.1524,45.1942],[12.1839,45.1951],[12.185,45.1969],[12.1711,45.1988],[12.1647,45.2049],[12.1538,45.2082],[12.1548,45.2218],[12.1581,45.2259],[12.1933,45.2338],[12.1955,45.2374],[12.1928,45.2433],[12.2062,45.2731],[12.1998,45.2808],[12.1911,45.285],[12.1908,45.2959],[12.1854,45.3022],[12.137,45.2995],[12.1181,45.3031],[12.1109,45.3067],[12.1007,45.325],[12.0878,45.3316],[12.0791,45.3321],[12.0684,45.3215],[12.0554,45.3196],[12.0482,45.3129],[12.0348,45.3142],[12.0214,45.3222],[12.0146,45.3358],[12.0173,45.3372],[12.0142,45.3436],[12.0339,45.3578],[12.0318,45.3645],[11.9941,45.3798],[11.9948,45.3852],[11.9893,45.3953],[11.975,45.3966],[11.98,45.4085],[12.0028,45.4084],[12.0027,45.4126],[11.996,45.4148],[11.996,45.4226],[12.0149,45.4239],[12.0259,45.444],[12.0263,45.4485],[12.0178,45.4516],[12.0083,45.447],[11.9819,45.4528],[11.9773,45.4642],[11.982,45.4763],[11.9901,45.4735],[12.0036,45.5092],[11.9957,45.5119],[12.008,45.532],[12.0184,45.5287],[12.0263,45.5202],[12.0316,45.5343],[12.034,45.5657],[12.0383,45.5712],[12.0564,45.5724],[12.0837,45.5834],[12.0991,45.6039],[12.1098,45.6038],[12.1084,45.6143],[12.1215,45.6097],[12.1247,45.5977],[12.1449,45.5952],[12.1452,45.5883],[12.1501,45.5849],[12.1612,45.5845],[12.1617,45.5774],[12.1665,45.574],[12.1857,45.5851],[12.1912,45.5835],[12.1939,45.5741],[12.21,45.5705],[12.2121,45.5651],[12.2044,45.5477],[12.206,45.5411],[12.2162,45.5374],[12.2372,45.5378],[12.2455,45.5308],[12.2773,45.536],[12.2809,45.5529],[12.2746,45.5573],[12.2748,45.5611],[12.2792,45.5668],[12.2925,45.5709],[12.2957,45.5747],[12.3192,45.571],[12.3355,45.5624],[12.3562,45.5901],[12.3804,45.578],[12.3877,45.5689],[12.4405,45.5596],[12.4512,45.5703],[12.4379,45.5919],[12.4442,45.6017],[12.4238,45.6222],[12.4283,45.6275],[12.4353,45.6271],[12.4368,45.6366],[12.4571,45.6412],[12.4848,45.6412],[12.4881,45.6517],[12.4871,45.6615],[12.5007,45.6677],[12.4946,45.6748],[12.5043,45.687],[12.5181,45.6886],[12.5217,45.6803],[12.5338,45.6792],[12.5553,45.6846],[12.5768,45.6962],[12.6035,45.6809],[12.6172,45.6958],[12.6452,45.7016],[12.6604,45.7089],[12.6773,45.7054],[12.685,45.713],[12.6807,45.7181],[12.6757,45.7135],[12.6708,45.7168],[12.6724,45.7287],[12.6694,45.7427],[12.663,45.7458],[12.6615,45.7423],[12.6561,45.7411],[12.6466,45.7474],[12.6629,45.7579],[12.6657,45.7669],[12.6626,45.7737],[12.656,45.7781],[12.6562,45.7911],[12.6755,45.7927],[12.73,45.8373],[12.7429,45.8266],[12.7689,45.8498],[12.7805,45.8543],[12.7818,45.854]]]}},{"type":"Feature","properties":{"SIGLA":"PD","DEN_PROV":"Padova","DEN_UTS":"Padova"},"geometry":{"type":"Polygon","coordinates":[[[11.841,45.6771],[11.8393,45.683],[11.8419,45.6833],[11.8836,45.6606],[11.8936,45.6332],[11.8894,45.6318],[11.8917,45.6226],[11.8981,45.6131],[11.9017,45.6184],[11.8979,45.6269],[11.9011,45.628],[11.9133,45.6192],[11.9227,45.6212],[11.9327,45.6155],[11.9654,45.6099],[11.9865,45.6232],[12.0053,45.6224],[12.0063,45.6408],[12.028,45.648],[12.0499,45.6453],[12.0603,45.6383],[12.0723,45.6393],[12.0775,45.6325],[12.0878,45.6171],[12.086,45.6057],[12.0873,45.5997],[12.0925,45.5983],[12.0922,45.5944],[12.0837,45.5834],[12.0564,45.5724],[12.0383,45.5712],[12.034,45.5657],[12.0316,45.5343],[12.0263,45.5202],[12.0184,45.5287],[12.008,45.532],[12.0036,45.5219],[11.998,45.518],[11.9957,45.5119],[12.0036,45.5092],[11.9901,45.4735],[11.982,45.4763],[11.9773,45.4642],[11.9784,45.4562],[11.9829,45.4524],[12.0044,45.4474],[12.0178,45.4516],[12.027,45.4471],[12.0149,45.4239],[11.996,45.4226],[11.996,45.4148],[12.0027,45.4126],[12.0028,45.4084],[11.98,45.4085],[11.975,45.3966],[11.9893,45.3953],[11.9948,45.3852],[11.9941,45.3798],[12.0318,45.3645],[12.0339,45.3578],[12.0142,45.3436],[12.0173,45.3372],[12.0146,45.3358],[12.0214,45.3222],[12.0348,45.3142],[12.0482,45.3129],[12.0554,45.3196],[12.0684,45.3215],[12.0791,45.3321],[12.0846,45.3321],[12.1007,45.325],[12.1109,45.3067],[12.1181,45.3031],[12.137,45.2995],[12.187,45.3013],[12.1908,45.2959],[12.1911,45.285],[12.1998,45.2808],[12.2062,45.2731],[12.1928,45.2433],[12.1955,45.2372],[12.1817,45.2298],[12.1568,45.2253],[12.1538,45.2088],[12.1647,45.2049],[12.1711,45.1988],[12.1846,45.1958],[12.1524,45.1942],[12.123,45.2104],[11.9778,45.1871],[11.9735,45.1801],[11.9753,45.1688],[11.9766,45.1626],[11.983,45.1628],[11.9834,45.1556],[11.9694,45.1494],[11.9619,45.1493],[11.9688,45.134],[11.9485,45.1354],[11.9351,45.1429],[11.9265,45.1433],[11.8972,45.1333],[11.8653,45.1334],[11.8363,45.1256],[11.8324,45.122],[11.8131,45.1231],[11.7735,45.0985],[11.7595,45.0954],[11.7102,45.1022],[11.6945,45.0986],[11.67,45.1057],[11.663,45.1039],[11.6193,45.1091],[11.5741,45.1242],[11.5538,45.1198],[11.5202,45.1197],[11.507,45.1084],[11.493,45.1031],[11.468,45.1088],[11.4169,45.1293],[11.4282,45.1494],[11.4189,45.1572],[11.4217,45.1664],[11.4087,45.175],[11.3997,45.2257],[11.4062,45.2431],[11.4015,45.2514],[11.3909,45.2526],[11.3926,45.2594],[11.4072,45.2626],[11.4262,45.2536],[11.4513,45.2612],[11.4803,45.2585],[11.487,45.266],[11.5284,45.2585],[11.5633,45.262],[11.59,45.2564],[11.613,45.2562],[11.6164,45.2594],[11.5825,45.2726],[11.5802,45.2986],[11.5883,45.313],[11.6041,45.3183],[11.6069,45.3159],[11.6146,45.3179],[11.618,45.327],[11.6169,45.3365],[11.6251,45.3459],[11.6274,45.3564],[11.6122,45.3724],[11.6157,45.388],[11.6531,45.4111],[11.6616,45.4215],[11.6737,45.4237],[11.6933,45.4378],[11.6934,45.4484],[11.6993,45.4572],[11.71,45.4627],[11.7061,45.4733],[11.7455,45.4718],[11.7449,45.486],[11.7376,45.49],[11.734,45.5122],[11.7279,45.5205],[11.7433,45.518],[11.7591,45.5199],[11.731,45.5593],[11.7205,45.5595],[11.7241,45.5526],[11.7217,45.5438],[11.7034,45.5429],[11.6945,45.5507],[11.6858,45.552],[11.6784,45.5496],[11.6792,45.5425],[11.6755,45.5392],[11.6621,45.5381],[11.6579,45.5418],[11.656,45.5516],[11.6699,45.5651],[11.6659,45.5708],[11.6665,45.5764],[11.674,45.585],[11.6743,45.5919],[11.6665,45.595],[11.6498,45.5933],[11.6429,45.5981],[11.6469,45.6346],[11.6562,45.6404],[11.6767,45.6401],[11.6855,45.6479],[11.6858,45.6572],[11.7019,45.6608],[11.7104,45.6683],[11.7081,45.6806],[11.7579,45.6779],[11.8217,45.6872],[11.8398,45.6777],[11.841,45.6771]]]}},{"type":"Feature","properties":{"SIGLA":"RO","DEN_PROV":"Rovigo","DEN_UTS":"Rovigo"},"geometry":{"type":"Polygon","coordinates":[[[12.3305,45.1534],[12.3268,45.1368],[12.3291,45.1188],[12.3369,45.0983],[12.3339,45.089],[12.3449,45.0892],[12.3565,45.0755],[12.4501,45.0106],[12.4849,44.9931],[12.4956,44.9963],[12.5042,44.9945],[12.5065,44.9896],[12.5057,44.9967],[12.5436,44.9758],[12.5553,44.9657],[12.5553,44.9604],[12.5409,44.9547],[12.5099,44.9266],[12.4814,44.868],[12.4661,44.8437],[12.4244,44.8272],[12.4155,44.82],[12.4228,44.8154],[12.4224,44.8111],[12.3998,44.7929],[12.3552,44.8151],[12.347,44.8282],[12.3405,44.8501],[12.3019,44.8557],[12.2941,44.8604],[12.286,44.8724],[12.2819,44.91],[12.2947,44.9274],[12.2838,44.9397],[12.2762,44.9433],[12.2354,44.9314],[12.2253,44.923],[12.1877,44.9264],[12.171,44.942],[12.1444,44.9283],[12.1276,44.9355],[12.1149,44.9591],[12.0916,44.9702],[12.0723,44.972],[12.0611,44.9696],[12.0431,44.9767],[12.0155,44.9766],[11.9642,44.9868],[11.9264,44.9748],[11.8898,44.977],[11.8379,44.9728],[11.8065,44.9772],[11.7838,44.9642],[11.7456,44.9573],[11.7399,44.9486],[11.7448,44.935],[11.7341,44.9271],[11.7155,44.9263],[11.6713,44.9148],[11.6248,44.8892],[11.6009,44.889],[11.5914,44.893],[11.5876,44.9088],[11.5833,44.9142],[11.5612,44.92],[11.5428,44.9329],[11.532,44.9368],[11.4696,44.9364],[11.4275,44.9296],[11.4239,44.938],[11.4276,44.9565],[11.4202,44.9648],[11.3358,44.9904],[11.3087,45.0124],[11.274,45.0183],[11.2631,45.0329],[11.2705,45.0445],[11.2659,45.0562],[11.257,45.0539],[11.2472,45.0443],[11.2385,45.0432],[11.2122,45.0575],[11.1753,45.0601],[11.1736,45.0708],[11.1884,45.0841],[11.1768,45.0885],[11.1775,45.0973],[11.2055,45.1095],[11.2051,45.0997],[11.223,45.0844],[11.2493,45.0915],[11.3057,45.0922],[11.3157,45.0901],[11.3197,45.0832],[11.3325,45.0759],[11.3539,45.0704],[11.3603,45.0575],[11.3858,45.0571],[11.4017,45.0528],[11.4217,45.0676],[11.438,45.0693],[11.4456,45.0803],[11.4362,45.1027],[11.411,45.1216],[11.411,45.1323],[11.468,45.1088],[11.493,45.1031],[11.507,45.1084],[11.5202,45.1197],[11.5538,45.1198],[11.5741,45.1242],[11.6193,45.1091],[11.663,45.1039],[11.67,45.1057],[11.6945,45.0986],[11.7102,45.1022],[11.7595,45.0954],[11.7735,45.0985],[11.8131,45.1231],[11.8324,45.122],[11.8363,45.1256],[11.8653,45.1334],[11.8972,45.1333],[11.9265,45.1433],[11.9351,45.1429],[11.9469,45.1358],[11.9583,45.1337],[12.0057,45.1403],[12.0407,45.1333],[12.0398,45.1297],[12.0296,45.1254],[12.0255,45.1196],[12.0468,45.1154],[12.0496,45.1127],[12.0477,45.1054],[12.1101,45.0642],[12.1416,45.0556],[12.1481,45.0576],[12.1478,45.0686],[12.157,45.0722],[12.1599,45.0841],[12.1678,45.094],[12.1801,45.0885],[12.188,45.0891],[12.2024,45.1044],[12.2396,45.1066],[12.26,45.1131],[12.2843,45.1258],[12.2854,45.1294],[12.2803,45.1391],[12.2827,45.1434],[12.3111,45.1441],[12.3347,45.1638],[12.3315,45.1555],[12.3305,45.1534]]]}},{"type":"Feature","properties":{"SIGLA":"UD","DEN_PROV":"Udine","DEN_UTS":"Udine"},"geometry":{"type":"Polygon","coordinates":[[[12.7746,46.6468],[12.7916,46.643],[12.8094,46.6312],[12.8309,46.6306],[12.8373,46.6274],[12.8337,46.6107],[12.847,46.6058],[12.8573,46.6054],[12.8677,46.6092],[12.9222,46.6091],[12.9496,46.6029],[12.9576,46.606],[12.9877,46.5994],[13.0233,46.6014],[13.0276,46.598],[13.0445,46.5958],[13.082,46.6004],[13.0941,46.5989],[13.1427,46.589],[13.1637,46.5886],[13.192,46.5733],[13.2148,46.5701],[13.2386,46.5527],[13.248,46.5585],[13.2666,46.5601],[13.3007,46.5586],[13.3205,46.5521],[13.3463,46.5688],[13.3673,46.5691],[13.3728,46.5794],[13.4058,46.5721],[13.4084,46.5701],[13.4079,46.5616],[13.4254,46.5579],[13.4756,46.5584],[13.5041,46.5661],[13.5124,46.551],[13.5182,46.5473],[13.5484,46.5532],[13.5641,46.5505],[13.5698,46.5389],[13.5771,46.538],[13.5871,46.5445],[13.597,46.5458],[13.6271,46.5415],[13.6747,46.5233],[13.7139,46.5231],[13.7163,46.5083],[13.7027,46.4994],[13.7038,46.4881],[13.7077,46.4828],[13.6946,46.4682],[13.6974,46.4543],[13.6937,46.444],[13.6888,46.4399],[13.6834,46.4375],[13.6541,46.4423],[13.6484,46.4461],[13.5986,46.439],[13.5799,46.4275],[13.5768,46.4089],[13.5641,46.3988],[13.5311,46.3864],[13.5257,46.3869],[13.5121,46.3764],[13.4768,46.3641],[13.439,46.3602],[13.4371,46.3552],[13.447,46.3375],[13.4473,46.3304],[13.4342,46.322],[13.4257,46.3226],[13.4181,46.3182],[13.416,46.3112],[13.4028,46.3],[13.3755,46.2982],[13.3793,46.2893],[13.3837,46.2906],[13.3916,46.2798],[13.3969,46.2581],[13.406,46.2435],[13.4225,46.2343],[13.4117,46.2176],[13.4126,46.2118],[13.4232,46.2074],[13.4463,46.2128],[13.4482,46.2162],[13.4449,46.2238],[13.4483,46.2252],[13.4844,46.2246],[13.4969,46.2217],[13.4979,46.2175],[13.503,46.2157],[13.5296,46.2181],[13.5347,46.2133],[13.552,46.2092],[13.5612,46.2043],[13.5669,46.1857],[13.5737,46.1844],[13.5908,46.19],[13.6145,46.1844],[13.6351,46.1898],[13.6463,46.1881],[13.6632,46.1801],[13.6638,46.1698],[13.659,46.1653],[13.6536,46.1497],[13.6431,46.1369],[13.6344,46.1346],[13.6219,46.1231],[13.6025,46.113],[13.5946,46.1037],[13.5807,46.0982],[13.5721,46.0886],[13.5469,46.0832],[13.5299,46.0677],[13.513,46.0621],[13.5021,46.0623],[13.4983,46.0592],[13.497,46.0514],[13.489,46.0483],[13.4793,46.0377],[13.4711,46.0125],[13.4604,46.0049],[13.4606,45.9997],[13.4645,45.9982],[13.4665,45.9926],[13.4649,45.9857],[13.4579,45.9864],[13.437,45.9727],[13.4423,45.9571],[13.4282,45.9533],[13.42,45.9287],[13.4051,45.9171],[13.3928,45.9135],[13.3996,45.8962],[13.411,45.8909],[13.4232,45.8712],[13.4132,45.8636],[13.4107,45.8569],[13.4211,45.8404],[13.4285,45.8392],[13.4263,45.8132],[13.4403,45.7857],[13.4197,45.7575],[13.4261,45.7552],[13.4334,45.76],[13.448,45.7495],[13.4608,45.7525],[13.4611,45.7497],[13.4037,45.7388],[13.4082,45.7325],[13.4065,45.7257],[13.3895,45.7242],[13.3658,45.7327],[13.3724,45.7351],[13.3719,45.7374],[13.3272,45.7369],[13.3158,45.7443],[13.2911,45.7502],[13.2763,45.7476],[13.2739,45.7508],[13.2588,45.7511],[13.2501,45.7564],[13.2416,45.7569],[13.2445,45.7133],[13.1858,45.7112],[13.171,45.7031],[13.1567,45.7027],[13.1523,45.7005],[13.153,45.6949],[13.1472,45.6886],[13.11,45.6637],[13.1008,45.6434],[13.0834,45.6503],[13.0846,45.6567],[13.0811,45.6588],[13.0636,45.6564],[13.0619,45.6629],[13.0668,45.6723],[13.0625,45.6792],[13.056,45.6777],[13.0436,45.6855],[13.0505,45.6886],[13.0529,45.6956],[13.0484,45.6968],[13.045,45.6938],[13.0368,45.6994],[13.0406,45.706],[13.0385,45.7172],[13.0302,45.7253],[13.0292,45.7362],[13.0164,45.7306],[13.0146,45.7242],[13.0083,45.7249],[13.008,45.731],[13.0161,45.7359],[13.0152,45.7421],[13.0015,45.7484],[13.0061,45.7659],[12.9889,45.7763],[12.9771,45.788],[12.9789,45.7928],[12.9917,45.7978],[12.9896,45.8015],[12.9868,45.7975],[12.9808,45.7975],[12.9747,45.808],[12.9779,45.8137],[12.9835,45.8149],[12.9884,45.8087],[12.9934,45.8142],[12.9755,45.8234],[12.9745,45.8308],[12.9843,45.834],[12.9785,45.8411],[12.981,45.849],[12.9746,45.8734],[12.931,45.8948],[12.9217,45.904],[12.915,45.9147],[12.9037,45.9644],[12.9109,45.9928],[12.9169,46.0741],[12.9271,46.0936],[12.9337,46.1252],[12.9474,46.1509],[12.9569,46.1864],[12.9652,46.1949],[12.957,46.2036],[12.9465,46.2058],[12.9386,46.2121],[12.9484,46.2166],[12.9535,46.2156],[12.959,46.2266],[12.9732,46.2335],[12.9725,46.2501],[12.9764,46.267],[12.9906,46.2732],[12.9651,46.2852],[12.9541,46.2999],[12.9751,46.3166],[12.9736,46.3258],[12.9612,46.337],[12.9359,46.334],[12.9151,46.3468],[12.9064,46.3348],[12.8815,46.3308],[12.8762,46.3324],[12.88,46.342],[12.8338,46.3459],[12.8217,46.3567],[12.8116,46.3591],[12.7815,46.3558],[12.778,46.3459],[12.7306,46.3367],[12.7198,46.3287],[12.708,46.3253],[12.6929,46.3412],[12.6801,46.3469],[12.6609,46.3458],[12.6545,46.3386],[12.6482,46.3368],[12.637,46.3394],[12.6262,46.3478],[12.61,46.3435],[12.5969,46.3484],[12.6048,46.3557],[12.5873,46.3662],[12.5623,46.3676],[12.5439,46.3606],[12.5346,46.3638],[12.5259,46.3733],[12.5195,46.3981],[12.5019,46.4078],[12.4926,46.4244],[12.5059,46.441],[12.5248,46.4486],[12.5302,46.4645],[12.5417,46.4584],[12.5682,46.4757],[12.5929,46.4714],[12.6019,46.4662],[12.6103,46.4676],[12.6208,46.4754],[12.6423,46.4723],[12.6549,46.4655],[12.6624,46.468],[12.6532,46.4848],[12.6423,46.4905],[12.6307,46.5026],[12.6288,46.5191],[12.6249,46.52],[12.6215,46.5265],[12.6194,46.5414],[12.6287,46.5606],[12.6369,46.572],[12.6436,46.5758],[12.657,46.5728],[12.6746,46.5852],[12.6875,46.5999],[12.7078,46.602],[12.7047,46.6184],[12.7114,46.6256],[12.7453,46.6397],[12.7516,46.6455],[12.7619,46.6478],[12.7746,46.6468]]]}},{"type":"Feature","properties":{"SIGLA":"GO","DEN_PROV":"Gorizia","DEN_UTS":"Gorizia"},"geometry":{"type":"Polygon","coordinates":[[[13.4976,46.0479],[13.51,46.0462],[13.5067,46.0323],[13.497,46.0177],[13.4799,46.0115],[13.4762,46.0063],[13.5004,45.9815],[13.5159,45.9778],[13.5277,45.9671],[13.5427,45.9647],[13.5563,45.9693],[13.5687,45.9692],[13.5764,45.9801],[13.5905,45.9898],[13.6204,45.9838],[13.6334,45.9895],[13.642,45.9836],[13.6346,45.9539],[13.6363,45.934],[13.6168,45.9128],[13.6084,45.899],[13.5904,45.8878],[13.5922,45.8783],[13.5736,45.8492],[13.5745,45.8431],[13.5893,45.8313],[13.5961,45.8127],[13.5963,45.8079],[13.5761,45.795],[13.5799,45.777],[13.5619,45.7784],[13.5409,45.8012],[13.5329,45.8041],[13.5389,45.8018],[13.5446,45.7933],[13.5386,45.7882],[13.53,45.7881],[13.5372,45.7832],[13.5457,45.7869],[13.5479,45.7828],[13.5409,45.7824],[13.5252,45.7697],[13.5207,45.7622],[13.5232,45.7507],[13.5172,45.7436],[13.5265,45.7366],[13.5536,45.7294],[13.5532,45.7246],[13.5306,45.7233],[13.4868,45.7046],[13.4726,45.7042],[13.4649,45.7071],[13.4679,45.7027],[13.4569,45.6914],[13.4242,45.6767],[13.3857,45.6748],[13.3677,45.6828],[13.3484,45.6794],[13.3232,45.6874],[13.2906,45.7045],[13.2555,45.7084],[13.2432,45.7224],[13.2416,45.7569],[13.2501,45.7564],[13.2588,45.7511],[13.2739,45.7508],[13.2763,45.7476],[13.2911,45.7502],[13.3158,45.7443],[13.3272,45.7369],[13.3719,45.7374],[13.3724,45.7351],[13.3658,45.7327],[13.3895,45.7242],[13.4065,45.7257],[13.4082,45.7325],[13.4037,45.7388],[13.4611,45.7497],[13.4608,45.7525],[13.448,45.7495],[13.4334,45.76],[13.4261,45.7552],[13.4197,45.7575],[13.4403,45.7857],[13.4263,45.8132],[13.4285,45.8392],[13.4211,45.8404],[13.4107,45.8569],[13.4132,45.8636],[13.4232,45.8712],[13.411,45.8909],[13.3996,45.8962],[13.3928,45.9135],[13.4051,45.9171],[13.42,45.9287],[13.4282,45.9533],[13.4423,45.9571],[13.437,45.9727],[13.4579,45.9864],[13.4649,45.9857],[13.4665,45.9926],[13.4645,45.9982],[13.4606,45.9997],[13.4604,46.0049],[13.4711,46.0125],[13.4833,46.0436],[13.497,46.0514],[13.4966,46.0489],[13.4976,46.0479]]]}},{"type":"Feature","properties":{"SIGLA":"TS","DEN_PROV":"Trieste","DEN_UTS":"Trieste"},"geometry":{"type":"MultiPolygon","coordinates":[[[[13.7582,45.6631],[13.762,45.6562],[13.7571,45.6642],[13.7582,45.6631]]],[[[13.5963,45.8079],[13.6233,45.7982],[13.6705,45.7982],[13.7091,45.7746],[13.7267,45.7676],[13.7359,45.7596],[13.7963,45.7427],[13.8113,45.7228],[13.8271,45.7143],[13.8337,45.7072],[13.8349,45.7008],[13.831,45.6927],[13.8337,45.6872],[13.8449,45.6806],[13.8676,45.6592],[13.9044,45.6419],[13.9189,45.6336],[13.9181,45.6311],[13.8741,45.6104],[13.8616,45.5956],[13.8528,45.5915],[13.8494,45.5848],[13.8411,45.5828],[13.7897,45.5826],[13.746,45.5978],[13.7231,45.5948],[13.7201,45.6058],[13.7311,45.6088],[13.7568,45.6081],[13.7834,45.5987],[13.8076,45.6126],[13.7839,45.613],[13.7738,45.6238],[13.7739,45.6298],[13.7782,45.6312],[13.7736,45.6353],[13.7666,45.6369],[13.766,45.6305],[13.7568,45.6279],[13.7549,45.6312],[13.7592,45.6324],[13.7473,45.6395],[13.7487,45.644],[13.7547,45.65],[13.76,45.6467],[13.7693,45.653],[13.7603,45.6634],[13.7534,45.6805],[13.7445,45.6881],[13.712,45.7053],[13.7121,45.7103],[13.681,45.7338],[13.6436,45.7563],[13.631,45.7681],[13.599,45.7728],[13.5833,45.7798],[13.5761,45.795],[13.5963,45.8079]]]]}},{"type":"Feature","properties":{"SIGLA":"PC","DEN_PROV":"Piacenza","DEN_UTS":"Piacenza"},"geometry":{"type":"MultiPolygon","coordinates":[[[[9.2998,44.6924],[9.3042,44.6966],[9.3007,44.6925],[9.2998,44.6924]]],[[[9.2997,44.7045],[9.3017,44.7031],[9.2899,44.7008],[9.2928,44.7059],[9.2997,44.7045]]],[[[9.9174,45.0996],[9.9362,45.1046],[9.973,45.1332],[9.9869,45.133],[10.0285,45.0962],[10.0295,45.0872],[10.0216,45.0759],[10.0297,45.0668],[10.0435,45.0631],[10.0484,45.0575],[10.053,45.05],[10.0502,45.0413],[10.0823,45.0466],[10.0835,45.044],[10.0576,45.0377],[10.0455,45.0292],[10.0343,45.0013],[10.0342,44.9873],[10.0044,44.9684],[9.9881,44.9385],[9.9891,44.9348],[9.9991,44.9292],[9.9927,44.9132],[9.9939,44.9077],[10.0104,44.8942],[10.0105,44.8751],[9.9992,44.8707],[9.9851,44.8585],[9.9826,44.8443],[9.9731,44.8432],[9.9616,44.8368],[9.9525,44.84],[9.9426,44.8377],[9.9052,44.8105],[9.8821,44.8028],[9.8744,44.7854],[9.8802,44.7685],[9.865,44.7621],[9.8561,44.7661],[9.8359,44.7585],[9.8195,44.7612],[9.8145,44.7576],[9.8201,44.7509],[9.8163,44.7392],[9.7982,44.731],[9.7852,44.7165],[9.7612,44.7049],[9.7655,44.6932],[9.7652,44.6813],[9.7194,44.6771],[9.6985,44.6715],[9.6867,44.6751],[9.6835,44.6811],[9.6744,44.6868],[9.6618,44.6804],[9.6536,44.6717],[9.6282,44.6626],[9.6241,44.6585],[9.6318,44.6406],[9.5891,44.6246],[9.5762,44.6099],[9.5581,44.604],[9.5526,44.5979],[9.5524,44.5895],[9.533,44.586],[9.5112,44.5621],[9.4933,44.5559],[9.4861,44.5613],[9.4696,44.5659],[9.4534,44.5621],[9.4503,44.5718],[9.433,44.5712],[9.4197,44.5771],[9.4213,44.5926],[9.4051,44.5998],[9.4026,44.5908],[9.3976,44.5876],[9.3894,44.5902],[9.3811,44.5767],[9.3642,44.5847],[9.3557,44.5845],[9.3467,44.5795],[9.3363,44.582],[9.3004,44.6078],[9.2875,44.6076],[9.2851,44.599],[9.2802,44.5962],[9.2462,44.5993],[9.2565,44.611],[9.2455,44.6196],[9.203,44.6135],[9.2004,44.6153],[9.199,44.646],[9.2064,44.6608],[9.2001,44.6754],[9.1998,44.6859],[9.2238,44.6834],[9.2421,44.6875],[9.2323,44.7033],[9.2351,44.7164],[9.2543,44.6921],[9.2595,44.6799],[9.266,44.684],[9.2786,44.6856],[9.2858,44.6845],[9.2855,44.6799],[9.2966,44.6808],[9.3097,44.688],[9.3251,44.6907],[9.3262,44.6938],[9.3154,44.6974],[9.3084,44.7051],[9.3172,44.7195],[9.3286,44.7265],[9.3317,44.7353],[9.3212,44.7434],[9.2882,44.7574],[9.2847,44.7671],[9.2885,44.7737],[9.3179,44.7862],[9.3233,44.7992],[9.3545,44.8123],[9.3631,44.8224],[9.3503,44.837],[9.3424,44.8673],[9.3168,44.8777],[9.3072,44.8761],[9.2899,44.8824],[9.2928,44.8903],[9.281,44.896],[9.293,44.9205],[9.285,44.9318],[9.3145,44.9368],[9.3215,44.944],[9.3251,44.9566],[9.3353,44.9681],[9.3365,44.9779],[9.3437,44.9925],[9.3532,45.001],[9.3651,45.0024],[9.3703,45.0117],[9.3743,45.0204],[9.3702,45.0233],[9.3703,45.0287],[9.3756,45.0404],[9.3712,45.0456],[9.3722,45.0503],[9.4064,45.0732],[9.4126,45.0789],[9.4108,45.0828],[9.4356,45.0818],[9.4391,45.092],[9.4714,45.0955],[9.4995,45.1039],[9.5089,45.0992],[9.5255,45.0801],[9.5326,45.0786],[9.551,45.0908],[9.5358,45.1215],[9.5387,45.1289],[9.5487,45.1327],[9.5608,45.1225],[9.5686,45.1073],[9.586,45.105],[9.5874,45.0996],[9.6019,45.1041],[9.612,45.1115],[9.619,45.1335],[9.6294,45.132],[9.6374,45.1255],[9.6408,45.1176],[9.6315,45.0904],[9.6349,45.084],[9.6434,45.0805],[9.6595,45.0821],[9.6743,45.0784],[9.6837,45.0703],[9.715,45.0582],[9.7277,45.0621],[9.7378,45.0732],[9.7504,45.079],[9.7531,45.0866],[9.7448,45.1097],[9.7486,45.1133],[9.7655,45.1083],[9.7773,45.0913],[9.7889,45.0838],[9.8133,45.0781],[9.8168,45.0707],[9.8166,45.0545],[9.8233,45.0527],[9.8338,45.0617],[9.8352,45.069],[9.8314,45.084],[9.833,45.0918],[9.8384,45.0956],[9.8615,45.0936],[9.8795,45.0751],[9.8968,45.0805],[9.9009,45.0875],[9.9006,45.0954],[9.8778,45.1135],[9.8754,45.1217],[9.881,45.127],[9.9137,45.1391],[9.9238,45.135],[9.9271,45.126],[9.9216,45.114],[9.9144,45.1094],[9.9134,45.1035],[9.9167,45.0998],[9.9174,45.0996]]]]}},{"type":"Feature","properties":{"SIGLA":"PR","DEN_PROV":"Parma","DEN_UTS":"Parma"},"geometry":{"type":"Polygon","coordinates":[[[10.1873,45.0282],[10.2111,45.034],[10.2212,45.0309],[10.2559,45.0178],[10.2745,44.9979],[10.3047,44.999],[10.31,44.993],[10.3092,44.9896],[10.3569,44.9658],[10.368,44.9674],[10.3917,44.983],[10.408,44.9838],[10.4168,44.9777],[10.4357,44.9431],[10.4609,44.9382],[10.5043,44.9224],[10.493,44.9129],[10.4946,44.9098],[10.4868,44.9019],[10.4762,44.9017],[10.4634,44.8967],[10.4609,44.8896],[10.4706,44.8783],[10.4663,44.8741],[10.4647,44.856],[10.4551,44.8486],[10.4538,44.8353],[10.4415,44.8203],[10.4376,44.8044],[10.4235,44.7982],[10.4286,44.7564],[10.4252,44.7394],[10.4459,44.7267],[10.4473,44.7193],[10.4146,44.6706],[10.4168,44.6416],[10.4144,44.6288],[10.4099,44.6207],[10.4026,44.6164],[10.4011,44.6087],[10.402,44.5922],[10.3987,44.5837],[10.4024,44.5754],[10.4017,44.5631],[10.3848,44.5489],[10.3633,44.5429],[10.3527,44.5293],[10.3419,44.5251],[10.3385,44.5162],[10.3388,44.5038],[10.332,44.4952],[10.3316,44.4848],[10.2843,44.4595],[10.2698,44.4581],[10.2554,44.4523],[10.2317,44.4302],[10.2238,44.4104],[10.2089,44.3959],[10.1888,44.3873],[10.1669,44.3844],[10.1594,44.3804],[10.1498,44.3706],[10.142,44.3539],[10.1183,44.3529],[10.1017,44.3484],[10.0745,44.3591],[10.0516,44.3732],[10.0204,44.3842],[9.9966,44.3983],[9.9902,44.4048],[9.9923,44.4118],[10.0055,44.4285],[10.0011,44.443],[9.996,44.447],[9.9811,44.4451],[9.976,44.4482],[9.9714,44.4522],[9.9707,44.4644],[9.9331,44.4711],[9.8551,44.4706],[9.8197,44.4661],[9.8158,44.4618],[9.8167,44.4521],[9.7982,44.4431],[9.7728,44.4168],[9.7581,44.4071],[9.7528,44.4005],[9.7551,44.3929],[9.7478,44.3889],[9.7442,44.3823],[9.7321,44.3794],[9.7169,44.3832],[9.6899,44.3691],[9.6839,44.3625],[9.6733,44.367],[9.663,44.4007],[9.6545,44.4117],[9.635,44.4151],[9.6065,44.4333],[9.596,44.435],[9.5825,44.4285],[9.5741,44.435],[9.5585,44.4387],[9.5548,44.438],[9.5507,44.428],[9.5474,44.4268],[9.529,44.4278],[9.4928,44.4233],[9.4819,44.4171],[9.479,44.4093],[9.4738,44.4128],[9.4723,44.4219],[9.4613,44.4229],[9.4425,44.4163],[9.4384,44.4204],[9.4396,44.4301],[9.4458,44.4384],[9.4523,44.4404],[9.4706,44.472],[9.4689,44.4819],[9.4823,44.4793],[9.4958,44.4826],[9.496,44.5037],[9.501,44.5117],[9.5046,44.53],[9.4995,44.5389],[9.4882,44.5456],[9.4906,44.5528],[9.5112,44.5621],[9.533,44.586],[9.5524,44.5895],[9.5526,44.5979],[9.5581,44.604],[9.5762,44.6099],[9.5891,44.6246],[9.6318,44.6406],[9.6241,44.657],[9.6282,44.6626],[9.6519,44.6708],[9.6618,44.6804],[9.6753,44.6871],[9.6867,44.6751],[9.6985,44.6715],[9.7194,44.6771],[9.7652,44.6813],[9.7655,44.6932],[9.7612,44.7049],[9.7852,44.7165],[9.7982,44.731],[9.8163,44.7392],[9.8201,44.7509],[9.8145,44.7576],[9.8195,44.7612],[9.8359,44.7585],[9.8561,44.7661],[9.865,44.7621],[9.8802,44.7685],[9.8744,44.7854],[9.8821,44.8028],[9.9052,44.8105],[9.9426,44.8377],[9.9525,44.84],[9.9616,44.8368],[9.9731,44.8432],[9.9826,44.8443],[9.9851,44.8585],[9.9992,44.8707],[10.01,44.8746],[10.0113,44.8801],[10.0104,44.8942],[9.9939,44.9077],[9.9926,44.9143],[9.9991,44.9292],[9.9891,44.9348],[9.9881,44.9385],[10.0044,44.9684],[10.0342,44.9873],[10.0343,45.0013],[10.0455,45.0292],[10.0576,45.0377],[10.0835,45.044],[10.0841,45.0329],[10.0904,45.0259],[10.1062,45.0221],[10.1467,45.035],[10.155,45.043],[10.161,45.0444],[10.1688,45.0432],[10.1749,45.037],[10.1739,45.033],[10.1844,45.0292],[10.1873,45.0282]]]}},{"type":"Feature","properties":{"SIGLA":"RE","DEN_PROV":"Reggio nell'Emilia","DEN_UTS":"Reggio nell'Emilia"},"geometry":{"type":"Polygon","coordinates":[[[10.7382,44.9854],[10.7468,44.9643],[10.7428,44.9539],[10.7446,44.9489],[10.8088,44.9361],[10.8192,44.9368],[10.8402,44.9319],[10.8477,44.9257],[10.8654,44.9296],[10.8686,44.9208],[10.8802,44.9177],[10.898,44.9218],[10.8897,44.9175],[10.8771,44.9019],[10.8825,44.8717],[10.8765,44.8666],[10.8477,44.8629],[10.8363,44.8484],[10.8374,44.8443],[10.8173,44.8112],[10.8182,44.8042],[10.8368,44.7978],[10.8398,44.7932],[10.8338,44.7755],[10.8155,44.7551],[10.8198,44.7297],[10.8079,44.7015],[10.8081,44.6963],[10.8207,44.6904],[10.8142,44.6771],[10.8163,44.6621],[10.8103,44.6557],[10.795,44.6504],[10.7837,44.6258],[10.7868,44.6061],[10.7768,44.5798],[10.7752,44.564],[10.7696,44.5488],[10.7427,44.5125],[10.73,44.5016],[10.7026,44.488],[10.6895,44.475],[10.6706,44.4692],[10.6576,44.4584],[10.6536,44.4493],[10.6556,44.4395],[10.6507,44.433],[10.6315,44.4208],[10.6215,44.4069],[10.6235,44.3894],[10.6142,44.3748],[10.5948,44.363],[10.5512,44.3598],[10.5277,44.35],[10.5253,44.328],[10.5116,44.3026],[10.516,44.2822],[10.5071,44.2713],[10.487,44.263],[10.4848,44.2357],[10.4701,44.2261],[10.4664,44.2297],[10.4308,44.2266],[10.4157,44.2346],[10.4079,44.2479],[10.377,44.2671],[10.3606,44.2715],[10.3371,44.2715],[10.3141,44.2788],[10.3071,44.2843],[10.2964,44.2852],[10.2539,44.2686],[10.237,44.2816],[10.2263,44.3],[10.2181,44.3047],[10.2124,44.3028],[10.2017,44.3124],[10.1877,44.317],[10.1849,44.3215],[10.1679,44.3299],[10.1599,44.3447],[10.142,44.3539],[10.157,44.3787],[10.1669,44.3844],[10.1888,44.3873],[10.2089,44.3959],[10.2238,44.4104],[10.2317,44.4302],[10.2562,44.4528],[10.2698,44.4581],[10.2843,44.4595],[10.3264,44.4808],[10.3322,44.4854],[10.332,44.4952],[10.3388,44.5038],[10.3385,44.5162],[10.3419,44.5251],[10.3527,44.5293],[10.3633,44.5429],[10.3848,44.5489],[10.4016,44.5629],[10.4024,44.5754],[10.3987,44.5837],[10.402,44.5922],[10.4011,44.6087],[10.4026,44.6164],[10.4099,44.6207],[10.4144,44.6288],[10.4168,44.6416],[10.4146,44.6706],[10.4473,44.7193],[10.4459,44.7267],[10.4252,44.7394],[10.4286,44.7564],[10.4235,44.7982],[10.4376,44.8044],[10.4415,44.8203],[10.4538,44.8353],[10.4551,44.8486],[10.4647,44.856],[10.4663,44.8741],[10.4706,44.8783],[10.4609,44.8896],[10.4634,44.8967],[10.4762,44.9017],[10.4868,44.9019],[10.4946,44.9098],[10.493,44.9129],[10.5043,44.9224],[10.5229,44.9124],[10.5742,44.9094],[10.5988,44.9147],[10.6309,44.9302],[10.6499,44.9476],[10.6647,44.9689],[10.6789,44.9764],[10.6867,44.9866],[10.696,44.9745],[10.688,44.9656],[10.6947,44.9619],[10.7108,44.9731],[10.7137,44.9866],[10.7316,44.9914],[10.7382,44.9854]]]}},{"type":"Feature","properties":{"SIGLA":"MO","DEN_PROV":"Modena","DEN_UTS":"Modena"},"geometry":{"type":"MultiPolygon","coordinates":[[[[10.4807,44.1895],[10.4808,44.1895]]],[[[11.0823,44.96],[11.1204,44.9536],[11.1524,44.9332],[11.1585,44.9381],[11.2021,44.9395],[11.2318,44.9448],[11.2434,44.9479],[11.2462,44.9514],[11.2604,44.9331],[11.2549,44.9245],[11.2387,44.914],[11.2353,44.9052],[11.2454,44.8983],[11.2503,44.9005],[11.2644,44.8976],[11.3283,44.8749],[11.3429,44.8725],[11.3563,44.8615],[11.3685,44.8408],[11.3662,44.8369],[11.3543,44.8364],[11.3401,44.8308],[11.3234,44.8326],[11.3092,44.8248],[11.3014,44.8099],[11.2933,44.8028],[11.2078,44.8043],[11.1778,44.7929],[11.1498,44.7862],[11.1325,44.786],[11.1298,44.7821],[11.1168,44.7097],[11.0781,44.647],[11.1212,44.6334],[11.1252,44.6281],[11.1183,44.6178],[11.1424,44.605],[11.1468,44.5925],[11.1528,44.5898],[11.1524,44.5863],[11.1403,44.5825],[11.1347,44.5774],[11.1264,44.5632],[11.1075,44.5435],[11.1047,44.5395],[11.1141,44.5362],[11.1083,44.5248],[11.0872,44.5301],[11.069,44.5253],[11.0562,44.534],[11.0543,44.5309],[11.0584,44.5129],[11.0654,44.5003],[11.0617,44.4919],[11.0553,44.4875],[11.051,44.4714],[11.0475,44.467],[11.0263,44.4597],[11.0132,44.4471],[10.9902,44.4407],[10.9967,44.4295],[11.0177,44.4301],[11.0368,44.4266],[11.0482,44.4161],[11.0492,44.4082],[11.0224,44.3736],[11.0235,44.3554],[11.0361,44.3459],[11.0399,44.3325],[11.038,44.3284],[11.0263,44.3128],[11.0079,44.2969],[10.9977,44.3045],[10.9643,44.3013],[10.9499,44.2932],[10.9495,44.2869],[10.9601,44.2791],[10.9674,44.2787],[10.9686,44.2741],[10.9661,44.2681],[10.9667,44.2474],[10.957,44.2263],[10.9438,44.2257],[10.9067,44.2056],[10.8988,44.2066],[10.8942,44.2108],[10.8897,44.2245],[10.8613,44.2322],[10.8503,44.2278],[10.8552,44.2074],[10.8465,44.1999],[10.8351,44.197],[10.8198,44.1808],[10.8185,44.1674],[10.8078,44.1543],[10.8045,44.1399],[10.8099,44.1326],[10.8148,44.1162],[10.8041,44.1186],[10.7981,44.1263],[10.7744,44.134],[10.7542,44.1542],[10.6892,44.1572],[10.6616,44.154],[10.644,44.1601],[10.6361,44.1541],[10.6332,44.1462],[10.6226,44.1412],[10.6241,44.1204],[10.6091,44.1186],[10.6051,44.1147],[10.5931,44.1154],[10.5841,44.1195],[10.5814,44.1268],[10.5615,44.1407],[10.5249,44.1568],[10.5194,44.1676],[10.5236,44.1743],[10.4869,44.2025],[10.4918,44.2176],[10.4846,44.2228],[10.4701,44.2261],[10.4848,44.2357],[10.487,44.263],[10.5071,44.2713],[10.516,44.2822],[10.5116,44.3026],[10.5253,44.328],[10.5277,44.35],[10.5512,44.3598],[10.5948,44.363],[10.6142,44.3748],[10.6235,44.3894],[10.6215,44.4069],[10.6315,44.4208],[10.6507,44.433],[10.6556,44.4395],[10.6536,44.4493],[10.6576,44.4584],[10.6682,44.4678],[10.6872,44.4736],[10.7026,44.488],[10.73,44.5016],[10.7427,44.5125],[10.7665,44.5423],[10.7863,44.6036],[10.7837,44.6258],[10.7964,44.6525],[10.8103,44.6557],[10.8163,44.6621],[10.8142,44.6771],[10.8207,44.6904],[10.8081,44.6963],[10.8079,44.7015],[10.8198,44.7297],[10.8155,44.7551],[10.8338,44.7755],[10.8398,44.7932],[10.8368,44.7978],[10.8182,44.8042],[10.8173,44.8112],[10.8374,44.8443],[10.8387,44.8521],[10.8477,44.8629],[10.8765,44.8666],[10.8825,44.8717],[10.8771,44.9019],[10.8879,44.9143],[10.8903,44.9124],[10.9171,44.9241],[10.9414,44.9219],[10.9544,44.9334],[10.9674,44.9351],[10.9975,44.9551],[11.0579,44.9497],[11.0762,44.9616],[11.0823,44.96]]]]}},{"type":"Feature","properties":{"SIGLA":"BO","DEN_PROV":"Bologna","DEN_UTS":"Bologna"},"geometry":{"type":"Polygon","coordinates":[[[11.2582,44.8044],[11.2933,44.8028],[11.2461,44.7584],[11.271,44.751],[11.2539,44.7175],[11.2759,44.7064],[11.28,44.7114],[11.2898,44.7139],[11.3096,44.7366],[11.3411,44.7552],[11.3597,44.7742],[11.382,44.7804],[11.4047,44.7668],[11.4303,44.7608],[11.4534,44.7603],[11.5823,44.7077],[11.5927,44.7117],[11.6745,44.6325],[11.6887,44.6293],[11.6953,44.6352],[11.7223,44.6359],[11.7265,44.6523],[11.7573,44.6491],[11.7719,44.6408],[11.7947,44.6355],[11.8064,44.6236],[11.7949,44.6184],[11.7881,44.609],[11.7896,44.5922],[11.7829,44.585],[11.7456,44.58],[11.7529,44.5733],[11.7636,44.5758],[11.7594,44.5697],[11.7625,44.568],[11.7737,44.5647],[11.7842,44.5683],[11.7917,44.5635],[11.7806,44.5226],[11.7787,44.5035],[11.7655,44.5093],[11.7498,44.4976],[11.7953,44.4846],[11.7806,44.4676],[11.7989,44.4608],[11.7813,44.4363],[11.8273,44.4177],[11.8333,44.4227],[11.8404,44.4236],[11.8407,44.4171],[11.8109,44.3875],[11.7988,44.367],[11.7903,44.3621],[11.7856,44.3478],[11.7768,44.338],[11.7691,44.3331],[11.7587,44.3322],[11.7532,44.3234],[11.7351,44.308],[11.7137,44.2982],[11.7086,44.29],[11.6961,44.2887],[11.692,44.2894],[11.6912,44.2951],[11.6976,44.3093],[11.6728,44.3155],[11.6677,44.3119],[11.6713,44.2893],[11.6686,44.2846],[11.6631,44.2779],[11.6396,44.2712],[11.627,44.2478],[11.5838,44.2338],[11.5769,44.2285],[11.5778,44.2249],[11.5656,44.2183],[11.5552,44.2229],[11.5513,44.2187],[11.5491,44.205],[11.5617,44.1892],[11.5617,44.1855],[11.5356,44.1904],[11.5354,44.1791],[11.5224,44.1554],[11.4862,44.1756],[11.4854,44.1791],[11.4895,44.1803],[11.4836,44.1845],[11.4677,44.1858],[11.4635,44.1913],[11.4546,44.1937],[11.4481,44.1998],[11.4479,44.2049],[11.455,44.2124],[11.4514,44.2206],[11.4239,44.2375],[11.3951,44.2201],[11.3874,44.2052],[11.3799,44.1997],[11.3461,44.205],[11.3302,44.1985],[11.3242,44.1929],[11.3229,44.1817],[11.3119,44.1737],[11.2972,44.1701],[11.2812,44.1563],[11.2393,44.1589],[11.214,44.1501],[11.1961,44.1515],[11.1936,44.1467],[11.1959,44.143],[11.2153,44.1319],[11.2519,44.1157],[11.2601,44.1158],[11.2637,44.1043],[11.2513,44.1023],[11.2473,44.0978],[11.2295,44.102],[11.2082,44.0992],[11.1549,44.1118],[11.1218,44.1065],[11.0888,44.09],[11.0494,44.0902],[11.0471,44.0949],[11.024,44.0975],[11.0021,44.1124],[11.0062,44.1215],[11.0149,44.1249],[11.0143,44.1375],[11.0061,44.1385],[10.9962,44.1362],[10.9929,44.134],[10.9937,44.1293],[10.9714,44.1163],[10.9643,44.102],[10.9441,44.0812],[10.9267,44.0749],[10.9183,44.063],[10.9018,44.064],[10.8991,44.0665],[10.9052,44.0799],[10.9019,44.0863],[10.8771,44.0997],[10.8559,44.0988],[10.846,44.1026],[10.8428,44.1096],[10.8292,44.1167],[10.8191,44.1125],[10.815,44.1156],[10.8099,44.1326],[10.8045,44.1399],[10.8078,44.1543],[10.8185,44.1674],[10.8198,44.1808],[10.8351,44.197],[10.8465,44.1999],[10.8552,44.2074],[10.8501,44.2275],[10.8603,44.2319],[10.8897,44.2245],[10.8942,44.2108],[10.8988,44.2066],[10.9067,44.2056],[10.9438,44.2257],[10.957,44.2263],[10.9667,44.2474],[10.9661,44.2681],[10.9686,44.2741],[10.9674,44.2787],[10.9601,44.2791],[10.9495,44.2869],[10.9499,44.2932],[10.9643,44.3013],[10.9977,44.3045],[11.0079,44.2969],[11.0263,44.3128],[11.038,44.3284],[11.0399,44.3325],[11.0361,44.3459],[11.0235,44.3554],[11.0224,44.3736],[11.0492,44.4082],[11.0482,44.4161],[11.0368,44.4266],[11.0177,44.4301],[10.9967,44.4295],[10.9902,44.4407],[11.0132,44.4471],[11.0263,44.4597],[11.0475,44.467],[11.051,44.4714],[11.0553,44.4875],[11.0617,44.4919],[11.0654,44.5003],[11.0584,44.5129],[11.0543,44.5309],[11.0562,44.534],[11.069,44.5253],[11.0872,44.5301],[11.1083,44.5248],[11.1141,44.5362],[11.1047,44.5395],[11.1075,44.5435],[11.1264,44.5632],[11.1347,44.5774],[11.1403,44.5825],[11.1524,44.5863],[11.1528,44.5898],[11.1468,44.5925],[11.1424,44.605],[11.1183,44.6178],[11.1252,44.6281],[11.1212,44.6334],[11.0781,44.647],[11.1168,44.7097],[11.1298,44.7821],[11.1325,44.786],[11.1498,44.7862],[11.1778,44.7929],[11.2078,44.8043],[11.2228,44.8022],[11.2535,44.8046],[11.2582,44.8044]]]}},{"type":"Feature","properties":{"SIGLA":"FE","DEN_PROV":"Ferrara","DEN_UTS":"Ferrara"},"geometry":{"type":"Polygon","coordinates":[[[12.0155,44.9766],[12.0431,44.9767],[12.0611,44.9696],[12.0723,44.972],[12.0916,44.9702],[12.1149,44.9591],[12.1276,44.9355],[12.1444,44.9283],[12.171,44.942],[12.1877,44.9264],[12.2253,44.923],[12.2354,44.9314],[12.2467,44.9356],[12.2722,44.9433],[12.2809,44.9418],[12.2949,44.9262],[12.2819,44.91],[12.286,44.8724],[12.2941,44.8604],[12.3019,44.8557],[12.3405,44.8501],[12.347,44.8282],[12.3552,44.8151],[12.3981,44.7928],[12.3929,44.7873],[12.3752,44.7835],[12.3219,44.7885],[12.3232,44.7916],[12.3421,44.7886],[12.326,44.7953],[12.3282,44.7963],[12.3747,44.7856],[12.3813,44.7855],[12.3853,44.7899],[12.3727,44.7922],[12.3728,44.7964],[12.3524,44.8119],[12.3504,44.8173],[12.3355,44.8239],[12.3169,44.8413],[12.2855,44.8398],[12.2578,44.8152],[12.2604,44.8132],[12.2753,44.8161],[12.2679,44.8084],[12.2675,44.8038],[12.2821,44.8183],[12.2852,44.8181],[12.2521,44.7694],[12.2441,44.7403],[12.241,44.7116],[12.2415,44.6858],[12.2468,44.6763],[12.2524,44.6756],[12.2506,44.662],[12.2678,44.6284],[12.2609,44.6237],[12.237,44.6205],[12.1538,44.5485],[12.117,44.5467],[12.0913,44.5591],[12.076,44.5613],[12.0677,44.5586],[12.0661,44.5494],[12.0595,44.5485],[12.0283,44.5604],[12.031,44.5693],[12.027,44.5768],[12.006,44.5845],[12.0072,44.5969],[12.0022,44.6002],[11.8705,44.5776],[11.8631,44.5691],[11.8603,44.5598],[11.8496,44.5561],[11.8319,44.5616],[11.7892,44.5543],[11.7917,44.5635],[11.7896,44.5658],[11.7806,44.5686],[11.7737,44.5647],[11.7625,44.568],[11.7594,44.5697],[11.7636,44.5758],[11.7529,44.5733],[11.7456,44.58],[11.7829,44.585],[11.7896,44.5922],[11.7881,44.609],[11.7949,44.6184],[11.8064,44.6236],[11.7947,44.6355],[11.7719,44.6408],[11.7573,44.6491],[11.7265,44.6523],[11.7223,44.6359],[11.6953,44.6352],[11.6887,44.6293],[11.6745,44.6325],[11.5927,44.7117],[11.5823,44.7077],[11.4534,44.7603],[11.4303,44.7608],[11.4047,44.7668],[11.3833,44.7802],[11.3734,44.78],[11.3597,44.7742],[11.3411,44.7552],[11.3096,44.7366],[11.2898,44.7139],[11.28,44.7114],[11.2759,44.7064],[11.2539,44.7175],[11.271,44.751],[11.2461,44.7584],[11.2984,44.8063],[11.3092,44.8248],[11.3234,44.8326],[11.3401,44.8308],[11.3543,44.8364],[11.3662,44.8369],[11.3685,44.8408],[11.3563,44.8615],[11.3429,44.8725],[11.3283,44.8749],[11.2644,44.8976],[11.2503,44.9005],[11.2454,44.8983],[11.2353,44.9052],[11.2387,44.914],[11.2549,44.9245],[11.2604,44.9331],[11.2462,44.9514],[11.2723,44.9383],[11.2854,44.9568],[11.3228,44.9612],[11.3572,44.9501],[11.3628,44.9555],[11.3767,44.9581],[11.4057,44.9487],[11.4262,44.9521],[11.424,44.9366],[11.4294,44.929],[11.4696,44.9364],[11.532,44.9368],[11.5428,44.9329],[11.5612,44.92],[11.5847,44.9132],[11.5935,44.8909],[11.6174,44.888],[11.6248,44.8892],[11.6713,44.9148],[11.7155,44.9263],[11.7341,44.9271],[11.7448,44.935],[11.7399,44.9486],[11.7456,44.9573],[11.7838,44.9642],[11.8038,44.9768],[11.8379,44.9728],[11.8898,44.977],[11.9264,44.9748],[11.9627,44.9868],[12.0132,44.9771],[12.0155,44.9766]]]}},{"type":"Feature","properties":{"SIGLA":"RA","DEN_PROV":"Ravenna","DEN_UTS":"Ravenna"},"geometry":{"type":"Polygon","coordinates":[[[12.2732,44.6208],[12.2826,44.5855],[12.2805,44.5123],[12.2856,44.4979],[12.2938,44.4889],[12.2859,44.486],[12.289,44.4641],[12.3151,44.4066],[12.326,44.3585],[12.3433,44.3183],[12.3572,44.2706],[12.3839,44.2246],[12.3493,44.1907],[12.2802,44.2332],[12.2471,44.2308],[12.2394,44.2209],[12.2265,44.2135],[12.2161,44.2132],[12.2159,44.2166],[12.2027,44.2259],[12.2046,44.233],[12.21,44.238],[12.2088,44.2556],[12.1854,44.2518],[12.1756,44.2425],[12.1032,44.272],[12.108,44.2884],[12.0869,44.3005],[12.0762,44.2987],[12.0611,44.3031],[12.0499,44.3115],[12.0473,44.3168],[12.049,44.3255],[12.0356,44.3308],[12.0274,44.3267],[12.0215,44.3145],[12.0055,44.2996],[11.9789,44.2598],[11.9558,44.2405],[11.9434,44.2358],[11.9262,44.241],[11.9286,44.2164],[11.9135,44.2079],[11.8892,44.1715],[11.8643,44.1801],[11.8322,44.1974],[11.8067,44.1994],[11.7808,44.1805],[11.776,44.1821],[11.7714,44.1989],[11.7567,44.1949],[11.7276,44.1689],[11.7202,44.1587],[11.7211,44.1376],[11.7159,44.1225],[11.6817,44.1227],[11.6732,44.1134],[11.6526,44.1009],[11.6387,44.1115],[11.6141,44.1192],[11.6008,44.1186],[11.5846,44.1122],[11.5878,44.1237],[11.5997,44.1252],[11.6036,44.1372],[11.6177,44.1452],[11.6147,44.1577],[11.6089,44.1622],[11.6049,44.1598],[11.5775,44.1614],[11.5641,44.1675],[11.5526,44.1655],[11.5535,44.1606],[11.5448,44.1526],[11.5249,44.1577],[11.5294,44.1717],[11.5354,44.1791],[11.5356,44.1904],[11.5617,44.1855],[11.5617,44.1892],[11.5491,44.205],[11.5513,44.2187],[11.5552,44.2229],[11.5656,44.2183],[11.5778,44.2249],[11.5769,44.2285],[11.5838,44.2338],[11.627,44.2478],[11.6396,44.2712],[11.6631,44.2779],[11.6686,44.2846],[11.6713,44.2893],[11.6677,44.3119],[11.6728,44.3155],[11.6976,44.3093],[11.6912,44.2951],[11.692,44.2894],[11.6961,44.2887],[11.7086,44.29],[11.7137,44.2982],[11.7351,44.308],[11.7532,44.3234],[11.7587,44.3322],[11.7691,44.3331],[11.7768,44.338],[11.7856,44.3478],[11.7903,44.3621],[11.7988,44.367],[11.8109,44.3875],[11.8407,44.4171],[11.8404,44.4236],[11.8333,44.4227],[11.8273,44.4177],[11.7813,44.4363],[11.7989,44.4608],[11.7806,44.4676],[11.7953,44.4846],[11.7498,44.4976],[11.7655,44.5093],[11.7787,44.5035],[11.7891,44.5543],[11.8319,44.5616],[11.8496,44.5561],[11.8603,44.5598],[11.8631,44.5691],[11.8705,44.5776],[12.0022,44.6002],[12.0072,44.5969],[12.006,44.5845],[12.027,44.5768],[12.031,44.5693],[12.0283,44.5604],[12.0595,44.5485],[12.0661,44.5494],[12.0677,44.5586],[12.076,44.5613],[12.0913,44.5591],[12.117,44.5467],[12.152,44.5482],[12.237,44.6205],[12.2609,44.6237],[12.2678,44.6284],[12.2702,44.6258],[12.2732,44.6208]]]}},{"type":"Feature","properties":{"SIGLA":"FC","DEN_PROV":"Forli'-Cesena","DEN_UTS":"Forli'-Cesena"},"geometry":{"type":"Polygon","coordinates":[[[12.0686,44.3003],[12.0869,44.3005],[12.0968,44.2961],[12.108,44.2884],[12.1032,44.272],[12.1663,44.2477],[12.171,44.2433],[12.1756,44.2425],[12.177,44.2464],[12.1901,44.2534],[12.2088,44.2556],[12.21,44.238],[12.2046,44.233],[12.2027,44.2259],[12.2159,44.2166],[12.2161,44.2132],[12.2265,44.2135],[12.2394,44.2209],[12.2471,44.2308],[12.2802,44.2332],[12.3493,44.1907],[12.3839,44.2246],[12.3934,44.212],[12.4079,44.2024],[12.4248,44.1833],[12.4506,44.1624],[12.4411,44.1596],[12.4287,44.1473],[12.4412,44.1384],[12.4394,44.1276],[12.4514,44.1161],[12.4556,44.089],[12.4479,44.0864],[12.4233,44.0884],[12.4167,44.0808],[12.408,44.0768],[12.4005,44.0663],[12.3888,44.0638],[12.3757,44.067],[12.3636,44.0623],[12.3594,44.0545],[12.3605,44.0498],[12.3928,44.0314],[12.3844,44.0085],[12.3735,43.9995],[12.3674,43.9881],[12.3536,43.9859],[12.3478,43.9772],[12.3256,43.9645],[12.3155,43.9524],[12.3105,43.9391],[12.2906,43.9292],[12.2822,43.927],[12.2758,43.9313],[12.2634,43.9253],[12.2556,43.9203],[12.2534,43.9103],[12.24,43.9162],[12.2297,43.9162],[12.2222,43.9153],[12.2224,43.9089],[12.2191,43.9081],[12.2032,43.9131],[12.2032,43.9165],[12.176,43.9204],[12.1725,43.9222],[12.1723,43.9265],[12.1595,43.9217],[12.1596,43.9048],[12.1672,43.8958],[12.1527,43.869],[12.1421,43.861],[12.1431,43.853],[12.1383,43.8476],[12.1507,43.8373],[12.1489,43.832],[12.1324,43.8269],[12.1206,43.8135],[12.1169,43.8064],[12.1187,43.8028],[12.114,43.7961],[12.1029,43.7923],[12.1034,43.7817],[12.0962,43.7653],[12.1074,43.7538],[12.0778,43.7406],[12.0646,43.7429],[12.0614,43.753],[12.0529,43.757],[12.0463,43.7585],[12.0444,43.7552],[12.0064,43.7665],[11.9866,43.762],[11.9534,43.7761],[11.9452,43.791],[11.9199,43.7938],[11.9131,43.7989],[11.9144,43.8083],[11.9104,43.8134],[11.8976,43.8082],[11.878,43.8105],[11.8667,43.8166],[11.8561,43.8159],[11.8505,43.811],[11.8403,43.8087],[11.8209,43.816],[11.7857,43.8471],[11.732,43.8634],[11.7219,43.8744],[11.7102,43.8774],[11.7087,43.8882],[11.717,43.9218],[11.6842,43.9351],[11.6822,43.9378],[11.6926,43.9532],[11.6913,43.956],[11.6603,43.9746],[11.654,43.9753],[11.6455,43.9898],[11.6501,44.003],[11.6639,44.0056],[11.6577,44.0177],[11.6798,44.0211],[11.6928,44.0335],[11.7007,44.0556],[11.7127,44.0692],[11.7334,44.0847],[11.7496,44.1104],[11.7526,44.1204],[11.745,44.126],[11.7203,44.1207],[11.7159,44.1225],[11.7211,44.1376],[11.7202,44.1587],[11.7525,44.193],[11.7714,44.1989],[11.776,44.1821],[11.7808,44.1805],[11.8067,44.1994],[11.8322,44.1974],[11.8643,44.1801],[11.8892,44.1715],[11.9135,44.2079],[11.9286,44.2164],[11.9262,44.241],[11.9476,44.2361],[11.9789,44.2598],[12.0055,44.2996],[12.0215,44.3145],[12.0316,44.3303],[12.049,44.3255],[12.0473,44.3168],[12.0499,44.3115],[12.0611,44.3031],[12.0686,44.3003]]]}},{"type":"Feature","properties":{"SIGLA":"PU","DEN_PROV":"Pesaro e Urbino","DEN_UTS":"Pesaro e Urbino"},"geometry":{"type":"MultiPolygon","coordinates":[[[[13.0902,43.7155],[13.0822,43.7111],[13.0786,43.7134],[13.0851,43.7188],[13.0898,43.7158],[13.0902,43.7155]]],[[[13.0961,43.7214],[13.1015,43.7221],[13.0978,43.7179],[13.0909,43.717],[13.0871,43.7205],[13.0919,43.7244],[13.096,43.7214],[13.0961,43.7214]]],[[[12.7553,43.969],[12.7976,43.9652],[12.8916,43.9237],[12.9073,43.923],[12.9836,43.8673],[13.0056,43.8546],[13.0207,43.8522],[13.1206,43.7822],[13.1727,43.7505],[13.1612,43.7428],[13.1291,43.7304],[13.0626,43.7233],[13.0727,43.7153],[13.0771,43.7014],[13.0697,43.693],[13.0394,43.6765],[13.0194,43.6709],[13.0042,43.6583],[12.9862,43.6554],[12.988,43.6498],[12.9798,43.6262],[12.9614,43.5983],[12.9425,43.597],[12.9385,43.5915],[12.9236,43.5876],[12.9217,43.575],[12.9073,43.5588],[12.8768,43.5362],[12.8453,43.5254],[12.8432,43.5183],[12.8333,43.5108],[12.815,43.5092],[12.804,43.5021],[12.7973,43.487],[12.7991,43.4789],[12.7748,43.4719],[12.7674,43.4598],[12.7577,43.4587],[12.7437,43.4642],[12.7328,43.4633],[12.7141,43.4414],[12.7088,43.4258],[12.7061,43.4252],[12.6632,43.4368],[12.6454,43.4336],[12.6212,43.4194],[12.6223,43.4244],[12.605,43.4379],[12.5842,43.4459],[12.5646,43.4595],[12.5251,43.4955],[12.5122,43.5126],[12.4834,43.5274],[12.4784,43.526],[12.4736,43.5186],[12.4591,43.5161],[12.4379,43.5377],[12.4237,43.5354],[12.4094,43.5273],[12.3993,43.5095],[12.3948,43.5088],[12.3862,43.5112],[12.3834,43.5167],[12.3864,43.5204],[12.37,43.5316],[12.3649,43.5326],[12.3497,43.5218],[12.3332,43.5236],[12.3129,43.5445],[12.3198,43.5532],[12.3408,43.5527],[12.3669,43.5772],[12.3708,43.5865],[12.3613,43.5965],[12.3627,43.6027],[12.3707,43.6108],[12.3547,43.6173],[12.3513,43.6081],[12.3344,43.6099],[12.3267,43.6033],[12.3111,43.5992],[12.3062,43.5893],[12.2991,43.5859],[12.2924,43.5865],[12.292,43.5935],[12.2878,43.5946],[12.2721,43.5939],[12.2622,43.5889],[12.227,43.5935],[12.2195,43.6009],[12.2096,43.6213],[12.1872,43.6363],[12.1859,43.6424],[12.1976,43.648],[12.2201,43.6507],[12.2333,43.6565],[12.2492,43.6684],[12.2511,43.6733],[12.2474,43.6779],[12.2496,43.6804],[12.2565,43.682],[12.2744,43.6766],[12.2934,43.6846],[12.3026,43.6952],[12.3053,43.713],[12.3011,43.7202],[12.3083,43.7302],[12.3137,43.7209],[12.3145,43.7052],[12.32,43.6876],[12.3168,43.6844],[12.3168,43.6777],[12.3305,43.6738],[12.3357,43.6789],[12.3301,43.7065],[12.3457,43.709],[12.3573,43.702],[12.3695,43.7066],[12.3701,43.7129],[12.3375,43.7371],[12.3271,43.751],[12.2991,43.7576],[12.2838,43.7649],[12.2891,43.786],[12.2828,43.7897],[12.2862,43.7949],[12.3159,43.8056],[12.3498,43.7996],[12.3683,43.8129],[12.3878,43.8164],[12.3985,43.8264],[12.3915,43.847],[12.3974,43.8653],[12.4053,43.8761],[12.4458,43.8712],[12.4556,43.8784],[12.4636,43.8912],[12.4624,43.8938],[12.4672,43.8966],[12.4874,43.8965],[12.4873,43.8864],[12.4952,43.8773],[12.5007,43.8745],[12.518,43.8811],[12.522,43.8736],[12.543,43.8645],[12.5621,43.8695],[12.5648,43.8791],[12.5725,43.8849],[12.5883,43.8851],[12.5929,43.873],[12.5894,43.8653],[12.6029,43.8622],[12.601,43.8505],[12.6051,43.8456],[12.6147,43.847],[12.6194,43.8443],[12.61,43.8366],[12.6146,43.827],[12.6243,43.821],[12.6442,43.8269],[12.6724,43.8235],[12.6802,43.8275],[12.6784,43.8393],[12.6817,43.8507],[12.6971,43.853],[12.7031,43.8587],[12.7236,43.8612],[12.734,43.8703],[12.7237,43.882],[12.7276,43.8903],[12.7348,43.896],[12.7285,43.9119],[12.7287,43.9217],[12.7342,43.9335],[12.7469,43.947],[12.7523,43.959],[12.7516,43.9695],[12.7553,43.969]],[[12.4128,43.6034],[12.4257,43.5917],[12.4332,43.5923],[12.4342,43.6],[12.4287,43.6081],[12.4241,43.6099],[12.4149,43.6066],[12.4128,43.6034]]]]}},{"type":"Feature","properties":{"SIGLA":"AN","DEN_PROV":"Ancona","DEN_UTS":"Ancona"},"geometry":{"type":"Polygon","coordinates":[[[13.1789,43.7469],[13.2862,43.6792],[13.3512,43.6498],[13.3754,43.644],[13.4292,43.6178],[13.4539,43.6105],[13.4816,43.6068],[13.4921,43.6131],[13.4906,43.6165],[13.4951,43.6225],[13.5043,43.6155],[13.5086,43.6204],[13.5068,43.6248],[13.4997,43.6255],[13.4997,43.6306],[13.5069,43.6305],[13.5149,43.6244],[13.5262,43.6216],[13.5599,43.5942],[13.5662,43.5872],[13.5699,43.5745],[13.5759,43.5688],[13.6093,43.559],[13.6272,43.5483],[13.627,43.5402],[13.6217,43.5347],[13.6248,43.5146],[13.623,43.5049],[13.6423,43.4742],[13.607,43.4633],[13.6016,43.458],[13.6272,43.452],[13.6345,43.445],[13.6556,43.4473],[13.6576,43.4322],[13.6272,43.4188],[13.6163,43.4172],[13.588,43.4196],[13.58,43.4288],[13.5948,43.4472],[13.5698,43.4415],[13.5368,43.4399],[13.5093,43.4425],[13.4776,43.4373],[13.4602,43.4383],[13.448,43.4458],[13.4345,43.4374],[13.4351,43.4339],[13.4167,43.4351],[13.3981,43.4216],[13.3598,43.4059],[13.3519,43.3952],[13.3418,43.3932],[13.315,43.399],[13.3019,43.4144],[13.2887,43.4232],[13.2832,43.4428],[13.2715,43.4554],[13.2742,43.457],[13.2728,43.4604],[13.2438,43.4584],[13.2303,43.446],[13.2254,43.4325],[13.2072,43.4164],[13.1697,43.4191],[13.1497,43.4138],[13.133,43.4199],[13.1256,43.4277],[13.0917,43.4356],[13.0865,43.4255],[13.0718,43.4166],[13.0713,43.4114],[13.0801,43.4054],[13.0861,43.395],[13.0801,43.3895],[13.0708,43.3895],[13.0654,43.3829],[13.0622,43.3668],[13.048,43.3577],[13.0439,43.3426],[13.0269,43.3279],[13.0148,43.3102],[13.0069,43.3053],[12.9883,43.3018],[12.9894,43.2983],[12.9729,43.2834],[12.9118,43.2702],[12.9025,43.2801],[12.897,43.2731],[12.8814,43.2659],[12.884,43.2534],[12.8984,43.2292],[12.8924,43.2248],[12.8773,43.2219],[12.8623,43.2113],[12.8506,43.2099],[12.8366,43.2175],[12.8372,43.2245],[12.8257,43.2485],[12.8287,43.2606],[12.8235,43.2668],[12.8037,43.2713],[12.789,43.2832],[12.7996,43.2908],[12.8024,43.3047],[12.7942,43.3333],[12.7757,43.3482],[12.7496,43.3809],[12.7472,43.389],[12.7551,43.3954],[12.7717,43.401],[12.7808,43.4148],[12.7655,43.4274],[12.7683,43.4372],[12.7665,43.4456],[12.7764,43.4505],[12.7674,43.4598],[12.7692,43.465],[12.7748,43.4719],[12.7991,43.4789],[12.7973,43.487],[12.804,43.5021],[12.815,43.5092],[12.8333,43.5108],[12.8432,43.5183],[12.8453,43.5254],[12.8768,43.5362],[12.9073,43.5588],[12.9217,43.575],[12.9236,43.5876],[12.9385,43.5915],[12.9425,43.597],[12.9614,43.5983],[12.9798,43.6262],[12.988,43.6498],[12.9862,43.6554],[13.0042,43.6583],[13.0194,43.6709],[13.0394,43.6765],[13.0697,43.693],[13.0771,43.7014],[13.0771,43.7053],[13.0727,43.7153],[13.0626,43.7233],[13.1291,43.7304],[13.174,43.7498],[13.1789,43.7469]],[[13.0919,43.7244],[13.0871,43.7205],[13.0909,43.717],[13.1013,43.7201],[13.0928,43.7238],[13.0919,43.7244]],[[13.0851,43.7188],[13.0786,43.7134],[13.0822,43.7111],[13.0909,43.7147],[13.0885,43.7167],[13.0851,43.7188]]]}},{"type":"Feature","properties":{"SIGLA":"MC","DEN_PROV":"Macerata","DEN_UTS":"Macerata"},"geometry":{"type":"Polygon","coordinates":[[[13.6478,43.4643],[13.6671,43.4321],[13.7096,43.3372],[13.7218,43.3199],[13.7359,43.3078],[13.7429,43.2941],[13.7055,43.2862],[13.6851,43.2776],[13.656,43.2749],[13.638,43.2692],[13.6077,43.2714],[13.601,43.2678],[13.6073,43.2493],[13.6078,43.2369],[13.5929,43.2092],[13.564,43.217],[13.5271,43.2119],[13.5211,43.2092],[13.5259,43.1981],[13.5185,43.1841],[13.5194,43.1781],[13.499,43.1709],[13.4923,43.1646],[13.4614,43.1631],[13.4417,43.1476],[13.4357,43.1367],[13.4401,43.1251],[13.4302,43.1103],[13.4335,43.0859],[13.4496,43.0733],[13.4653,43.0805],[13.4776,43.0824],[13.4828,43.0803],[13.4631,43.0651],[13.4619,43.0585],[13.4668,43.0441],[13.4597,43.0204],[13.4528,43.0175],[13.4306,43.0224],[13.4209,43.0176],[13.4161,43.0099],[13.3966,43.0098],[13.384,43.0213],[13.3812,43.0405],[13.3729,43.0431],[13.3603,43.0343],[13.3316,43.0239],[13.3194,43.0027],[13.3057,43.0017],[13.2914,42.9883],[13.2618,42.9706],[13.2503,42.9693],[13.2223,42.9573],[13.2168,42.9517],[13.2177,42.9361],[13.2227,42.9267],[13.2257,42.9276],[13.2304,42.923],[13.2351,42.9026],[13.2418,42.892],[13.2345,42.8769],[13.2322,42.8562],[13.2189,42.846],[13.1881,42.8347],[13.1815,42.8371],[13.1633,42.8324],[13.1543,42.8354],[13.1101,42.8898],[13.0812,42.8997],[13.0677,42.9071],[13.0547,42.9194],[13.0249,42.9026],[13.012,42.9028],[13.001,42.9093],[12.997,42.9033],[13.0001,42.8908],[12.9904,42.8721],[12.9761,42.8701],[12.9732,42.8774],[12.9751,42.8866],[12.971,42.892],[12.9691,42.9037],[12.9764,42.9265],[12.9493,42.93],[12.95,42.938],[12.9284,42.9534],[12.9135,42.9556],[12.8958,42.9646],[12.8983,42.9731],[12.9082,42.9853],[12.8879,43.0103],[12.8976,43.0247],[12.9036,43.0247],[12.9066,43.0355],[12.892,43.048],[12.8899,43.0589],[12.8951,43.0931],[12.885,43.1005],[12.8813,43.1212],[12.8585,43.1252],[12.843,43.1223],[12.8331,43.139],[12.8337,43.1477],[12.8522,43.1541],[12.8626,43.1674],[12.8682,43.1951],[12.8614,43.213],[12.8984,43.2292],[12.884,43.2534],[12.8815,43.2663],[12.897,43.2731],[12.9025,43.2801],[12.9118,43.2702],[12.9729,43.2834],[12.9894,43.2983],[12.9883,43.3018],[13.0069,43.3053],[13.0148,43.3102],[13.0269,43.3279],[13.0439,43.3426],[13.048,43.3577],[13.0622,43.3668],[13.0654,43.3829],[13.0708,43.3895],[13.0801,43.3895],[13.0861,43.395],[13.0801,43.4054],[13.0713,43.4114],[13.0718,43.4166],[13.0865,43.4255],[13.0917,43.4356],[13.1256,43.4277],[13.133,43.4199],[13.1497,43.4138],[13.1697,43.4191],[13.2072,43.4164],[13.2254,43.4325],[13.2303,43.446],[13.2438,43.4584],[13.2728,43.4604],[13.2742,43.457],[13.2715,43.4554],[13.2832,43.4428],[13.2887,43.4232],[13.3019,43.4144],[13.315,43.399],[13.3418,43.3932],[13.3519,43.3952],[13.3598,43.4059],[13.3981,43.4216],[13.4167,43.4351],[13.4351,43.4339],[13.4345,43.4374],[13.448,43.4458],[13.4602,43.4383],[13.4776,43.4373],[13.5093,43.4425],[13.5368,43.4399],[13.5698,43.4415],[13.5948,43.4472],[13.58,43.4288],[13.588,43.4196],[13.6272,43.4188],[13.6574,43.4319],[13.6556,43.4473],[13.6345,43.445],[13.6272,43.452],[13.612,43.4536],[13.6016,43.4595],[13.6423,43.4742],[13.6478,43.4643]]]}},{"type":"Feature","properties":{"SIGLA":"AP","DEN_PROV":"Ascoli Piceno","DEN_UTS":"Ascoli Piceno"},"geometry":{"type":"Polygon","coordinates":[[[13.7932,43.0635],[13.8028,43.0614],[13.8497,43.0667],[13.8815,42.9641],[13.9162,42.8946],[13.8809,42.8919],[13.8566,42.8846],[13.8221,42.8797],[13.8008,42.8673],[13.7741,42.8595],[13.7219,42.8545],[13.7102,42.8504],[13.7082,42.845],[13.7109,42.8434],[13.6993,42.8226],[13.6629,42.807],[13.6355,42.8033],[13.6286,42.8071],[13.6278,42.8142],[13.6196,42.8147],[13.6001,42.8063],[13.5698,42.8016],[13.555,42.8044],[13.5436,42.8169],[13.5345,42.8167],[13.5298,42.7961],[13.5169,42.7895],[13.5024,42.7699],[13.504,42.7505],[13.4934,42.7366],[13.4824,42.7321],[13.4625,42.7346],[13.4476,42.7318],[13.438,42.7175],[13.4404,42.7021],[13.4376,42.6992],[13.4274,42.7064],[13.3926,42.6874],[13.3711,42.694],[13.3578,42.6941],[13.3419,42.7015],[13.3185,42.7234],[13.2946,42.7306],[13.288,42.7385],[13.2793,42.7409],[13.2645,42.7402],[13.2544,42.7215],[13.1956,42.7343],[13.1877,42.7335],[13.1992,42.7487],[13.1988,42.7543],[13.1933,42.7588],[13.1951,42.7619],[13.2088,42.7639],[13.2211,42.7727],[13.2368,42.7693],[13.2385,42.761],[13.2413,42.7627],[13.2456,42.7678],[13.251,42.7892],[13.2637,42.8077],[13.2615,42.8166],[13.2551,42.823],[13.2481,42.8489],[13.233,42.8705],[13.2418,42.892],[13.2585,42.8997],[13.2601,42.9081],[13.2812,42.9116],[13.2918,42.9255],[13.3184,42.9228],[13.3332,42.917],[13.3591,42.9137],[13.3694,42.8969],[13.3775,42.8907],[13.3841,42.8944],[13.3814,42.9059],[13.3993,42.9127],[13.4101,42.9268],[13.4092,42.9303],[13.3973,42.936],[13.3929,42.9417],[13.3952,42.9547],[13.4013,42.9613],[13.3918,42.9655],[13.3981,42.9718],[13.403,42.9731],[13.4072,42.9696],[13.4161,42.9762],[13.4252,42.9773],[13.4303,42.9725],[13.4492,42.9656],[13.4638,42.9709],[13.473,42.9803],[13.4842,42.9862],[13.5062,42.9879],[13.5186,42.9925],[13.5573,42.989],[13.5659,42.9919],[13.5796,43.0101],[13.5994,43.0102],[13.6378,43.0357],[13.6434,43.0372],[13.6572,43.0293],[13.6569,43.0421],[13.683,43.0428],[13.7268,43.0622],[13.7848,43.0796],[13.7865,43.0714],[13.7932,43.0635]]]}},{"type":"Feature","properties":{"SIGLA":"MS","DEN_PROV":"Massa Carrara","DEN_UTS":"Massa Carrara"},"geometry":{"type":"Polygon","coordinates":[[[9.9055,44.4693],[9.9331,44.4711],[9.9707,44.4644],[9.9696,44.4582],[9.9729,44.4506],[9.9811,44.4451],[9.9963,44.4469],[10.0047,44.4365],[10.0064,44.4324],[10.0025,44.4217],[9.9923,44.4118],[9.9902,44.4048],[10.0022,44.3943],[10.1017,44.3484],[10.1183,44.3529],[10.1445,44.3533],[10.1599,44.3447],[10.1685,44.3294],[10.1849,44.3215],[10.1877,44.317],[10.2017,44.3124],[10.2124,44.3028],[10.2181,44.3047],[10.2263,44.3],[10.237,44.2816],[10.2539,44.2686],[10.2547,44.26],[10.2325,44.2309],[10.211,44.216],[10.2046,44.2156],[10.1867,44.2062],[10.1979,44.1706],[10.1947,44.1639],[10.1976,44.1582],[10.1914,44.1539],[10.1849,44.1403],[10.1867,44.1248],[10.1957,44.1198],[10.2145,44.1175],[10.2301,44.1096],[10.2423,44.0842],[10.2394,44.0728],[10.2286,44.0669],[10.2226,44.0588],[10.2244,44.0522],[10.2047,44.0382],[10.2056,44.0241],[10.1842,44.0116],[10.1823,44.0041],[10.1734,43.9984],[10.1736,43.9874],[10.1671,43.9825],[10.1431,43.9756],[10.1142,43.9974],[10.0688,44.0254],[10.0353,44.0347],[10.0188,44.0445],[10.0324,44.0647],[10.06,44.0794],[10.0704,44.0924],[10.0688,44.0983],[10.0444,44.1157],[10.0215,44.1195],[10.0038,44.1095],[9.9934,44.0928],[9.9849,44.0979],[9.983,44.1006],[9.9941,44.1058],[9.9951,44.1157],[9.9931,44.1204],[9.983,44.126],[9.9773,44.1401],[9.9804,44.1451],[9.9764,44.1518],[9.9785,44.1613],[9.9733,44.1671],[9.9662,44.1692],[9.9337,44.1672],[9.9218,44.17],[9.8979,44.1636],[9.8929,44.1666],[9.9282,44.1956],[9.934,44.1966],[9.9145,44.1996],[9.9084,44.2095],[9.8919,44.2081],[9.8733,44.1952],[9.8649,44.1807],[9.8587,44.1949],[9.8754,44.2239],[9.857,44.234],[9.8599,44.2389],[9.8602,44.2524],[9.8527,44.2702],[9.8189,44.2839],[9.8064,44.2828],[9.7695,44.3022],[9.7533,44.3226],[9.727,44.3313],[9.7111,44.3636],[9.7063,44.3662],[9.6867,44.3659],[9.7169,44.3832],[9.7321,44.3794],[9.7442,44.3823],[9.7478,44.3889],[9.7551,44.3929],[9.7528,44.4005],[9.7581,44.4071],[9.7728,44.4168],[9.7982,44.4431],[9.8167,44.4521],[9.8158,44.4618],[9.8197,44.4661],[9.8551,44.4706],[9.8926,44.4702],[9.9055,44.4693]]]}},{"type":"Feature","properties":{"SIGLA":"LU","DEN_PROV":"Lucca","DEN_UTS":"Lucca"},"geometry":{"type":"Polygon","coordinates":[[[10.3224,44.2757],[10.377,44.2671],[10.4079,44.2479],[10.4157,44.2346],[10.4308,44.2266],[10.4664,44.2297],[10.475,44.2238],[10.4884,44.2209],[10.4918,44.2176],[10.4869,44.2025],[10.5236,44.1743],[10.5194,44.1676],[10.5249,44.1568],[10.5758,44.1319],[10.5855,44.1186],[10.6051,44.1147],[10.6091,44.1186],[10.6241,44.1204],[10.6419,44.1086],[10.6631,44.1094],[10.6815,44.105],[10.6883,44.0984],[10.7223,44.083],[10.7251,44.0638],[10.7187,44.0519],[10.719,44.0443],[10.7334,44.039],[10.7371,44.0259],[10.7333,44.0203],[10.7055,44.0146],[10.69,43.996],[10.6702,43.9807],[10.6711,43.951],[10.6579,43.9161],[10.6477,43.9093],[10.6582,43.8924],[10.65,43.8819],[10.6524,43.8677],[10.6762,43.8679],[10.671,43.8733],[10.6784,43.8755],[10.6899,43.8541],[10.6953,43.8535],[10.7209,43.8315],[10.7279,43.8129],[10.7111,43.7864],[10.6925,43.8009],[10.6611,43.8059],[10.6464,43.7963],[10.6363,43.7742],[10.6224,43.7566],[10.6089,43.7555],[10.5964,43.7609],[10.5529,43.7519],[10.5261,43.7616],[10.5031,43.7543],[10.4662,43.7662],[10.452,43.767],[10.4412,43.7782],[10.439,43.7875],[10.4508,43.7943],[10.452,43.8045],[10.4354,43.8127],[10.4252,43.835],[10.4176,43.8287],[10.3809,43.8134],[10.3481,43.8166],[10.339,43.8224],[10.3202,43.8232],[10.3079,43.8288],[10.2579,43.8157],[10.2383,43.8556],[10.2426,43.8611],[10.2359,43.8764],[10.1903,43.933],[10.1431,43.9756],[10.1671,43.9825],[10.1736,43.9874],[10.1734,43.9984],[10.1823,44.0041],[10.1849,44.0123],[10.2056,44.0241],[10.2047,44.0382],[10.2244,44.0522],[10.2226,44.0588],[10.2286,44.0669],[10.2394,44.0728],[10.2423,44.0842],[10.2301,44.1096],[10.2145,44.1175],[10.1957,44.1198],[10.1867,44.1248],[10.1849,44.1403],[10.1914,44.1539],[10.1976,44.1582],[10.1947,44.1639],[10.1979,44.1706],[10.1867,44.2062],[10.2046,44.2156],[10.211,44.216],[10.2325,44.2309],[10.2547,44.26],[10.2539,44.2686],[10.2964,44.2852],[10.3081,44.2841],[10.3141,44.2788],[10.3224,44.2757]],[[10.4804,44.1895],[10.4803,44.1897]]]}},{"type":"Feature","properties":{"SIGLA":"PT","DEN_PROV":"Pistoia","DEN_UTS":"Pistoia"},"geometry":{"type":"Polygon","coordinates":[[[10.6446,44.1598],[10.6616,44.154],[10.6892,44.1572],[10.7542,44.1542],[10.7733,44.1347],[10.7981,44.1263],[10.8041,44.1186],[10.8191,44.1125],[10.8292,44.1167],[10.8428,44.1096],[10.846,44.1026],[10.8559,44.0988],[10.8759,44.1],[10.8923,44.092],[10.9041,44.084],[10.9052,44.0799],[10.8995,44.0654],[10.9131,44.0623],[10.9183,44.063],[10.9267,44.0749],[10.9447,44.0817],[10.9643,44.102],[10.9714,44.1163],[10.9945,44.13],[10.9929,44.134],[11.0061,44.1385],[11.0143,44.1375],[11.0148,44.1245],[11.0062,44.1215],[11.0021,44.1124],[11.024,44.0975],[11.0471,44.0949],[11.0542,44.0723],[11.0402,44.045],[11.038,44.0289],[11.021,44.009],[11.0126,44.0067],[11.0116,44.0037],[11.0149,43.9969],[11.035,43.9991],[11.0709,43.9819],[11.0609,43.9659],[11.0468,43.96],[11.0301,43.9432],[11.0205,43.9217],[11.0186,43.9103],[11.0256,43.8993],[11.0134,43.8712],[11.0215,43.8612],[11.0266,43.8429],[11.0131,43.8337],[10.9883,43.8278],[10.98,43.8189],[10.9641,43.8125],[10.956,43.8196],[10.9424,43.8233],[10.9158,43.8006],[10.8776,43.7944],[10.8456,43.8023],[10.8216,43.7928],[10.8162,43.7942],[10.8157,43.8087],[10.7865,43.7987],[10.7728,43.7999],[10.7278,43.8142],[10.7202,43.8325],[10.6953,43.8535],[10.6899,43.8541],[10.6787,43.8753],[10.671,43.8733],[10.6762,43.8679],[10.6524,43.8677],[10.65,43.8819],[10.6582,43.8924],[10.6477,43.9093],[10.6579,43.9161],[10.6711,43.951],[10.6728,43.9585],[10.6697,43.98],[10.69,43.996],[10.7055,44.0146],[10.7333,44.0203],[10.7371,44.0259],[10.7334,44.039],[10.719,44.0443],[10.7187,44.0519],[10.7251,44.0638],[10.7223,44.083],[10.6883,44.0984],[10.6815,44.105],[10.6631,44.1094],[10.6419,44.1086],[10.6241,44.1204],[10.6226,44.1412],[10.6332,44.1462],[10.6361,44.1541],[10.6442,44.16],[10.6446,44.1598]]]}},{"type":"Feature","properties":{"SIGLA":"FI","DEN_PROV":"Firenze","DEN_UTS":"Firenze"},"geometry":{"type":"Polygon","coordinates":[[[11.4374,44.229],[11.4514,44.2206],[11.455,44.2124],[11.4479,44.2049],[11.4481,44.1998],[11.4546,44.1937],[11.4635,44.1913],[11.4677,44.1858],[11.4836,44.1845],[11.4895,44.1803],[11.4854,44.1791],[11.4862,44.1756],[11.4997,44.1661],[11.5104,44.164],[11.5164,44.1575],[11.5224,44.1554],[11.5296,44.1579],[11.5444,44.1525],[11.5527,44.1593],[11.5526,44.1655],[11.5641,44.1675],[11.5775,44.1614],[11.6049,44.1598],[11.6083,44.1623],[11.6147,44.1577],[11.6169,44.1436],[11.6036,44.1372],[11.5997,44.1252],[11.5878,44.1237],[11.5846,44.1122],[11.6008,44.1186],[11.6141,44.1192],[11.6387,44.1115],[11.6526,44.1009],[11.6732,44.1134],[11.6817,44.1227],[11.7203,44.1207],[11.745,44.126],[11.7526,44.1204],[11.7496,44.1104],[11.7334,44.0847],[11.7127,44.0692],[11.7007,44.0556],[11.6928,44.0335],[11.6798,44.0211],[11.6577,44.0177],[11.6639,44.0056],[11.6501,44.003],[11.6455,43.9898],[11.654,43.9753],[11.6603,43.9746],[11.6913,43.956],[11.6926,43.9532],[11.6822,43.9378],[11.6842,43.9351],[11.7176,43.92],[11.7087,43.8882],[11.7102,43.8774],[11.692,43.8727],[11.6761,43.8769],[11.6674,43.8752],[11.6501,43.8587],[11.6544,43.847],[11.6527,43.8418],[11.6469,43.8457],[11.6291,43.8451],[11.6233,43.8317],[11.6295,43.8249],[11.6285,43.8212],[11.6225,43.8147],[11.6048,43.8052],[11.6028,43.7904],[11.5951,43.7744],[11.5819,43.766],[11.589,43.7486],[11.5721,43.7334],[11.5771,43.7236],[11.5839,43.7177],[11.5938,43.716],[11.6111,43.6944],[11.6097,43.6863],[11.5965,43.686],[11.5392,43.6616],[11.5413,43.6523],[11.547,43.6463],[11.508,43.6406],[11.4849,43.6267],[11.4951,43.6224],[11.5021,43.6093],[11.516,43.5967],[11.5142,43.591],[11.5215,43.5811],[11.5198,43.5799],[11.5117,43.5775],[11.47,43.5856],[11.465,43.584],[11.4515,43.5772],[11.4517,43.5729],[11.4453,43.5664],[11.4078,43.5587],[11.3975,43.5482],[11.3859,43.5472],[11.3804,43.5325],[11.3672,43.5275],[11.3437,43.5282],[11.306,43.5185],[11.2943,43.5187],[11.2906,43.5328],[11.2784,43.5397],[11.2755,43.5448],[11.2696,43.5458],[11.2724,43.5305],[11.2687,43.5243],[11.2535,43.5093],[11.2469,43.5074],[11.2481,43.5007],[11.2332,43.4922],[11.2113,43.482],[11.2011,43.4834],[11.1887,43.4903],[11.1758,43.4883],[11.1744,43.4902],[11.1944,43.515],[11.183,43.5221],[11.1596,43.5072],[11.1477,43.485],[11.1361,43.4772],[11.1247,43.4756],[11.1197,43.4799],[11.1191,43.4904],[11.1112,43.4981],[11.0815,43.514],[11.0706,43.5269],[11.0613,43.5274],[11.0408,43.5354],[11.0345,43.544],[11.0266,43.5436],[10.9998,43.5269],[10.9644,43.5116],[10.9541,43.4948],[10.9556,43.4871],[10.9612,43.4821],[10.9515,43.4514],[10.9194,43.4571],[10.9108,43.4663],[10.8889,43.4596],[10.874,43.4601],[10.8698,43.4632],[10.8655,43.4748],[10.8513,43.4778],[10.8605,43.488],[10.8545,43.4949],[10.8419,43.4968],[10.8458,43.5107],[10.8257,43.5367],[10.834,43.5555],[10.8485,43.5627],[10.8439,43.567],[10.8306,43.5699],[10.8403,43.5798],[10.8404,43.586],[10.8343,43.5944],[10.8334,43.6063],[10.8228,43.6145],[10.8262,43.6206],[10.8373,43.62],[10.8501,43.6266],[10.8711,43.6167],[10.8831,43.6264],[10.8886,43.6398],[10.903,43.6347],[10.9336,43.6582],[10.9163,43.6624],[10.909,43.6804],[10.9019,43.682],[10.8913,43.6929],[10.8871,43.707],[10.8731,43.7187],[10.8384,43.7168],[10.8261,43.713],[10.8209,43.7036],[10.8009,43.7037],[10.7795,43.7362],[10.766,43.7387],[10.7392,43.7533],[10.7161,43.7758],[10.7111,43.7864],[10.7278,43.8142],[10.7728,43.7999],[10.7865,43.7987],[10.8157,43.8087],[10.8162,43.7942],[10.8216,43.7928],[10.8456,43.8023],[10.8834,43.7944],[10.9174,43.801],[10.9424,43.8233],[10.956,43.8196],[10.9641,43.8125],[10.9791,43.7952],[10.9788,43.7877],[11.0018,43.7764],[11.0142,43.7758],[11.019,43.7792],[11.0281,43.7796],[11.0282,43.7737],[11.0341,43.7679],[11.0567,43.7588],[11.0619,43.778],[11.0562,43.7824],[11.0625,43.7896],[11.0693,43.7887],[11.0781,43.7926],[11.0657,43.8003],[11.062,43.8074],[11.0623,43.8171],[11.0696,43.8251],[11.0857,43.8183],[11.0949,43.8196],[11.1248,43.8556],[11.1365,43.854],[11.1485,43.8655],[11.1344,43.8842],[11.1476,43.9023],[11.1416,43.9069],[11.1582,43.9156],[11.1671,43.9153],[11.1693,43.9186],[11.1607,43.9354],[11.1714,43.9415],[11.1748,43.9509],[11.1698,43.962],[11.1791,43.9944],[11.1759,43.997],[11.1758,44.0093],[11.1884,44.0187],[11.1916,44.0298],[11.1794,44.0423],[11.1803,44.0502],[11.1865,44.0576],[11.1857,44.0712],[11.1982,44.0828],[11.2128,44.086],[11.1989,44.098],[11.2022,44.1008],[11.2295,44.102],[11.2439,44.0971],[11.2513,44.1023],[11.2638,44.1045],[11.2601,44.1158],[11.2519,44.1157],[11.2153,44.1319],[11.1959,44.143],[11.1936,44.1467],[11.1961,44.1515],[11.214,44.1501],[11.2393,44.1589],[11.2812,44.1563],[11.2972,44.1701],[11.3119,44.1737],[11.3229,44.1817],[11.3242,44.1929],[11.3302,44.1985],[11.3461,44.205],[11.3799,44.1997],[11.3874,44.2052],[11.3951,44.2201],[11.4239,44.2375],[11.4374,44.229]]]}},{"type":"Feature","properties":{"SIGLA":"LI","DEN_PROV":"Livorno","DEN_UTS":"Livorno"},"geometry":{"type":"MultiPolygon","coordinates":[[[[10.3135,42.351],[10.3256,42.344],[10.3299,42.322],[10.3168,42.315],[10.2969,42.3158],[10.2889,42.3262],[10.2938,42.3451],[10.3004,42.3508],[10.3128,42.3511],[10.3135,42.351]]],[[[10.0646,42.3589],[10.0645,42.359]]],[[[10.1068,42.5845],[10.1065,42.5845]]],[[[10.0797,42.6194],[10.0896,42.6149],[10.0853,42.6113],[10.0869,42.6014],[10.0983,42.5885],[10.0999,42.5747],[10.0876,42.5682],[10.0487,42.5758],[10.0462,42.5858],[10.0535,42.589],[10.0637,42.5869],[10.0712,42.5894],[10.0815,42.6014],[10.0795,42.6193],[10.0797,42.6194]]],[[[10.0803,42.622],[10.0802,42.6224]]],[[[10.4131,42.7096],[10.4131,42.7096]]],[[[10.3611,42.7132],[10.3613,42.7133]]],[[[10.361,42.7135],[10.3613,42.7138]]],[[[10.4061,42.7133],[10.4062,42.7133]]],[[[10.3733,42.7162],[10.3733,42.7162]]],[[[10.3734,42.7179],[10.3733,42.7179]]],[[[10.3742,42.7191],[10.3734,42.7191]]],[[[10.32,42.7345],[10.3195,42.735]]],[[[10.3311,42.8283],[10.3313,42.8284]]],[[[10.5496,42.8606],[10.5466,42.856],[10.5493,42.8606],[10.5496,42.8606]]],[[[10.4766,42.8667],[10.4732,42.8638],[10.4761,42.8668],[10.4766,42.8667]]],[[[10.4755,42.8678],[10.4756,42.8682]]],[[[10.4241,42.8707],[10.4242,42.8708]]],[[[10.4145,42.8716],[10.4212,42.8598],[10.4348,42.8546],[10.4422,42.8482],[10.4286,42.8161],[10.4297,42.8079],[10.4343,42.8029],[10.4345,42.7765],[10.3857,42.7593],[10.4097,42.7539],[10.4066,42.7472],[10.4233,42.742],[10.4309,42.7358],[10.4344,42.7176],[10.4316,42.7125],[10.4222,42.7077],[10.4112,42.7164],[10.3982,42.7121],[10.3823,42.7154],[10.3771,42.7194],[10.3717,42.7324],[10.357,42.752],[10.3582,42.7583],[10.3444,42.764],[10.3182,42.76],[10.3257,42.7449],[10.3195,42.736],[10.3149,42.7425],[10.3126,42.7576],[10.3088,42.7594],[10.2994,42.7593],[10.291,42.7531],[10.29,42.7388],[10.287,42.7356],[10.2407,42.7496],[10.2354,42.7452],[10.2408,42.7328],[10.2405,42.7277],[10.2367,42.726],[10.2001,42.7355],[10.1522,42.73],[10.1362,42.733],[10.122,42.7427],[10.1037,42.7658],[10.1047,42.789],[10.125,42.8035],[10.1366,42.8074],[10.1687,42.8075],[10.1852,42.8114],[10.206,42.8071],[10.2139,42.7978],[10.2284,42.7894],[10.2446,42.7882],[10.2489,42.7912],[10.2463,42.7947],[10.2482,42.7995],[10.2615,42.7988],[10.2695,42.8036],[10.2663,42.808],[10.2753,42.8187],[10.2691,42.8247],[10.263,42.8248],[10.2624,42.8297],[10.2936,42.8194],[10.3288,42.818],[10.3296,42.812],[10.3141,42.8097],[10.3145,42.8071],[10.341,42.7965],[10.3558,42.799],[10.3615,42.8034],[10.3594,42.8128],[10.3623,42.8178],[10.3795,42.8284],[10.3905,42.8513],[10.4074,42.8702],[10.4144,42.8719],[10.4145,42.8716]]],[[[9.7976,43.0316],[9.7979,43.0317]]],[[[9.8257,43.0727],[9.8371,43.0621],[9.8367,43.0507],[9.8447,43.0511],[9.847,43.0458],[9.8387,43.0267],[9.823,43.0165],[9.8117,43.003],[9.7999,43.0113],[9.7932,43.0206],[9.7984,43.0319],[9.8009,43.0529],[9.8256,43.0728],[9.8257,43.0727]]],[[[9.9018,43.4393],[9.9084,43.4353],[9.9075,43.4267],[9.9017,43.4199],[9.8898,43.423],[9.8925,43.4363],[9.9014,43.4357],[9.9013,43.4378],[9.9018,43.4393]]],[[[10.2194,43.5479],[10.2195,43.5481]]],[[[10.479,43.6337],[10.4944,43.6333],[10.5075,43.6275],[10.5,43.625],[10.4966,43.6162],[10.498,43.6099],[10.4903,43.6045],[10.4901,43.5916],[10.4857,43.5864],[10.4752,43.584],[10.4751,43.571],[10.4794,43.5575],[10.4643,43.5398],[10.4736,43.5198],[10.4752,43.5027],[10.4924,43.4661],[10.4927,43.4558],[10.4998,43.4499],[10.4998,43.4464],[10.4819,43.436],[10.4836,43.4304],[10.4863,43.435],[10.4933,43.437],[10.504,43.4366],[10.507,43.4322],[10.5011,43.4133],[10.4903,43.4029],[10.5006,43.3921],[10.5028,43.3771],[10.5098,43.3624],[10.54,43.3678],[10.5337,43.3564],[10.5355,43.3451],[10.5273,43.329],[10.5278,43.3243],[10.5405,43.3131],[10.5564,43.3077],[10.5663,43.2973],[10.6144,43.2829],[10.6518,43.2835],[10.6548,43.2878],[10.669,43.2915],[10.6832,43.2999],[10.6971,43.2946],[10.6964,43.2807],[10.6798,43.2742],[10.667,43.2651],[10.6702,43.235],[10.6621,43.2295],[10.6706,43.222],[10.6903,43.2242],[10.6877,43.2194],[10.6904,43.2084],[10.6813,43.1967],[10.6749,43.1936],[10.6621,43.1955],[10.6438,43.1918],[10.6485,43.1727],[10.6635,43.1699],[10.665,43.1579],[10.6608,43.1503],[10.6634,43.1455],[10.689,43.1427],[10.6947,43.1298],[10.7035,43.1239],[10.717,43.1246],[10.7199,43.1213],[10.7152,43.1135],[10.7252,43.0983],[10.725,43.084],[10.7131,43.0722],[10.7274,43.0667],[10.7538,43.0749],[10.7801,43.0636],[10.7837,43.0581],[10.7731,43.0438],[10.7768,43.0234],[10.7959,43.0169],[10.7815,43.0079],[10.749,43.0145],[10.7409,43.0122],[10.739,43.0007],[10.7515,42.9896],[10.7505,42.9855],[10.7372,42.9772],[10.7314,42.9686],[10.7149,42.9596],[10.7063,42.9419],[10.65,42.9528],[10.5772,42.9532],[10.5538,42.9483],[10.5539,42.9453],[10.5598,42.9474],[10.563,42.9437],[10.5593,42.937],[10.5607,42.9412],[10.5551,42.9425],[10.5428,42.9347],[10.5442,42.9303],[10.5513,42.9304],[10.5452,42.9216],[10.5254,42.9204],[10.5113,42.9324],[10.4975,42.9319],[10.4959,42.9343],[10.4986,42.9364],[10.4873,42.9569],[10.4832,42.9881],[10.4943,42.9946],[10.5076,42.9908],[10.5149,42.9972],[10.5165,43.001],[10.5106,43.0059],[10.5107,43.0119],[10.5215,43.0192],[10.5343,43.0665],[10.5395,43.1518],[10.5353,43.1949],[10.526,43.2398],[10.5019,43.2902],[10.4592,43.3219],[10.4551,43.3289],[10.4548,43.3446],[10.4486,43.3544],[10.4442,43.3542],[10.4412,43.3696],[10.4255,43.3991],[10.4174,43.4035],[10.4093,43.4015],[10.405,43.4052],[10.3999,43.4224],[10.3724,43.4535],[10.3546,43.4634],[10.3416,43.465],[10.3304,43.4738],[10.3314,43.484],[10.3219,43.4957],[10.3185,43.5099],[10.2925,43.547],[10.3038,43.5488],[10.2959,43.5537],[10.3165,43.5745],[10.3199,43.5843],[10.3132,43.5725],[10.3087,43.5713],[10.304,43.5759],[10.3051,43.5665],[10.2944,43.5607],[10.299,43.5815],[10.3062,43.5862],[10.3657,43.6038],[10.4092,43.6206],[10.4114,43.6176],[10.4338,43.6334],[10.4704,43.6344],[10.479,43.6337]]]]}},{"type":"Feature","properties":{"SIGLA":"PI","DEN_PROV":"Pisa","DEN_UTS":"Pisa"},"geometry":{"type":"Polygon","coordinates":[[[10.4298,43.8215],[10.4354,43.8127],[10.452,43.8045],[10.4508,43.7943],[10.439,43.7875],[10.4412,43.7782],[10.452,43.767],[10.4662,43.7662],[10.5031,43.7543],[10.5261,43.7616],[10.5529,43.7519],[10.5964,43.7609],[10.6089,43.7555],[10.6224,43.7566],[10.6363,43.7742],[10.6464,43.7963],[10.6561,43.8034],[10.663,43.8058],[10.6925,43.8009],[10.7111,43.7864],[10.7161,43.7758],[10.7382,43.754],[10.766,43.7387],[10.7795,43.7362],[10.8009,43.7037],[10.8209,43.7036],[10.8261,43.713],[10.8384,43.7168],[10.8731,43.7187],[10.8871,43.707],[10.8913,43.6929],[10.9019,43.682],[10.909,43.6804],[10.9163,43.6624],[10.9336,43.6582],[10.903,43.6347],[10.8886,43.6398],[10.8831,43.6264],[10.8711,43.6167],[10.8501,43.6266],[10.8373,43.62],[10.8262,43.6206],[10.8228,43.6145],[10.8334,43.6063],[10.8343,43.5944],[10.8404,43.586],[10.8403,43.5798],[10.8306,43.5699],[10.8439,43.567],[10.8485,43.5627],[10.834,43.5555],[10.8253,43.5407],[10.8311,43.5274],[10.8458,43.5107],[10.8419,43.4968],[10.8545,43.4949],[10.8605,43.488],[10.8515,43.4775],[10.8655,43.4748],[10.8698,43.4632],[10.874,43.4601],[10.8889,43.4596],[10.9108,43.4663],[10.9194,43.4571],[10.9515,43.4514],[10.9787,43.4196],[10.9792,43.4066],[10.9841,43.4023],[11.0014,43.4009],[10.9999,43.3973],[11.0049,43.381],[11.0126,43.3758],[11.0139,43.3663],[10.9977,43.344],[10.9733,43.3444],[10.9701,43.3351],[10.9722,43.3216],[10.9698,43.3136],[10.9539,43.3173],[10.9527,43.302],[10.9706,43.2968],[10.9848,43.2849],[10.9857,43.2778],[10.9935,43.267],[10.9912,43.2456],[10.9961,43.239],[10.9898,43.232],[10.9781,43.2325],[10.9585,43.2363],[10.9437,43.2462],[10.9395,43.2452],[10.9287,43.2332],[10.9387,43.227],[10.9414,43.204],[10.9109,43.1804],[10.9083,43.1646],[10.9113,43.1615],[10.8661,43.1571],[10.8559,43.1586],[10.8448,43.1649],[10.8395,43.1639],[10.8402,43.1583],[10.818,43.1513],[10.8101,43.1608],[10.8005,43.1626],[10.7681,43.1431],[10.7629,43.1491],[10.7553,43.1512],[10.7488,43.1241],[10.7354,43.1201],[10.7303,43.1136],[10.7175,43.1088],[10.7152,43.1135],[10.72,43.1205],[10.7178,43.1242],[10.7035,43.1239],[10.6947,43.1298],[10.689,43.1427],[10.6731,43.1427],[10.6628,43.1461],[10.6608,43.1503],[10.665,43.1579],[10.6635,43.1699],[10.6485,43.1727],[10.6432,43.1909],[10.6621,43.1955],[10.6749,43.1936],[10.6884,43.2043],[10.6904,43.2095],[10.6877,43.2194],[10.6903,43.2242],[10.6706,43.222],[10.6621,43.2295],[10.6702,43.235],[10.667,43.2651],[10.6798,43.2742],[10.6964,43.2807],[10.6971,43.2946],[10.6832,43.2999],[10.669,43.2915],[10.6548,43.2878],[10.6518,43.2835],[10.6163,43.2827],[10.5663,43.2973],[10.5564,43.3077],[10.5405,43.3131],[10.5278,43.3243],[10.5273,43.329],[10.5355,43.3451],[10.5337,43.3564],[10.54,43.3678],[10.5098,43.3624],[10.5028,43.3771],[10.5006,43.3921],[10.4901,43.4034],[10.5011,43.4133],[10.507,43.4322],[10.504,43.4366],[10.4933,43.437],[10.4863,43.435],[10.4836,43.4304],[10.4819,43.436],[10.4998,43.4464],[10.4998,43.4499],[10.4927,43.4558],[10.4924,43.4661],[10.4752,43.5027],[10.4736,43.5198],[10.4676,43.528],[10.4643,43.5404],[10.4794,43.5575],[10.4751,43.571],[10.4752,43.584],[10.4857,43.5864],[10.4901,43.5916],[10.4903,43.6045],[10.498,43.6099],[10.4966,43.6162],[10.5,43.625],[10.5075,43.6275],[10.4902,43.6341],[10.4342,43.6335],[10.4114,43.6176],[10.4092,43.6206],[10.3657,43.6038],[10.3062,43.5862],[10.2982,43.5812],[10.2903,43.6025],[10.2853,43.6433],[10.2697,43.6769],[10.2802,43.6814],[10.2828,43.6909],[10.2769,43.7137],[10.2774,43.7384],[10.2579,43.8157],[10.3079,43.8288],[10.3202,43.8232],[10.339,43.8224],[10.3481,43.8166],[10.3809,43.8134],[10.4176,43.8287],[10.4247,43.8349],[10.4276,43.8286],[10.4298,43.8215]]]}},{"type":"Feature","properties":{"SIGLA":"AR","DEN_PROV":"Arezzo","DEN_UTS":"Arezzo"},"geometry":{"type":"MultiPolygon","coordinates":[[[[12.1889,43.8047],[12.2,43.8061],[12.218,43.8028],[12.2241,43.8098],[12.2298,43.8087],[12.2371,43.8012],[12.2395,43.7865],[12.2124,43.7817],[12.1975,43.7707],[12.1877,43.7737],[12.1842,43.7815],[12.1764,43.7883],[12.1698,43.8046],[12.1764,43.8111],[12.1844,43.8068],[12.1889,43.8047]]],[[[11.7161,43.8768],[11.732,43.8634],[11.7857,43.8471],[11.8209,43.816],[11.8403,43.8087],[11.8505,43.811],[11.8561,43.8159],[11.8667,43.8166],[11.878,43.8105],[11.8976,43.8082],[11.9104,43.8134],[11.9144,43.8083],[11.9131,43.7989],[11.9199,43.7938],[11.9452,43.791],[11.9534,43.7761],[11.9866,43.762],[12.0064,43.7665],[12.0444,43.7552],[12.0463,43.7585],[12.0529,43.757],[12.0611,43.7533],[12.0646,43.7429],[12.0703,43.7408],[12.0788,43.7408],[12.1074,43.7538],[12.1236,43.7492],[12.1398,43.7525],[12.16,43.7617],[12.1648,43.7611],[12.1866,43.736],[12.196,43.733],[12.2092,43.7553],[12.229,43.7596],[12.2413,43.7542],[12.2414,43.7514],[12.2486,43.7515],[12.2547,43.7533],[12.258,43.7604],[12.2838,43.7649],[12.2991,43.7576],[12.3271,43.751],[12.3375,43.7371],[12.3701,43.7129],[12.3695,43.7066],[12.3573,43.702],[12.3457,43.709],[12.3301,43.7065],[12.3357,43.6789],[12.3305,43.6738],[12.3162,43.6782],[12.32,43.6876],[12.3145,43.7052],[12.3137,43.7209],[12.3083,43.7302],[12.3011,43.7202],[12.3053,43.713],[12.3026,43.6952],[12.2934,43.6846],[12.2744,43.6766],[12.2565,43.682],[12.2496,43.6804],[12.2474,43.6779],[12.2511,43.6733],[12.2492,43.6684],[12.2312,43.6551],[12.2201,43.6507],[12.1976,43.648],[12.1859,43.6424],[12.1899,43.6327],[12.2096,43.6213],[12.2138,43.6109],[12.1998,43.6032],[12.1898,43.5866],[12.1627,43.5614],[12.1532,43.5287],[12.1438,43.5333],[12.1089,43.5325],[12.0953,43.5218],[12.0909,43.5112],[12.0912,43.503],[12.0959,43.4987],[12.1448,43.4796],[12.1432,43.4703],[12.1046,43.4606],[12.0966,43.4456],[12.0814,43.434],[12.0569,43.4383],[12.0501,43.4301],[12.0321,43.4237],[12.0252,43.4156],[12.0337,43.4002],[12.0521,43.3983],[12.071,43.405],[12.0773,43.4021],[12.0728,43.3813],[12.073,43.3704],[12.077,43.3658],[12.089,43.3662],[12.1026,43.3725],[12.1188,43.3644],[12.1248,43.3581],[12.1354,43.3407],[12.1368,43.3272],[12.1343,43.3162],[12.1268,43.3082],[12.1326,43.293],[12.177,43.2818],[12.1847,43.2938],[12.1844,43.3021],[12.1951,43.3128],[12.2237,43.2963],[12.2101,43.2827],[12.1755,43.2735],[12.1483,43.2546],[12.1211,43.255],[12.0924,43.2359],[12.0853,43.2364],[12.0478,43.2525],[12.0338,43.246],[12.039,43.2288],[12.0261,43.1903],[12.0214,43.1859],[12.0064,43.1805],[11.9878,43.1808],[11.9711,43.1696],[11.9618,43.1669],[11.9355,43.1749],[11.926,43.173],[11.9195,43.1678],[11.9034,43.1745],[11.8928,43.16],[11.8874,43.1571],[11.8576,43.1779],[11.8493,43.1874],[11.8394,43.2038],[11.8336,43.2238],[11.7963,43.2219],[11.7711,43.2377],[11.7501,43.2352],[11.7197,43.2546],[11.7225,43.2586],[11.7089,43.2801],[11.7004,43.2858],[11.691,43.2838],[11.6759,43.2885],[11.6533,43.3242],[11.626,43.3427],[11.5692,43.3631],[11.5573,43.3759],[11.5472,43.3783],[11.5301,43.3951],[11.5351,43.4093],[11.5456,43.4213],[11.542,43.4426],[11.5506,43.4596],[11.5285,43.4569],[11.5196,43.4667],[11.5137,43.4687],[11.5007,43.4617],[11.4893,43.4769],[11.479,43.4794],[11.4728,43.4846],[11.4601,43.4999],[11.4596,43.5082],[11.4518,43.5125],[11.4355,43.5124],[11.4252,43.5297],[11.4144,43.5351],[11.4031,43.5483],[11.3975,43.5482],[11.4078,43.5587],[11.4453,43.5664],[11.4517,43.5729],[11.4515,43.5772],[11.47,43.5856],[11.5117,43.5775],[11.5215,43.5811],[11.5142,43.591],[11.516,43.5967],[11.5021,43.6093],[11.4951,43.6224],[11.4849,43.6267],[11.508,43.6406],[11.547,43.6463],[11.5413,43.6523],[11.5392,43.6616],[11.5965,43.686],[11.6097,43.6863],[11.6111,43.6944],[11.5938,43.716],[11.5839,43.7177],[11.5771,43.7236],[11.5721,43.7334],[11.589,43.7486],[11.5827,43.7611],[11.5829,43.7681],[11.5951,43.7744],[11.6028,43.7904],[11.6048,43.8052],[11.6225,43.8147],[11.6285,43.8212],[11.6295,43.8249],[11.6233,43.8317],[11.6291,43.8451],[11.6469,43.8457],[11.6527,43.8418],[11.6544,43.847],[11.6501,43.8587],[11.6674,43.8752],[11.6761,43.8769],[11.692,43.8727],[11.7102,43.8774],[11.7161,43.8768]]]]}},{"type":"Feature","properties":{"SIGLA":"SI","DEN_PROV":"Siena","DEN_UTS":"Siena"},"geometry":{"type":"Polygon","coordinates":[[[11.4061,43.5461],[11.4144,43.5351],[11.426,43.5289],[11.4355,43.5124],[11.4518,43.5125],[11.4596,43.5082],[11.4601,43.4999],[11.4728,43.4846],[11.479,43.4794],[11.4893,43.4769],[11.5007,43.4617],[11.5137,43.4687],[11.5196,43.4667],[11.5285,43.4569],[11.5506,43.4596],[11.542,43.4426],[11.5456,43.4213],[11.5351,43.4093],[11.5305,43.3993],[11.5315,43.3923],[11.548,43.3777],[11.5573,43.3759],[11.5692,43.3631],[11.626,43.3427],[11.6533,43.3242],[11.6759,43.2885],[11.691,43.2838],[11.7004,43.2858],[11.7128,43.2766],[11.7225,43.2586],[11.7197,43.2546],[11.7501,43.2352],[11.7711,43.2377],[11.7963,43.2219],[11.8336,43.2238],[11.8394,43.2038],[11.8493,43.1874],[11.8576,43.1779],[11.8874,43.1571],[11.8928,43.16],[11.9034,43.1745],[11.9195,43.1678],[11.926,43.173],[11.9355,43.1749],[11.9612,43.1669],[11.928,43.1521],[11.924,43.1478],[11.9204,43.1317],[11.9133,43.1277],[11.9307,43.0934],[11.9301,43.0881],[11.9225,43.0815],[11.9361,43.0559],[11.9408,43.053],[11.9482,43.0557],[11.9504,43.0644],[11.9567,43.0687],[11.9737,43.0632],[11.9824,43.0509],[11.9724,43.0338],[11.9717,43.0228],[11.9564,42.9838],[11.9498,42.9755],[11.9485,42.9626],[11.9529,42.9547],[11.9521,42.9497],[11.9391,42.9325],[11.9327,42.9085],[11.9378,42.9031],[11.9563,42.9004],[11.959,42.8706],[11.9287,42.8689],[11.9149,42.8522],[11.8919,42.8429],[11.8946,42.8343],[11.8474,42.8377],[11.8329,42.8274],[11.8154,42.8238],[11.8114,42.7996],[11.8069,42.7949],[11.7914,42.8121],[11.7742,42.8211],[11.7685,42.82],[11.7686,42.8154],[11.7533,42.8022],[11.746,42.7858],[11.7021,42.799],[11.6822,42.79],[11.6649,42.7883],[11.6413,42.7997],[11.6292,42.7966],[11.6252,42.7986],[11.6234,42.8048],[11.6321,42.8083],[11.6352,42.8198],[11.633,42.834],[11.6369,42.8484],[11.6351,42.859],[11.6246,42.8663],[11.6207,42.8789],[11.6256,42.9145],[11.6227,42.9181],[11.623,42.9296],[11.6102,42.9511],[11.5959,42.9509],[11.5841,42.9629],[11.5713,42.9703],[11.5298,42.9654],[11.5264,42.9677],[11.5281,42.9749],[11.5164,42.9813],[11.4973,42.9756],[11.487,42.9641],[11.4544,42.958],[11.4152,42.9599],[11.3529,42.9693],[11.3507,42.9721],[11.3582,42.9789],[11.3666,42.9769],[11.3757,42.9792],[11.3772,42.9854],[11.3686,42.9876],[11.3652,42.9946],[11.3743,42.9927],[11.3805,42.9961],[11.3672,43.0065],[11.3621,43.0067],[11.3634,43.0212],[11.3551,43.0294],[11.3612,43.0347],[11.3559,43.0391],[11.3651,43.0542],[11.3659,43.0731],[11.362,43.083],[11.349,43.0824],[11.332,43.0918],[11.3204,43.0849],[11.3115,43.0859],[11.3094,43.0891],[11.2972,43.0771],[11.2242,43.0902],[11.2166,43.0871],[11.1997,43.0909],[11.183,43.0901],[11.1739,43.0861],[11.1689,43.0785],[11.132,43.0848],[11.1202,43.0914],[11.0832,43.0847],[11.0764,43.0898],[11.0648,43.1108],[11.0659,43.1181],[11.0713,43.1231],[11.0597,43.1307],[11.0579,43.1355],[11.0625,43.1396],[11.0551,43.1434],[11.0533,43.1498],[11.0603,43.1548],[11.058,43.1805],[11.0454,43.1805],[11.025,43.1876],[11.0181,43.1858],[11.0124,43.1773],[10.9841,43.1777],[10.9445,43.1615],[10.9088,43.1639],[10.9112,43.1808],[10.9414,43.204],[10.9387,43.227],[10.9287,43.2332],[10.9395,43.2452],[10.9437,43.2462],[10.9585,43.2363],[10.9781,43.2325],[10.9898,43.232],[10.9961,43.239],[10.9912,43.2456],[10.9935,43.267],[10.9857,43.2778],[10.9848,43.2849],[10.9706,43.2968],[10.9586,43.299],[10.9524,43.3034],[10.9543,43.3181],[10.964,43.313],[10.9698,43.3136],[10.9722,43.3216],[10.9701,43.3351],[10.9733,43.3444],[10.9977,43.344],[11.0139,43.3663],[11.0121,43.3771],[11.0049,43.381],[10.9999,43.3973],[11.0014,43.4009],[10.9841,43.4023],[10.9792,43.4066],[10.9764,43.4232],[10.9516,43.4491],[10.9612,43.4821],[10.9556,43.4871],[10.9541,43.4948],[10.9644,43.5116],[10.9998,43.5269],[11.0266,43.5436],[11.0345,43.544],[11.0408,43.5354],[11.0613,43.5274],[11.0706,43.5269],[11.0815,43.514],[11.1104,43.4988],[11.1191,43.4904],[11.1197,43.4799],[11.1247,43.4756],[11.1361,43.4772],[11.1477,43.485],[11.1596,43.5072],[11.183,43.5221],[11.1944,43.515],[11.1745,43.4898],[11.1898,43.4901],[11.2011,43.4834],[11.2113,43.482],[11.2481,43.5007],[11.2469,43.5074],[11.2535,43.5093],[11.2724,43.5305],[11.2696,43.5458],[11.2755,43.5448],[11.2784,43.5397],[11.2906,43.5328],[11.2936,43.519],[11.306,43.5185],[11.3313,43.5264],[11.3672,43.5275],[11.3804,43.5325],[11.3859,43.5472],[11.4031,43.5483],[11.4061,43.5461]]]}},{"type":"Feature","properties":{"SIGLA":"GR","DEN_PROV":"Grosseto","DEN_UTS":"Grosseto"},"geometry":{"type":"MultiPolygon","coordinates":[[[[11.1099,42.2634],[11.1175,42.2533],[11.1085,42.2554],[11.1032,42.251],[11.1025,42.2461],[11.112,42.2431],[11.1094,42.2382],[11.0983,42.2417],[11.0927,42.2523],[11.109,42.2625],[11.1099,42.2634]]],[[[10.8826,42.3498],[10.8825,42.3499]]],[[[10.9293,42.356],[10.9291,42.3564]]],[[[11.1312,42.378],[11.1312,42.3783]]],[[[11.2103,42.3826],[11.2134,42.3798],[11.2093,42.3827],[11.2103,42.3826]]],[[[10.8869,42.3894],[10.9069,42.3804],[10.9218,42.3597],[10.9229,42.3438],[10.9316,42.3387],[10.9315,42.3331],[10.9293,42.3255],[10.9209,42.3181],[10.9049,42.3259],[10.8829,42.3509],[10.8668,42.3543],[10.8657,42.3644],[10.8684,42.3677],[10.8772,42.3653],[10.8816,42.3676],[10.8835,42.3765],[10.8802,42.3888],[10.8866,42.3897],[10.8869,42.3894]]],[[[11.0819,42.418],[11.0827,42.4189]]],[[[10.9006,42.5562],[10.9008,42.5562]]],[[[10.8954,42.563],[10.8954,42.5631]]],[[[10.8839,42.576],[10.8802,42.5774],[10.8834,42.5767],[10.8839,42.576]]],[[[10.7127,42.7977],[10.7116,42.7983]]],[[[11.025,43.1876],[11.0454,43.1805],[11.058,43.1805],[11.0603,43.1548],[11.0533,43.1498],[11.0551,43.1434],[11.0625,43.1396],[11.0579,43.1355],[11.0597,43.1307],[11.0713,43.1231],[11.0659,43.1181],[11.0648,43.1108],[11.0807,43.0853],[11.1202,43.0914],[11.132,43.0848],[11.1689,43.0785],[11.1739,43.0861],[11.183,43.0901],[11.1997,43.0909],[11.2166,43.0871],[11.2242,43.0902],[11.2972,43.0771],[11.3094,43.0891],[11.3115,43.0859],[11.3204,43.0849],[11.332,43.0918],[11.349,43.0824],[11.362,43.083],[11.3659,43.0731],[11.3651,43.0542],[11.3559,43.0391],[11.3612,43.0347],[11.3551,43.0294],[11.3634,43.0212],[11.3621,43.0067],[11.3672,43.0065],[11.3805,42.9961],[11.3743,42.9927],[11.3652,42.9946],[11.3686,42.9876],[11.3772,42.9854],[11.376,42.9799],[11.3666,42.9769],[11.3582,42.9789],[11.3507,42.9721],[11.3556,42.9681],[11.4152,42.9599],[11.4544,42.958],[11.487,42.9641],[11.4973,42.9756],[11.5164,42.9813],[11.5281,42.9749],[11.5264,42.9677],[11.5298,42.9654],[11.5713,42.9703],[11.5841,42.9629],[11.5959,42.9509],[11.6099,42.9514],[11.623,42.9296],[11.6227,42.9181],[11.6256,42.9145],[11.6207,42.8789],[11.6246,42.8663],[11.6351,42.859],[11.6369,42.8484],[11.6322,42.8272],[11.6352,42.8198],[11.6321,42.8083],[11.6235,42.8053],[11.6252,42.7986],[11.6302,42.7965],[11.6413,42.7997],[11.6649,42.7883],[11.6822,42.79],[11.6995,42.799],[11.7122,42.7975],[11.7571,42.7821],[11.7769,42.767],[11.7803,42.7623],[11.7794,42.758],[11.8086,42.7532],[11.8176,42.7457],[11.8183,42.7427],[11.8084,42.7288],[11.8016,42.7072],[11.7814,42.7075],[11.78,42.7053],[11.7854,42.6875],[11.7852,42.6722],[11.7999,42.6685],[11.8089,42.6587],[11.8093,42.653],[11.8041,42.6443],[11.7802,42.6347],[11.7498,42.6396],[11.7518,42.6256],[11.7385,42.6133],[11.736,42.6067],[11.7271,42.6065],[11.7268,42.6108],[11.7103,42.61],[11.7004,42.6014],[11.6799,42.5952],[11.6858,42.5848],[11.6817,42.5818],[11.669,42.5769],[11.6584,42.577],[11.6438,42.5667],[11.6371,42.5652],[11.6255,42.5693],[11.614,42.5572],[11.6046,42.5681],[11.5892,42.5714],[11.5788,42.5677],[11.5858,42.5418],[11.5701,42.5345],[11.5609,42.517],[11.5661,42.5118],[11.5844,42.5067],[11.5871,42.5043],[11.5856,42.5009],[11.5928,42.4954],[11.6089,42.4928],[11.6163,42.4885],[11.6196,42.4768],[11.6157,42.4612],[11.6177,42.4361],[11.5545,42.4388],[11.5443,42.4422],[11.5171,42.4335],[11.4889,42.4394],[11.481,42.4336],[11.482,42.4211],[11.4769,42.414],[11.4508,42.395],[11.4537,42.3853],[11.4499,42.3775],[11.3619,42.3991],[11.3054,42.4073],[11.283,42.4068],[11.2796,42.4095],[11.2786,42.4169],[11.2703,42.4191],[11.2435,42.4185],[11.2101,42.4084],[11.2055,42.4013],[11.2119,42.4019],[11.2072,42.3949],[11.213,42.3911],[11.2128,42.3876],[11.192,42.3794],[11.1881,42.372],[11.1899,42.3647],[11.1815,42.3634],[11.1761,42.3683],[11.1657,42.368],[11.1529,42.3612],[11.1509,42.3709],[11.1273,42.3857],[11.0981,42.3933],[11.0905,42.4089],[11.0886,42.4273],[11.106,42.4477],[11.1124,42.4466],[11.1229,42.4345],[11.132,42.439],[11.1376,42.4358],[11.1607,42.4345],[11.1711,42.4425],[11.1816,42.4583],[11.191,42.4887],[11.191,42.5155],[11.179,42.5382],[11.1584,42.5619],[11.1508,42.5637],[11.1389,42.5607],[11.1342,42.5514],[11.1227,42.5585],[11.1095,42.5786],[11.1041,42.5982],[11.0994,42.6045],[11.0906,42.6067],[11.0823,42.6137],[11.0824,42.6166],[11.0884,42.6181],[11.0853,42.6268],[11.0626,42.639],[11.0136,42.657],[10.9803,42.7157],[10.9515,42.7369],[10.9189,42.751],[10.8675,42.7647],[10.8107,42.7748],[10.785,42.7748],[10.7429,42.7982],[10.7308,42.8019],[10.7354,42.8091],[10.7367,42.8059],[10.7544,42.8071],[10.7648,42.8158],[10.7756,42.843],[10.7707,42.8675],[10.7866,42.8887],[10.776,42.9065],[10.7661,42.9142],[10.7445,42.9266],[10.7063,42.9419],[10.7149,42.9596],[10.7314,42.9686],[10.7372,42.9772],[10.7505,42.9855],[10.7515,42.9896],[10.739,43.0007],[10.7409,43.0122],[10.749,43.0145],[10.7815,43.0079],[10.7962,43.0177],[10.7768,43.0234],[10.7731,43.0438],[10.7836,43.0571],[10.7801,43.0636],[10.7538,43.0749],[10.7274,43.0667],[10.7131,43.0722],[10.725,43.084],[10.7252,43.0983],[10.7175,43.1088],[10.7303,43.1136],[10.7354,43.1201],[10.7488,43.1241],[10.7553,43.1512],[10.7629,43.1491],[10.7681,43.1431],[10.8017,43.1627],[10.8101,43.1608],[10.818,43.1513],[10.8402,43.1583],[10.8395,43.1639],[10.8448,43.1649],[10.8559,43.1586],[10.8661,43.1571],[10.8917,43.161],[10.9087,43.1598],[10.9154,43.1635],[10.9445,43.1615],[10.9841,43.1777],[11.0124,43.1773],[11.0181,43.1858],[11.025,43.1876]]]]}},{"type":"Feature","properties":{"SIGLA":"PG","DEN_PROV":"Perugia","DEN_UTS":"Perugia"},"geometry":{"type":"MultiPolygon","coordinates":[[[[12.4287,43.6081],[12.4342,43.6],[12.432,43.5915],[12.4257,43.5917],[12.4128,43.6034],[12.4172,43.6086],[12.4241,43.6099],[12.4287,43.6081]]],[[[12.3707,43.6108],[12.3627,43.6027],[12.3613,43.5965],[12.3708,43.5865],[12.3669,43.5772],[12.3408,43.5527],[12.3198,43.5532],[12.3129,43.5445],[12.3332,43.5236],[12.3497,43.5218],[12.3649,43.5326],[12.37,43.5316],[12.3864,43.5204],[12.3834,43.5167],[12.3862,43.5112],[12.3948,43.5088],[12.3993,43.5095],[12.4049,43.5223],[12.4165,43.5336],[12.4318,43.5371],[12.4379,43.5377],[12.4591,43.5161],[12.4736,43.5186],[12.4784,43.526],[12.484,43.5272],[12.5122,43.5126],[12.5251,43.4955],[12.5646,43.4595],[12.5842,43.4459],[12.605,43.4379],[12.6223,43.4244],[12.6231,43.4191],[12.6454,43.4336],[12.6632,43.4368],[12.6865,43.4287],[12.7088,43.4258],[12.7141,43.4414],[12.7346,43.4643],[12.7719,43.4571],[12.7764,43.4505],[12.7665,43.4456],[12.7683,43.4372],[12.7655,43.4274],[12.7808,43.4148],[12.7717,43.401],[12.7551,43.3954],[12.7472,43.389],[12.7496,43.3809],[12.7757,43.3482],[12.7942,43.3333],[12.8024,43.3047],[12.7996,43.2908],[12.789,43.2832],[12.8037,43.2713],[12.8235,43.2668],[12.8287,43.2606],[12.8257,43.2485],[12.8372,43.2245],[12.8366,43.2175],[12.8506,43.2099],[12.8637,43.2093],[12.8681,43.1888],[12.8626,43.1674],[12.8522,43.1541],[12.8337,43.1477],[12.8331,43.139],[12.843,43.1223],[12.8585,43.1252],[12.8813,43.1212],[12.885,43.1005],[12.8951,43.0931],[12.8899,43.0589],[12.892,43.048],[12.9066,43.0355],[12.9036,43.0247],[12.8976,43.0247],[12.8879,43.0103],[12.9082,42.9853],[12.8983,42.9731],[12.8958,42.9646],[12.9135,42.9556],[12.9284,42.9534],[12.95,42.938],[12.9493,42.93],[12.9764,42.9265],[12.9691,42.9037],[12.971,42.892],[12.9751,42.8866],[12.9732,42.8774],[12.9761,42.8701],[12.9904,42.8721],[13.0001,42.8908],[12.997,42.9033],[13.001,42.9093],[13.012,42.9028],[13.0249,42.9026],[13.037,42.9075],[13.0429,42.9149],[13.0523,42.9196],[13.0812,42.8997],[13.1101,42.8898],[13.1543,42.8354],[13.1633,42.8324],[13.1815,42.8371],[13.1881,42.8347],[13.2108,42.8415],[13.2322,42.8562],[13.2353,42.8677],[13.2481,42.8489],[13.2551,42.823],[13.2615,42.8166],[13.2637,42.8077],[13.251,42.7892],[13.2456,42.7678],[13.2413,42.7627],[13.2385,42.761],[13.2368,42.7693],[13.2211,42.7727],[13.2088,42.7639],[13.1934,42.7596],[13.1995,42.7507],[13.1877,42.7356],[13.1907,42.7104],[13.1733,42.6873],[13.1759,42.6831],[13.1795,42.6834],[13.1783,42.6768],[13.1684,42.6616],[13.1466,42.647],[13.1311,42.6581],[13.1182,42.6577],[13.109,42.6419],[13.0633,42.6233],[13.0379,42.6274],[13.0307,42.6374],[13.0234,42.6388],[13.0142,42.6297],[13.0151,42.6209],[13.0112,42.6171],[12.9989,42.6151],[12.9521,42.6189],[12.9375,42.6154],[12.9301,42.6029],[12.8868,42.6197],[12.8849,42.6274],[12.8939,42.6341],[12.8895,42.6409],[12.8692,42.6541],[12.8613,42.6651],[12.8281,42.671],[12.8081,42.6569],[12.7918,42.662],[12.7865,42.6581],[12.7855,42.647],[12.7751,42.636],[12.7518,42.6341],[12.7338,42.6241],[12.7362,42.6108],[12.7273,42.6047],[12.7262,42.5987],[12.7208,42.5968],[12.7121,42.6212],[12.698,42.6372],[12.6907,42.6419],[12.6759,42.6437],[12.6594,42.6606],[12.6399,42.6691],[12.6391,42.6749],[12.6222,42.6735],[12.6164,42.6812],[12.6133,42.6944],[12.5839,42.6882],[12.5799,42.7055],[12.5922,42.7112],[12.6169,42.7075],[12.6236,42.7106],[12.6272,42.7197],[12.6122,42.7215],[12.6049,42.7304],[12.6031,42.7423],[12.591,42.7488],[12.5846,42.7491],[12.577,42.7399],[12.5805,42.7193],[12.5737,42.7139],[12.544,42.7157],[12.5321,42.7112],[12.5154,42.7188],[12.5152,42.7291],[12.5119,42.7325],[12.4959,42.7341],[12.4625,42.7047],[12.4512,42.702],[12.4171,42.6804],[12.4147,42.7006],[12.4124,42.7013],[12.4016,42.6995],[12.3973,42.678],[12.3866,42.6733],[12.3824,42.6796],[12.3687,42.6869],[12.3711,42.6918],[12.3691,42.701],[12.3753,42.7068],[12.3727,42.7129],[12.3598,42.7192],[12.3326,42.7509],[12.3246,42.7503],[12.3156,42.7408],[12.3107,42.7458],[12.2973,42.7489],[12.2919,42.7668],[12.2908,42.7812],[12.3007,42.7815],[12.3022,42.7992],[12.3116,42.8283],[12.3145,42.8344],[12.3221,42.8387],[12.3273,42.8504],[12.3227,42.8629],[12.3293,42.8717],[12.3304,42.8892],[12.3076,42.8877],[12.3042,42.8938],[12.3181,42.9063],[12.3195,42.9154],[12.2924,42.9154],[12.2879,42.9204],[12.2764,42.9196],[12.267,42.9249],[12.2585,42.9169],[12.2509,42.9219],[12.2332,42.9214],[12.2257,42.9286],[12.2126,42.924],[12.2049,42.9279],[12.2051,42.9339],[12.193,42.9382],[12.1738,42.934],[12.1517,42.9385],[12.1426,42.9349],[12.1307,42.9409],[12.0926,42.9415],[12.0615,42.9342],[12.0508,42.9408],[12.0498,42.9373],[12.031,42.9274],[12.0154,42.9089],[12.01,42.9104],[12.0047,42.9073],[12.0139,42.8979],[12.0098,42.8924],[12.0301,42.8813],[12.0149,42.88],[11.9584,42.8635],[11.9356,42.8637],[11.9337,42.8697],[11.959,42.8706],[11.9586,42.8743],[11.9663,42.8834],[11.9747,42.8898],[11.9854,42.8926],[11.9985,42.9093],[11.9667,42.9121],[11.9581,42.9162],[11.9521,42.901],[11.9335,42.9054],[11.9391,42.9325],[11.9521,42.9497],[11.9529,42.9547],[11.9485,42.9626],[11.9498,42.9755],[11.9564,42.9838],[11.9717,43.0228],[11.9724,43.0338],[11.9824,43.0509],[11.9737,43.0632],[11.9567,43.0687],[11.9504,43.0644],[11.9482,43.0557],[11.9408,43.053],[11.9361,43.0559],[11.9225,43.0815],[11.9301,43.0881],[11.9307,43.0934],[11.9133,43.1277],[11.9204,43.1317],[11.925,43.1493],[11.9403,43.1591],[11.9711,43.1696],[11.9878,43.1808],[12.0064,43.1805],[12.0234,43.1873],[12.039,43.2288],[12.0338,43.246],[12.0435,43.2508],[12.0496,43.2528],[12.0853,43.2364],[12.0924,43.2359],[12.1211,43.255],[12.1483,43.2546],[12.1755,43.2735],[12.2089,43.2821],[12.2239,43.2958],[12.1951,43.3128],[12.1844,43.3021],[12.1847,43.2938],[12.177,43.2818],[12.1326,43.293],[12.1268,43.3082],[12.1343,43.3162],[12.1368,43.3272],[12.1354,43.3407],[12.1248,43.3581],[12.1188,43.3644],[12.1026,43.3725],[12.089,43.3662],[12.077,43.3658],[12.073,43.3704],[12.0728,43.3813],[12.0773,43.4021],[12.071,43.405],[12.0521,43.3983],[12.0337,43.4002],[12.0253,43.4158],[12.0321,43.4237],[12.0501,43.4301],[12.0569,43.4383],[12.0814,43.434],[12.0966,43.4456],[12.1046,43.4606],[12.1432,43.4703],[12.1449,43.4793],[12.141,43.4821],[12.092,43.5016],[12.0909,43.5112],[12.0953,43.5218],[12.1089,43.5325],[12.1438,43.5333],[12.1532,43.5287],[12.1627,43.5614],[12.1898,43.5866],[12.1968,43.595],[12.1963,43.5993],[12.204,43.6064],[12.2138,43.6109],[12.227,43.5935],[12.2622,43.5889],[12.2721,43.5939],[12.2878,43.5946],[12.292,43.5935],[12.2924,43.5865],[12.2978,43.5858],[12.3062,43.5893],[12.3111,43.5992],[12.3267,43.6033],[12.3344,43.6099],[12.3513,43.6081],[12.3511,43.6132],[12.3571,43.6172],[12.3707,43.6108]]]]}},{"type":"Feature","properties":{"SIGLA":"TR","DEN_PROV":"Terni","DEN_UTS":"Terni"},"geometry":{"type":"MultiPolygon","coordinates":[[[[11.9581,42.9162],[11.9667,42.9121],[11.9985,42.9093],[11.9854,42.8926],[11.9747,42.8898],[11.9586,42.8743],[11.9588,42.8917],[11.9563,42.9004],[11.9521,42.901],[11.9544,42.9085],[11.9581,42.9162]]],[[[12.135,42.9382],[12.1426,42.9349],[12.1517,42.9385],[12.1738,42.934],[12.193,42.9382],[12.2051,42.9339],[12.2049,42.9279],[12.2126,42.924],[12.2257,42.9286],[12.2332,42.9214],[12.2509,42.9219],[12.2585,42.9169],[12.267,42.9249],[12.2764,42.9196],[12.2879,42.9204],[12.2924,42.9154],[12.3205,42.9147],[12.3181,42.9063],[12.3042,42.8938],[12.3076,42.8877],[12.3304,42.8892],[12.3293,42.8717],[12.3227,42.8629],[12.3273,42.8504],[12.3221,42.8387],[12.3145,42.8344],[12.3116,42.8283],[12.3022,42.7992],[12.3007,42.7815],[12.2908,42.7812],[12.2919,42.7668],[12.2973,42.7489],[12.3107,42.7458],[12.3156,42.7408],[12.3246,42.7503],[12.3326,42.7509],[12.3598,42.7192],[12.3727,42.7129],[12.3753,42.7068],[12.3691,42.701],[12.3711,42.6918],[12.3687,42.6869],[12.3824,42.6796],[12.386,42.6733],[12.3973,42.678],[12.4016,42.6995],[12.4147,42.7006],[12.4171,42.6804],[12.4512,42.702],[12.4625,42.7047],[12.4959,42.7341],[12.5119,42.7325],[12.5152,42.7291],[12.5154,42.7188],[12.5321,42.7112],[12.544,42.7157],[12.5737,42.7139],[12.5805,42.7193],[12.577,42.7399],[12.5846,42.7491],[12.591,42.7488],[12.6031,42.7423],[12.6049,42.7304],[12.6122,42.7215],[12.6272,42.7197],[12.6236,42.7106],[12.6169,42.7075],[12.5922,42.7112],[12.5799,42.7055],[12.5839,42.6882],[12.6133,42.6944],[12.6164,42.6812],[12.6222,42.6735],[12.6391,42.6749],[12.6399,42.6691],[12.6594,42.6606],[12.6759,42.6437],[12.6907,42.6419],[12.698,42.6372],[12.7145,42.6169],[12.7204,42.5969],[12.7262,42.5987],[12.7273,42.6047],[12.7362,42.6108],[12.7338,42.6241],[12.7518,42.6341],[12.7751,42.636],[12.7855,42.647],[12.7865,42.6581],[12.7918,42.662],[12.8081,42.6569],[12.8281,42.671],[12.8613,42.6651],[12.8692,42.6541],[12.8895,42.6409],[12.8939,42.6341],[12.8843,42.6249],[12.8877,42.619],[12.8963,42.6164],[12.8805,42.6093],[12.8792,42.6009],[12.8942,42.5776],[12.8928,42.5642],[12.8703,42.5606],[12.8478,42.5528],[12.8204,42.5359],[12.7732,42.5313],[12.7706,42.5251],[12.7735,42.5131],[12.7273,42.5089],[12.7114,42.5003],[12.7204,42.4855],[12.7416,42.4705],[12.7247,42.4604],[12.715,42.46],[12.7106,42.4635],[12.7028,42.4609],[12.6906,42.4494],[12.666,42.441],[12.6495,42.4433],[12.6503,42.4473],[12.6422,42.4538],[12.6411,42.4678],[12.6224,42.4689],[12.6148,42.4651],[12.619,42.4611],[12.6195,42.4519],[12.6115,42.435],[12.614,42.4135],[12.575,42.3876],[12.5409,42.3766],[12.53,42.3642],[12.5175,42.3695],[12.5131,42.3845],[12.5134,42.3928],[12.5182,42.3973],[12.5111,42.4036],[12.4911,42.3978],[12.4803,42.4041],[12.4663,42.3949],[12.4461,42.398],[12.4586,42.4066],[12.4604,42.4163],[12.4662,42.4189],[12.4673,42.4235],[12.4621,42.4294],[12.4223,42.4216],[12.4137,42.4256],[12.4195,42.4365],[12.4139,42.4424],[12.4137,42.4552],[12.4179,42.4585],[12.4304,42.458],[12.4276,42.4652],[12.4124,42.4676],[12.4137,42.4791],[12.4264,42.4881],[12.4203,42.4955],[12.3918,42.4988],[12.3865,42.4966],[12.3853,42.4892],[12.3512,42.4737],[12.341,42.4869],[12.3254,42.4948],[12.3142,42.4879],[12.2996,42.4875],[12.2904,42.4916],[12.2895,42.4947],[12.303,42.4913],[12.3074,42.4973],[12.2974,42.5062],[12.2859,42.5092],[12.2787,42.5065],[12.2746,42.5095],[12.2755,42.516],[12.2835,42.5175],[12.2826,42.5227],[12.2744,42.5241],[12.2662,42.5357],[12.2779,42.5424],[12.2791,42.5495],[12.2751,42.5598],[12.2387,42.573],[12.2367,42.5813],[12.2449,42.5967],[12.2476,42.5967],[12.2463,42.6026],[12.2291,42.6111],[12.2427,42.6292],[12.2268,42.6365],[12.2269,42.6435],[12.2043,42.6605],[12.1609,42.6767],[12.149,42.6654],[12.147,42.6593],[12.1416,42.6571],[12.1338,42.6585],[12.1323,42.6617],[12.1241,42.6493],[12.1172,42.651],[12.1067,42.6647],[12.0902,42.6556],[12.0705,42.6544],[12.0344,42.6456],[11.978,42.6755],[11.9413,42.6833],[11.9488,42.696],[11.9262,42.7039],[11.9312,42.7144],[11.9394,42.718],[11.9454,42.7253],[11.9606,42.7282],[11.9819,42.7552],[11.9795,42.764],[11.9496,42.7761],[11.9276,42.7807],[11.9079,42.8168],[11.9056,42.8296],[11.895,42.8347],[11.8919,42.8429],[11.9149,42.8522],[11.9305,42.8697],[11.9386,42.8623],[11.9584,42.8635],[12.0149,42.88],[12.0301,42.8813],[12.0098,42.8924],[12.0139,42.8979],[12.0047,42.9073],[12.01,42.9104],[12.0154,42.9089],[12.031,42.9274],[12.0498,42.9373],[12.0501,42.9406],[12.0615,42.9342],[12.0895,42.9414],[12.1307,42.9409],[12.135,42.9382]]]]}},{"type":"Feature","properties":{"SIGLA":"VT","DEN_PROV":"Viterbo","DEN_UTS":"Viterbo"},"geometry":{"type":"MultiPolygon","coordinates":[[[[12.4881,42.3987],[12.4858,42.3925],[12.4745,42.3875],[12.4664,42.3956],[12.4803,42.4041],[12.4881,42.3987]]],[[[11.857,42.8365],[11.9039,42.8322],[11.9079,42.8168],[11.9276,42.7807],[11.9496,42.7761],[11.9795,42.764],[11.9815,42.7528],[11.9606,42.7282],[11.9491,42.7274],[11.9301,42.7129],[11.9265,42.7036],[11.9488,42.696],[11.9413,42.6833],[11.978,42.6755],[12.0344,42.6456],[12.0705,42.6544],[12.0902,42.6556],[12.1067,42.6647],[12.1172,42.651],[12.1241,42.6493],[12.1323,42.6617],[12.1338,42.6585],[12.1416,42.6571],[12.147,42.6593],[12.149,42.6654],[12.1609,42.6767],[12.1759,42.6728],[12.1858,42.6663],[12.2043,42.6605],[12.2269,42.6435],[12.2268,42.6365],[12.2427,42.6292],[12.2291,42.6111],[12.2463,42.6026],[12.2476,42.5967],[12.2449,42.5967],[12.2367,42.5813],[12.2387,42.573],[12.2751,42.5598],[12.2791,42.5495],[12.2779,42.5424],[12.2662,42.5357],[12.2744,42.5241],[12.2826,42.5227],[12.2835,42.5175],[12.2755,42.516],[12.2746,42.5095],[12.2787,42.5065],[12.2859,42.5092],[12.2974,42.5062],[12.3074,42.4973],[12.303,42.4913],[12.2895,42.4947],[12.2915,42.4907],[12.2996,42.4875],[12.3151,42.488],[12.3254,42.4948],[12.341,42.4869],[12.3512,42.4737],[12.3853,42.4892],[12.3865,42.4966],[12.3918,42.4988],[12.4203,42.4955],[12.4264,42.4881],[12.4137,42.4791],[12.4124,42.4676],[12.4276,42.4652],[12.4304,42.458],[12.4179,42.4585],[12.4137,42.4552],[12.4139,42.4424],[12.4195,42.4365],[12.413,42.4268],[12.4223,42.4216],[12.4643,42.4284],[12.4673,42.4204],[12.4604,42.4163],[12.4586,42.4066],[12.4447,42.3988],[12.4365,42.3869],[12.4389,42.3837],[12.4576,42.3806],[12.4549,42.3573],[12.463,42.3544],[12.4748,42.3569],[12.4747,42.3523],[12.4632,42.3445],[12.4622,42.3371],[12.4701,42.3268],[12.4808,42.3252],[12.4892,42.3195],[12.4762,42.3137],[12.4815,42.3041],[12.4919,42.2949],[12.5077,42.2969],[12.5196,42.2948],[12.5046,42.2735],[12.4905,42.2698],[12.4832,42.2622],[12.4792,42.2515],[12.4804,42.2341],[12.4697,42.232],[12.4601,42.2046],[12.4353,42.2003],[12.4341,42.1893],[12.4266,42.1813],[12.4117,42.1825],[12.4127,42.1914],[12.4206,42.2075],[12.4176,42.2155],[12.4193,42.2346],[12.4121,42.2564],[12.4049,42.2488],[12.4124,42.2399],[12.4088,42.2298],[12.3967,42.2296],[12.3868,42.2166],[12.3715,42.2111],[12.3758,42.1851],[12.3701,42.1741],[12.3531,42.1657],[12.3447,42.1536],[12.323,42.1472],[12.3105,42.1491],[12.3036,42.1563],[12.3043,42.1607],[12.2854,42.1742],[12.2735,42.1717],[12.2714,42.1819],[12.25,42.1768],[12.2353,42.1772],[12.2158,42.1867],[12.2064,42.1844],[12.2022,42.18],[12.1772,42.1787],[12.1688,42.1753],[12.1653,42.1674],[12.1497,42.1605],[12.1395,42.1493],[12.1356,42.149],[12.1178,42.1615],[12.08,42.1611],[12.064,42.1646],[12.0577,42.1641],[12.0495,42.1532],[12.0348,42.1516],[12.0023,42.1585],[11.9865,42.194],[11.9744,42.211],[11.955,42.2121],[11.9144,42.233],[11.9101,42.2404],[11.8976,42.2374],[11.8746,42.2196],[11.8661,42.2069],[11.8691,42.1995],[11.8277,42.1665],[11.831,42.1573],[11.8228,42.1465],[11.7919,42.16],[11.7722,42.1638],[11.7338,42.1581],[11.7393,42.1709],[11.7208,42.1892],[11.6969,42.2323],[11.6796,42.2474],[11.665,42.268],[11.6376,42.2912],[11.5466,42.3426],[11.4499,42.3775],[11.4537,42.3853],[11.4508,42.395],[11.4769,42.414],[11.482,42.4211],[11.481,42.4336],[11.4889,42.4394],[11.5171,42.4335],[11.5443,42.4422],[11.5545,42.4388],[11.6177,42.4361],[11.6157,42.4612],[11.6196,42.4768],[11.6163,42.4885],[11.6089,42.4928],[11.5928,42.4954],[11.5856,42.5009],[11.5871,42.5043],[11.5844,42.5067],[11.5661,42.5118],[11.5609,42.517],[11.5701,42.5345],[11.5858,42.5418],[11.5788,42.5677],[11.5892,42.5714],[11.6046,42.5681],[11.614,42.5572],[11.6255,42.5693],[11.6371,42.5652],[11.6438,42.5667],[11.6584,42.577],[11.669,42.5769],[11.6817,42.5818],[11.6858,42.5848],[11.6799,42.5952],[11.7004,42.6014],[11.7103,42.61],[11.7268,42.6108],[11.7271,42.6065],[11.736,42.6067],[11.7385,42.6133],[11.7518,42.6256],[11.7498,42.6396],[11.7802,42.6347],[11.805,42.645],[11.8093,42.653],[11.8087,42.6592],[11.7999,42.6685],[11.7852,42.6722],[11.7854,42.6875],[11.78,42.7053],[11.7814,42.7075],[11.8016,42.7072],[11.8084,42.7288],[11.8183,42.7427],[11.8176,42.7457],[11.8086,42.7532],[11.7794,42.758],[11.7803,42.7623],[11.7667,42.7759],[11.746,42.7858],[11.7533,42.8022],[11.7686,42.8154],[11.7685,42.82],[11.7759,42.8207],[11.787,42.8153],[11.8069,42.7949],[11.8114,42.7996],[11.8136,42.8226],[11.8329,42.8274],[11.8474,42.8377],[11.857,42.8365]]]]}},{"type":"Feature","properties":{"SIGLA":"RI","DEN_PROV":"Rieti","DEN_UTS":"Rieti"},"geometry":{"type":"Polygon","coordinates":[[[13.2841,42.7398],[13.2946,42.7306],[13.3185,42.7234],[13.3419,42.7015],[13.3578,42.6941],[13.3514,42.6853],[13.3488,42.6686],[13.3686,42.6517],[13.4083,42.6426],[13.4094,42.6368],[13.4054,42.6283],[13.3945,42.6193],[13.3904,42.6085],[13.391,42.5933],[13.394,42.5913],[13.3845,42.586],[13.3818,42.581],[13.3446,42.5758],[13.3217,42.5786],[13.2933,42.5695],[13.2845,42.5816],[13.2794,42.5833],[13.2533,42.5812],[13.2459,42.5727],[13.234,42.5757],[13.2254,42.5827],[13.1914,42.5875],[13.1923,42.578],[13.1743,42.5675],[13.1761,42.5529],[13.1735,42.5454],[13.1666,42.5404],[13.1588,42.54],[13.1574,42.5277],[13.1598,42.5234],[13.1669,42.5155],[13.1778,42.5126],[13.1714,42.4851],[13.1784,42.4793],[13.1541,42.4623],[13.14,42.4627],[13.1162,42.4439],[13.1387,42.4313],[13.1552,42.4142],[13.1887,42.4007],[13.1942,42.3892],[13.1894,42.3811],[13.1534,42.357],[13.1727,42.348],[13.1914,42.3323],[13.2261,42.3193],[13.2302,42.2854],[13.2391,42.271],[13.2576,42.264],[13.2698,42.2551],[13.2745,42.2436],[13.2828,42.2369],[13.2972,42.2311],[13.3214,42.2292],[13.3331,42.2228],[13.3387,42.2155],[13.3319,42.2082],[13.3415,42.1984],[13.352,42.1914],[13.3738,42.1874],[13.3797,42.1835],[13.3799,42.1804],[13.3424,42.1768],[13.3546,42.1674],[13.3273,42.1639],[13.3227,42.161],[13.3283,42.1547],[13.3175,42.1537],[13.3053,42.1383],[13.2849,42.1343],[13.2695,42.1375],[13.2488,42.1274],[13.2373,42.1291],[13.2233,42.1433],[13.2057,42.1484],[13.1954,42.1578],[13.1833,42.1589],[13.1773,42.1529],[13.1697,42.1507],[13.1199,42.1767],[13.0876,42.1782],[13.0868,42.1732],[13.0926,42.1689],[13.0938,42.1594],[13.0808,42.1405],[13.0649,42.1267],[13.039,42.1174],[13.0308,42.1221],[13.0306,42.1154],[13.0167,42.1166],[12.9895,42.1292],[12.978,42.1294],[12.9693,42.122],[12.9568,42.0973],[12.9466,42.0917],[12.9302,42.1089],[12.919,42.115],[12.9087,42.1136],[12.8967,42.1005],[12.868,42.1038],[12.8601,42.1216],[12.8608,42.126],[12.8548,42.1295],[12.8499,42.1406],[12.8073,42.1571],[12.8005,42.1567],[12.7968,42.1618],[12.7806,42.1668],[12.7791,42.1707],[12.7897,42.173],[12.7941,42.1775],[12.7945,42.1812],[12.7879,42.1862],[12.7672,42.188],[12.7571,42.1836],[12.7373,42.1667],[12.7234,42.1657],[12.7163,42.1548],[12.7109,42.153],[12.6954,42.1523],[12.6724,42.1591],[12.6566,42.151],[12.6482,42.1515],[12.6453,42.1644],[12.6209,42.1784],[12.6082,42.1821],[12.6175,42.1902],[12.6126,42.1971],[12.6132,42.202],[12.6197,42.2057],[12.6372,42.208],[12.6406,42.2361],[12.6346,42.2388],[12.6271,42.2485],[12.609,42.2585],[12.6058,42.2741],[12.5787,42.2641],[12.5763,42.2705],[12.5846,42.2806],[12.5835,42.2839],[12.5747,42.2849],[12.5756,42.2733],[12.5625,42.2714],[12.5585,42.2734],[12.5563,42.2901],[12.5473,42.295],[12.5376,42.2958],[12.5257,42.2919],[12.5077,42.2969],[12.4891,42.2962],[12.4762,42.3137],[12.4892,42.3195],[12.4808,42.3252],[12.4701,42.3268],[12.4622,42.3371],[12.4632,42.3445],[12.4747,42.3523],[12.4748,42.3569],[12.463,42.3544],[12.4549,42.3573],[12.4576,42.3806],[12.4389,42.3837],[12.4365,42.3869],[12.4447,42.3988],[12.4645,42.3961],[12.4745,42.3875],[12.4858,42.3925],[12.4881,42.3987],[12.5111,42.4036],[12.5182,42.3973],[12.5134,42.3928],[12.5131,42.3845],[12.5175,42.3695],[12.53,42.3642],[12.5409,42.3766],[12.575,42.3876],[12.614,42.4135],[12.6115,42.435],[12.6195,42.4519],[12.619,42.4611],[12.6148,42.4651],[12.6224,42.4689],[12.6411,42.4678],[12.6422,42.4538],[12.6503,42.4473],[12.6495,42.4433],[12.666,42.441],[12.6906,42.4494],[12.7028,42.4609],[12.7106,42.4635],[12.715,42.46],[12.7247,42.4604],[12.7416,42.4705],[12.7204,42.4855],[12.7114,42.5003],[12.7273,42.5089],[12.7735,42.5131],[12.7706,42.5251],[12.7732,42.5313],[12.8204,42.5359],[12.8478,42.5528],[12.8703,42.5606],[12.8928,42.5642],[12.8942,42.5776],[12.8792,42.6009],[12.8805,42.6093],[12.8963,42.6164],[12.9301,42.6029],[12.9375,42.6154],[12.9521,42.6189],[13.0043,42.6152],[13.0151,42.6209],[13.0142,42.6297],[13.0243,42.639],[13.0307,42.6374],[13.0379,42.6274],[13.0633,42.6233],[13.109,42.6419],[13.1162,42.6565],[13.1201,42.6581],[13.1311,42.6581],[13.1466,42.647],[13.1684,42.6616],[13.1783,42.6768],[13.1795,42.6834],[13.1759,42.6831],[13.1733,42.6873],[13.1907,42.7104],[13.1892,42.7336],[13.2544,42.7215],[13.2645,42.7402],[13.2793,42.7409],[13.2841,42.7398]]]}},{"type":"Feature","properties":{"SIGLA":"RM","DEN_PROV":"Roma","DEN_UTS":"Roma"},"geometry":{"type":"Polygon","coordinates":[[[12.5437,42.2957],[12.5563,42.2901],[12.5585,42.2734],[12.5625,42.2714],[12.5756,42.2733],[12.5747,42.2849],[12.5845,42.2831],[12.5763,42.2705],[12.5787,42.2641],[12.6058,42.2741],[12.609,42.2585],[12.6271,42.2485],[12.6346,42.2388],[12.6406,42.2361],[12.6372,42.208],[12.6197,42.2057],[12.6132,42.202],[12.6126,42.1971],[12.6175,42.1902],[12.6082,42.1821],[12.6209,42.1784],[12.6453,42.1644],[12.6482,42.16],[12.6475,42.1518],[12.6556,42.1507],[12.6724,42.1591],[12.6954,42.1523],[12.7109,42.153],[12.7163,42.1548],[12.7234,42.1657],[12.7373,42.1667],[12.7571,42.1836],[12.7718,42.1885],[12.7883,42.1861],[12.7945,42.1812],[12.7912,42.1738],[12.7791,42.1707],[12.7806,42.1668],[12.7968,42.1618],[12.8005,42.1567],[12.8073,42.1571],[12.8499,42.1406],[12.8548,42.1295],[12.8608,42.126],[12.8601,42.1216],[12.868,42.1038],[12.8967,42.1005],[12.9087,42.1136],[12.919,42.115],[12.9302,42.1089],[12.943,42.0942],[12.9511,42.092],[12.9735,42.1267],[12.9895,42.1292],[13.0167,42.1166],[13.0327,42.1136],[13.019,42.074],[13.026,42.0631],[13.0266,42.05],[13.0465,42.0353],[13.0545,42.0164],[13.0778,42.0094],[13.101,42.008],[13.0966,42.0219],[13.0985,42.0262],[13.105,42.026],[13.147,42.012],[13.1697,41.9978],[13.1996,41.9864],[13.2142,41.9873],[13.2267,41.9835],[13.2417,41.9718],[13.2636,41.9676],[13.286,41.9504],[13.2963,41.9486],[13.2638,41.9158],[13.2434,41.9155],[13.2405,41.904],[13.2454,41.9002],[13.2444,41.8974],[13.2132,41.8754],[13.1943,41.8688],[13.1897,41.8596],[13.1913,41.851],[13.1842,41.846],[13.164,41.8503],[13.1545,41.8437],[13.1365,41.8437],[13.1207,41.8481],[13.0979,41.861],[13.0716,41.8542],[13.0661,41.8353],[13.0562,41.8271],[13.0398,41.8323],[13.0257,41.8237],[13.0165,41.827],[13.0092,41.8245],[13.0111,41.8091],[13.006,41.8055],[12.9924,41.7686],[13.0098,41.7669],[13.0289,41.7468],[13.0481,41.7426],[13.0583,41.7273],[13.0654,41.7289],[13.0855,41.719],[13.0958,41.7037],[13.0913,41.6877],[13.0976,41.6861],[13.0999,41.6797],[13.1234,41.664],[13.1499,41.6589],[13.1584,41.6359],[13.1551,41.6208],[13.1604,41.616],[13.1509,41.603],[13.1499,41.5962],[13.1558,41.5869],[13.1749,41.5841],[13.1684,41.5745],[13.1474,41.5673],[13.1242,41.5545],[13.1099,41.5532],[13.1049,41.5471],[13.054,41.5776],[13.0348,41.5717],[13.0131,41.5767],[13.0084,41.5812],[13.0161,41.5933],[13.0253,41.5999],[13.0215,41.6095],[13.0046,41.6199],[12.987,41.6434],[12.9577,41.6603],[12.9431,41.6742],[12.943,41.6865],[12.9498,41.6958],[12.9378,41.7129],[12.9083,41.7072],[12.8941,41.7116],[12.8803,41.7088],[12.8778,41.7035],[12.8683,41.7029],[12.8613,41.713],[12.8533,41.7131],[12.8382,41.7059],[12.8366,41.7039],[12.8441,41.6984],[12.8511,41.7012],[12.8539,41.6976],[12.8547,41.6917],[12.8495,41.6768],[12.8513,41.6664],[12.8398,41.6648],[12.8404,41.6582],[12.835,41.6523],[12.8302,41.6588],[12.8238,41.656],[12.8187,41.6502],[12.8252,41.6415],[12.8093,41.6354],[12.8101,41.6226],[12.808,41.6204],[12.7961,41.6225],[12.7858,41.6185],[12.7783,41.6017],[12.7698,41.594],[12.7671,41.5841],[12.7559,41.5727],[12.7523,41.5778],[12.7327,41.5808],[12.7404,41.5932],[12.7393,41.6039],[12.7344,41.6042],[12.7203,41.5939],[12.7137,41.5935],[12.7032,41.5953],[12.6971,41.6099],[12.6618,41.5982],[12.6518,41.6102],[12.6566,41.6492],[12.6536,41.6584],[12.6433,41.6576],[12.6455,41.6668],[12.6351,41.6709],[12.607,41.6568],[12.5951,41.645],[12.5522,41.62],[12.5503,41.6159],[12.5549,41.6113],[12.5513,41.6055],[12.5302,41.5977],[12.5434,41.5955],[12.5703,41.5776],[12.5883,41.5445],[12.6128,41.5437],[12.6219,41.538],[12.6541,41.5331],[12.6766,41.521],[12.6809,41.508],[12.7218,41.5048],[12.7269,41.4836],[12.7436,41.479],[12.7479,41.4733],[12.7465,41.4637],[12.7379,41.4565],[12.7387,41.4472],[12.7466,41.4442],[12.7542,41.4457],[12.7672,41.4355],[12.7749,41.4235],[12.7732,41.4163],[12.7638,41.4104],[12.7023,41.4465],[12.664,41.4565],[12.6409,41.4529],[12.6311,41.4444],[12.6221,41.4438],[12.618,41.4464],[12.6148,41.4572],[12.6038,41.4722],[12.549,41.5379],[12.4396,41.6384],[12.3787,41.6805],[12.321,41.7108],[12.2522,41.7367],[12.2345,41.7397],[12.2414,41.743],[12.2311,41.7408],[12.2223,41.7444],[12.2193,41.7514],[12.2244,41.7446],[12.2291,41.7512],[12.2205,41.7684],[12.2237,41.783],[12.2035,41.8298],[12.1744,41.877],[12.1406,41.9155],[12.1209,41.9283],[12.0958,41.9343],[12.0746,41.9479],[12.0517,41.9557],[12.0355,41.9732],[12.0184,41.9861],[12.0005,41.9931],[11.9788,41.9969],[11.9633,42.0147],[11.9146,42.0393],[11.8785,42.0377],[11.8716,42.0343],[11.8345,42.0292],[11.8306,42.0389],[11.8128,42.0601],[11.8069,42.0799],[11.7984,42.0864],[11.7785,42.0932],[11.7693,42.1016],[11.7893,42.0902],[11.7881,42.0959],[11.785,42.0951],[11.7782,42.1031],[11.7751,42.1015],[11.7639,42.1119],[11.7602,42.1117],[11.7649,42.1185],[11.7632,42.1224],[11.7548,42.1259],[11.7433,42.1429],[11.7429,42.1496],[11.7338,42.1581],[11.7722,42.1638],[11.7919,42.16],[11.8228,42.1465],[11.831,42.1573],[11.8277,42.1665],[11.8691,42.1995],[11.8661,42.2069],[11.8746,42.2196],[11.8976,42.2374],[11.9101,42.2404],[11.9144,42.233],[11.955,42.2121],[11.9744,42.211],[11.9865,42.194],[12.0037,42.1578],[12.0348,42.1516],[12.0495,42.1532],[12.0577,42.1641],[12.08,42.1611],[12.1178,42.1615],[12.1356,42.149],[12.1395,42.1493],[12.1497,42.1605],[12.1653,42.1674],[12.1688,42.1753],[12.1772,42.1787],[12.2022,42.18],[12.2064,42.1844],[12.2158,42.1867],[12.2353,42.1772],[12.25,42.1768],[12.2714,42.1819],[12.2735,42.1717],[12.2854,42.1742],[12.3043,42.1607],[12.3036,42.1563],[12.3105,42.1491],[12.323,42.1472],[12.3447,42.1536],[12.3531,42.1657],[12.3701,42.1741],[12.3758,42.1851],[12.3715,42.2111],[12.3868,42.2166],[12.3967,42.2296],[12.4088,42.2298],[12.4124,42.2399],[12.4049,42.2488],[12.4121,42.2564],[12.4193,42.2346],[12.4176,42.2155],[12.4206,42.2075],[12.4127,42.1914],[12.4117,42.1825],[12.4266,42.1813],[12.4341,42.1893],[12.4353,42.2003],[12.4601,42.2046],[12.4697,42.232],[12.4804,42.2341],[12.4792,42.2515],[12.4832,42.2622],[12.4905,42.2698],[12.5046,42.2735],[12.5196,42.2948],[12.5285,42.2919],[12.5376,42.2958],[12.5437,42.2957]],[[12.4529,41.9067],[12.4466,41.9016],[12.4581,41.9014],[12.4575,41.9059],[12.4538,41.907],[12.4529,41.9067]],[[12.651,41.7424],[12.6552,41.7343],[12.6609,41.7356],[12.6493,41.7489],[12.6498,41.7439],[12.651,41.7424]]]}},{"type":"Feature","properties":{"SIGLA":"LT","DEN_PROV":"Latina","DEN_UTS":"Latina"},"geometry":{"type":"MultiPolygon","coordinates":[[[[13.4565,40.7918],[13.4581,40.7884],[13.4511,40.7876],[13.4502,40.7904],[13.4539,40.7924],[13.4565,40.7918]]],[[[13.4318,40.8031],[13.4354,40.7971],[13.4311,40.7924],[13.4147,40.785],[13.4076,40.7855],[13.4279,40.8003],[13.4318,40.8031]]],[[[13.1041,40.8392],[13.1035,40.8394]]],[[[12.9664,40.883],[12.9666,40.8834]]],[[[12.965,40.8854],[12.9649,40.8854]]],[[[12.8512,40.9207],[12.8512,40.9211]]],[[[12.8477,40.9219],[12.8473,40.922]]],[[[12.8493,40.922],[12.8485,40.9198],[12.849,40.9223],[12.8493,40.922]]],[[[12.8482,40.9244],[12.8471,40.9227],[12.8481,40.9249],[12.8482,40.9244]]],[[[12.985,40.9354],[12.9955,40.9325],[12.9688,40.9222],[12.9603,40.8981],[12.9692,40.8939],[12.9609,40.883],[12.9525,40.8782],[12.9477,40.887],[12.9547,40.8938],[12.9429,40.8972],[12.9426,40.8998],[12.9483,40.9186],[12.9665,40.9234],[12.9687,40.9263],[12.9663,40.9283],[12.9842,40.9356],[12.985,40.9354]]],[[[13.0037,40.9356],[12.9969,40.9336],[13.0037,40.9359],[13.0037,40.9356]]],[[[12.8529,40.9426],[12.8533,40.9429]]],[[[12.8508,40.9437],[12.8507,40.9438]]],[[[12.8542,40.9496],[12.8605,40.9465],[12.8615,40.9292],[12.853,40.9261],[12.8502,40.9287],[12.8563,40.9425],[12.8539,40.9485],[12.8542,40.9496]]],[[[13.0549,40.9739],[13.0624,40.9701],[13.0629,40.9662],[13.0462,40.9663],[13.0461,40.97],[13.0534,40.9732],[13.0549,40.9739]]],[[[12.9498,41.6958],[12.943,41.6865],[12.9431,41.6742],[12.9577,41.6603],[12.987,41.6434],[13.0046,41.6199],[13.0215,41.6095],[13.0253,41.5999],[13.0161,41.5933],[13.0083,41.581],[13.0141,41.5761],[13.0348,41.5717],[13.054,41.5776],[13.1049,41.5471],[13.1099,41.5532],[13.1242,41.5545],[13.1474,41.5673],[13.1684,41.5745],[13.1751,41.5836],[13.1844,41.5845],[13.1868,41.5881],[13.1973,41.5871],[13.2013,41.5755],[13.2021,41.5549],[13.2124,41.5434],[13.2233,41.5385],[13.2527,41.5367],[13.2732,41.5206],[13.2797,41.5022],[13.2948,41.4809],[13.2974,41.4693],[13.2667,41.4525],[13.2565,41.4348],[13.293,41.4192],[13.3075,41.4025],[13.3221,41.4066],[13.3365,41.4066],[13.3492,41.4046],[13.3654,41.3969],[13.3755,41.4037],[13.3865,41.4045],[13.412,41.3969],[13.4274,41.3977],[13.4388,41.4268],[13.4283,41.4562],[13.4453,41.465],[13.4522,41.4604],[13.4556,41.4494],[13.5108,41.4328],[13.5116,41.424],[13.5393,41.4239],[13.5482,41.4196],[13.579,41.3803],[13.5677,41.3762],[13.5613,41.3691],[13.5918,41.3526],[13.6161,41.3211],[13.6238,41.3168],[13.6513,41.318],[13.6545,41.3204],[13.6518,41.3283],[13.6577,41.3378],[13.6682,41.3431],[13.6824,41.3395],[13.7027,41.3595],[13.7106,41.358],[13.7147,41.337],[13.7377,41.327],[13.766,41.3023],[13.7915,41.3101],[13.7965,41.318],[13.8181,41.32],[13.8187,41.3374],[13.8282,41.3377],[13.8438,41.3307],[13.8737,41.3383],[13.8785,41.3288],[13.8948,41.3116],[13.8897,41.2975],[13.8823,41.2909],[13.8511,41.2896],[13.8336,41.2812],[13.8284,41.2769],[13.8287,41.2697],[13.84,41.2624],[13.8336,41.255],[13.815,41.2445],[13.8049,41.2469],[13.7882,41.242],[13.7783,41.2435],[13.7705,41.2371],[13.7621,41.2226],[13.706,41.2537],[13.682,41.2441],[13.6513,41.2571],[13.6181,41.2597],[13.574,41.2404],[13.5701,41.2326],[13.5712,41.2178],[13.5895,41.2099],[13.5753,41.2041],[13.5701,41.2041],[13.5707,41.2072],[13.5614,41.2103],[13.5456,41.2094],[13.5183,41.2247],[13.5033,41.2213],[13.5042,41.2253],[13.4853,41.2374],[13.4635,41.2404],[13.4442,41.253],[13.3816,41.279],[13.3272,41.2929],[13.2903,41.297],[13.2661,41.2945],[13.2576,41.283],[13.21,41.2836],[13.1731,41.2756],[13.1157,41.2479],[13.1067,41.242],[13.0936,41.2253],[13.0729,41.2225],[13.0463,41.2266],[13.0348,41.2403],[13.0359,41.2475],[13.0285,41.2651],[13.0027,41.3082],[12.9717,41.3442],[12.9476,41.3636],[12.9009,41.3917],[12.8545,41.4115],[12.8363,41.4149],[12.8069,41.4139],[12.7891,41.4179],[12.7732,41.4163],[12.7749,41.4235],[12.7672,41.4355],[12.7542,41.4457],[12.7466,41.4442],[12.7387,41.4472],[12.7379,41.4565],[12.7465,41.4637],[12.7479,41.4733],[12.7436,41.479],[12.7269,41.4836],[12.7218,41.5048],[12.6809,41.508],[12.6766,41.521],[12.6541,41.5331],[12.6219,41.538],[12.6128,41.5437],[12.5883,41.5445],[12.5703,41.5776],[12.5434,41.5955],[12.5302,41.5977],[12.5513,41.6055],[12.5549,41.6113],[12.5503,41.6159],[12.5522,41.62],[12.5951,41.645],[12.607,41.6568],[12.6351,41.6709],[12.6455,41.6668],[12.6433,41.6576],[12.6536,41.6584],[12.6566,41.6492],[12.6518,41.6102],[12.6618,41.5982],[12.6971,41.6099],[12.7032,41.5953],[12.7137,41.5935],[12.7203,41.5939],[12.7344,41.6042],[12.7393,41.6039],[12.7404,41.5932],[12.7327,41.5808],[12.7523,41.5778],[12.7559,41.5727],[12.7671,41.5841],[12.7698,41.594],[12.7783,41.6017],[12.7858,41.6185],[12.7961,41.6225],[12.808,41.6204],[12.8101,41.6226],[12.8093,41.6354],[12.8252,41.6415],[12.8187,41.6502],[12.8238,41.656],[12.8302,41.6588],[12.835,41.6523],[12.8404,41.6582],[12.8398,41.6648],[12.8513,41.6664],[12.8495,41.6768],[12.8547,41.6917],[12.8539,41.6976],[12.8511,41.7012],[12.8441,41.6984],[12.8366,41.7039],[12.8382,41.7059],[12.8533,41.7131],[12.8613,41.713],[12.8683,41.7029],[12.8778,41.7035],[12.8803,41.7088],[12.8941,41.7116],[12.907,41.7072],[12.9378,41.7129],[12.9399,41.7106],[12.9498,41.6958]]]]}},{"type":"Feature","properties":{"SIGLA":"FR","DEN_PROV":"Frosinone","DEN_UTS":"Frosinone"},"geometry":{"type":"Polygon","coordinates":[[[13.3455,41.9222],[13.3644,41.9248],[13.384,41.9042],[13.3778,41.8912],[13.359,41.8693],[13.3673,41.8633],[13.3674,41.8347],[13.3797,41.8174],[13.391,41.8193],[13.3978,41.8347],[13.4066,41.8375],[13.4169,41.8347],[13.4516,41.8228],[13.4712,41.8063],[13.5057,41.8013],[13.5204,41.776],[13.528,41.7704],[13.5453,41.7624],[13.5614,41.7615],[13.5718,41.7543],[13.5762,41.755],[13.5861,41.7664],[13.6018,41.7694],[13.6313,41.7826],[13.6428,41.7922],[13.6379,41.8037],[13.6489,41.8109],[13.6609,41.8113],[13.6742,41.8072],[13.6811,41.8043],[13.6927,41.7915],[13.7056,41.7875],[13.7171,41.7977],[13.7276,41.7979],[13.7337,41.7854],[13.7467,41.7748],[13.7495,41.7606],[13.762,41.7517],[13.7901,41.743],[13.8116,41.7543],[13.8276,41.7392],[13.8448,41.7382],[13.859,41.7308],[13.8792,41.7287],[13.8893,41.7327],[13.8984,41.7296],[13.9045,41.7182],[13.9193,41.7179],[13.9329,41.693],[13.9491,41.6813],[13.9679,41.6732],[13.9834,41.6587],[13.9926,41.6418],[13.9964,41.6247],[14.0087,41.6099],[14.01,41.604],[14.0102,41.5926],[13.9982,41.5798],[13.9997,41.5738],[14.0042,41.5665],[14.0238,41.5607],[14.026,41.5557],[14.0207,41.5424],[14.0053,41.5388],[14.0232,41.5268],[14.0227,41.522],[14.0105,41.5148],[13.995,41.5131],[13.9752,41.4967],[13.9753,41.4921],[13.9915,41.4813],[13.9779,41.4625],[13.9613,41.464],[13.9313,41.4406],[13.9109,41.432],[13.9039,41.4256],[13.8766,41.4262],[13.8612,41.4176],[13.8638,41.409],[13.8854,41.3998],[13.8756,41.3961],[13.8841,41.3832],[13.8745,41.3762],[13.8708,41.3647],[13.8774,41.3391],[13.8438,41.3307],[13.8282,41.3377],[13.8187,41.3374],[13.8181,41.32],[13.7965,41.318],[13.7915,41.3101],[13.766,41.3023],[13.7377,41.327],[13.7147,41.337],[13.7106,41.358],[13.7021,41.3595],[13.6824,41.3395],[13.6682,41.3431],[13.6577,41.3378],[13.6518,41.3283],[13.6545,41.3204],[13.6513,41.318],[13.6238,41.3168],[13.6161,41.3211],[13.5918,41.3526],[13.5613,41.3691],[13.5677,41.3762],[13.579,41.3803],[13.5482,41.4196],[13.5393,41.4239],[13.5116,41.424],[13.5108,41.4328],[13.4556,41.4494],[13.4522,41.4604],[13.4453,41.465],[13.4283,41.4562],[13.4388,41.4268],[13.4253,41.3973],[13.412,41.3969],[13.3865,41.4045],[13.3755,41.4037],[13.3654,41.3969],[13.3492,41.4046],[13.3365,41.4066],[13.3221,41.4066],[13.3075,41.4025],[13.293,41.4192],[13.2565,41.4348],[13.2667,41.4525],[13.2974,41.4693],[13.2948,41.4809],[13.2797,41.5022],[13.2719,41.5227],[13.2516,41.5371],[13.2233,41.5385],[13.2124,41.5434],[13.2021,41.5549],[13.2013,41.5755],[13.1973,41.5871],[13.1868,41.5881],[13.1844,41.5845],[13.1751,41.5836],[13.1558,41.5869],[13.1499,41.5962],[13.1509,41.603],[13.1604,41.616],[13.1551,41.6208],[13.1584,41.6359],[13.1508,41.6579],[13.116,41.6678],[13.0999,41.6797],[13.0976,41.6861],[13.0913,41.6877],[13.0958,41.7037],[13.0855,41.719],[13.0654,41.7289],[13.0583,41.7273],[13.0481,41.7426],[13.0289,41.7468],[13.0098,41.7669],[12.9928,41.7684],[12.992,41.772],[13.006,41.8055],[13.0111,41.8091],[13.0082,41.8212],[13.0102,41.8256],[13.0165,41.827],[13.0257,41.8237],[13.0398,41.8323],[13.0562,41.8271],[13.0661,41.8353],[13.0734,41.855],[13.0979,41.861],[13.1207,41.8481],[13.1365,41.8437],[13.1545,41.8437],[13.164,41.8503],[13.1842,41.846],[13.1913,41.851],[13.1897,41.8596],[13.1943,41.8688],[13.2132,41.8754],[13.2444,41.8974],[13.2454,41.9002],[13.2405,41.904],[13.2434,41.9155],[13.2638,41.9158],[13.277,41.9306],[13.2923,41.9418],[13.2985,41.9543],[13.3063,41.9547],[13.3214,41.9457],[13.3387,41.9255],[13.3455,41.9222]]]}},{"type":"Feature","properties":{"SIGLA":"CE","DEN_PROV":"Caserta","DEN_UTS":"Caserta"},"geometry":{"type":"Polygon","coordinates":[[[14.165,41.4788],[14.1673,41.4944],[14.1724,41.4992],[14.1908,41.4965],[14.2049,41.4999],[14.2407,41.4972],[14.2494,41.4846],[14.2794,41.4863],[14.289,41.479],[14.2865,41.4724],[14.3069,41.4654],[14.3272,41.4534],[14.3422,41.4541],[14.3961,41.4398],[14.4171,41.4384],[14.4211,41.4322],[14.4404,41.427],[14.4563,41.4269],[14.4671,41.4199],[14.4773,41.419],[14.4824,41.414],[14.4794,41.4108],[14.4886,41.3907],[14.5004,41.3876],[14.5049,41.3826],[14.5012,41.3828],[14.4949,41.3743],[14.4763,41.3777],[14.4561,41.3718],[14.4396,41.3478],[14.4435,41.3445],[14.455,41.3435],[14.4685,41.3455],[14.475,41.3382],[14.4774,41.3209],[14.4895,41.3078],[14.4891,41.3006],[14.4739,41.2996],[14.4484,41.2905],[14.4388,41.2823],[14.4326,41.2648],[14.4262,41.2624],[14.4201,41.2546],[14.419,41.2415],[14.4185,41.2216],[14.4352,41.2227],[14.4457,41.1987],[14.461,41.1864],[14.4581,41.1829],[14.4596,41.1773],[14.4679,41.1761],[14.4668,41.1701],[14.4586,41.1636],[14.4636,41.1569],[14.4354,41.1544],[14.4307,41.1497],[14.429,41.1373],[14.4225,41.1352],[14.3812,41.157],[14.3784,41.1614],[14.3554,41.1566],[14.3523,41.152],[14.3632,41.1401],[14.3882,41.1343],[14.3976,41.1151],[14.4342,41.1078],[14.4363,41.0947],[14.4327,41.0856],[14.4399,41.0705],[14.413,41.0572],[14.4204,41.0524],[14.4746,41.0434],[14.5088,41.0552],[14.5183,41.0486],[14.5165,41.0391],[14.5321,41.0123],[14.5332,40.996],[14.5224,40.9892],[14.4961,40.994],[14.4834,40.9924],[14.4772,40.9819],[14.4333,40.9848],[14.4247,40.9809],[14.4048,40.9861],[14.4146,40.9955],[14.4101,41.0023],[14.3266,41.0001],[14.2976,41.0047],[14.2901,40.9913],[14.2943,40.9806],[14.293,40.9697],[14.2801,40.9606],[14.2635,40.9616],[14.2584,40.9582],[14.2623,40.9509],[14.2522,40.9461],[14.2328,40.9588],[14.2319,40.9535],[14.2252,40.9509],[14.1778,40.9535],[14.1683,40.9455],[14.1666,40.9526],[14.1565,40.9511],[14.1444,40.9436],[14.1374,40.9449],[14.1297,40.9499],[14.1469,40.9594],[14.141,40.9784],[14.1122,40.979],[14.0988,40.9623],[14.093,40.9602],[14.0474,40.9592],[14.043,40.9577],[14.0456,40.9537],[14.037,40.9496],[14.0277,40.9483],[14.0232,40.9512],[14.018,40.9479],[14.0288,40.9249],[14.0271,40.9171],[14.0354,40.9003],[14.0319,40.8988],[14.0153,40.9294],[13.9938,40.9583],[13.922,41.0263],[13.9152,41.0483],[13.8938,41.0902],[13.8326,41.1664],[13.7972,41.1978],[13.7621,41.2226],[13.7705,41.2371],[13.7783,41.2435],[13.7882,41.242],[13.8049,41.2469],[13.815,41.2445],[13.8336,41.255],[13.84,41.2624],[13.8287,41.2697],[13.8284,41.2769],[13.8336,41.2812],[13.8511,41.2896],[13.8823,41.2909],[13.8897,41.2975],[13.8948,41.3116],[13.8735,41.336],[13.878,41.3406],[13.8708,41.3647],[13.8745,41.3762],[13.8841,41.3832],[13.8756,41.3961],[13.8854,41.3998],[13.8638,41.409],[13.8618,41.4181],[13.8766,41.4262],[13.9039,41.4256],[13.9109,41.432],[13.9313,41.4406],[13.9613,41.464],[13.975,41.4634],[14.007,41.4519],[14.0086,41.4419],[14.0018,41.4292],[14.0057,41.4246],[14.0192,41.4217],[14.0267,41.4163],[14.03,41.4119],[14.0287,41.4084],[14.0424,41.3928],[14.0848,41.4],[14.1114,41.3864],[14.1134,41.3906],[14.1039,41.4056],[14.1057,41.4224],[14.0801,41.4441],[14.0797,41.4554],[14.0838,41.4571],[14.0858,41.4625],[14.0824,41.4655],[14.0948,41.4726],[14.0996,41.4808],[14.1119,41.4889],[14.1212,41.5071],[14.1253,41.5074],[14.1516,41.4827],[14.1601,41.4796],[14.165,41.4788]]]}},{"type":"Feature","properties":{"SIGLA":"BN","DEN_PROV":"Benevento","DEN_UTS":"Benevento"},"geometry":{"type":"MultiPolygon","coordinates":[[[[14.7022,41.0259],[14.7155,41.0064],[14.6936,40.9753],[14.6911,40.9757],[14.6807,40.9813],[14.6796,40.9982],[14.6863,41.0088],[14.6789,41.0195],[14.6946,41.0318],[14.7006,41.0282],[14.7022,41.0259]]],[[[15.0239,41.4762],[15.0324,41.4527],[15.0378,41.4543],[15.0505,41.4434],[15.0627,41.4407],[15.0757,41.4329],[15.0991,41.4331],[15.103,41.4209],[15.0917,41.4179],[15.0865,41.4046],[15.0983,41.3906],[15.0842,41.3883],[15.0593,41.3709],[15.0611,41.3586],[15.0733,41.3322],[15.0977,41.3284],[15.1118,41.3198],[15.1283,41.3174],[15.1268,41.303],[15.1374,41.2968],[15.1403,41.2919],[15.1377,41.2864],[15.1492,41.2804],[15.1459,41.2725],[15.1364,41.2632],[15.1214,41.2561],[15.0981,41.2605],[15.0821,41.2542],[15.0759,41.2578],[15.0738,41.2649],[15.0668,41.2683],[15.0569,41.2623],[15.0475,41.2615],[15.0335,41.2644],[15.0202,41.2628],[15.0068,41.2702],[14.9846,41.2696],[14.981,41.2613],[14.9846,41.239],[15.002,41.2169],[15.0036,41.2093],[14.999,41.1997],[14.9624,41.1745],[14.9637,41.1667],[14.9569,41.1474],[14.9817,41.1515],[14.9953,41.1504],[14.997,41.1347],[15.011,41.1193],[14.9726,41.0926],[14.939,41.0837],[14.935,41.0858],[14.9267,41.0838],[14.9095,41.071],[14.8714,41.0589],[14.8629,41.0479],[14.8472,41.0458],[14.8331,41.0357],[14.8075,41.0408],[14.8054,41.0592],[14.7968,41.0603],[14.7958,41.0503],[14.7915,41.0482],[14.7747,41.0546],[14.7765,41.0408],[14.7696,41.0191],[14.776,41.0145],[14.7638,41.0097],[14.7486,41.0095],[14.7403,41.016],[14.7303,41.0289],[14.7275,41.0461],[14.7074,41.0599],[14.6902,41.0549],[14.6672,41.058],[14.6596,41.0503],[14.6401,41.0425],[14.6076,41.0519],[14.6013,41.0579],[14.5964,41.0582],[14.5899,41.0372],[14.5685,41.0206],[14.5719,41.0095],[14.5631,41.0167],[14.5406,41.0198],[14.5312,41.0133],[14.5165,41.0391],[14.5182,41.0488],[14.5077,41.0556],[14.4746,41.0434],[14.456,41.0445],[14.4193,41.0529],[14.4134,41.0578],[14.4399,41.0705],[14.4327,41.0856],[14.4363,41.0947],[14.4342,41.1078],[14.3976,41.1151],[14.3882,41.1343],[14.3696,41.1371],[14.3552,41.1459],[14.3523,41.152],[14.3554,41.1566],[14.3784,41.1614],[14.3812,41.157],[14.4251,41.1354],[14.4295,41.1381],[14.4307,41.1497],[14.4354,41.1544],[14.4636,41.1569],[14.4586,41.1636],[14.4649,41.1677],[14.4682,41.1752],[14.4596,41.1773],[14.4581,41.1829],[14.461,41.1864],[14.4457,41.1987],[14.4352,41.2227],[14.4279,41.2235],[14.4232,41.2203],[14.4182,41.2223],[14.4201,41.2546],[14.4262,41.2624],[14.4326,41.2648],[14.4388,41.2823],[14.4537,41.2937],[14.4891,41.3006],[14.4895,41.3078],[14.4774,41.3209],[14.475,41.3382],[14.4685,41.3455],[14.455,41.3435],[14.4435,41.3445],[14.4396,41.3478],[14.4561,41.3718],[14.4763,41.3777],[14.4949,41.3743],[14.5012,41.3828],[14.509,41.3816],[14.5226,41.3853],[14.5513,41.3795],[14.5666,41.3922],[14.5754,41.3897],[14.5862,41.3804],[14.5881,41.3705],[14.6038,41.3649],[14.6246,41.3758],[14.6337,41.3874],[14.645,41.3945],[14.6522,41.3977],[14.6585,41.3954],[14.6652,41.4003],[14.6661,41.4065],[14.6984,41.4112],[14.7173,41.4008],[14.7556,41.4114],[14.7718,41.4328],[14.7715,41.4422],[14.7859,41.4524],[14.8063,41.4474],[14.8115,41.4414],[14.8431,41.4266],[14.8642,41.4263],[14.8851,41.445],[14.9469,41.4561],[14.9644,41.4658],[14.9823,41.4691],[14.9897,41.4799],[15.001,41.4847],[15.0076,41.4864],[15.0155,41.481],[15.0239,41.4762]]]]}},{"type":"Feature","properties":{"SIGLA":"NA","DEN_PROV":"Napoli","DEN_UTS":"Napoli"},"geometry":{"type":"MultiPolygon","coordinates":[[[[14.2529,40.5413],[14.2528,40.5413]]],[[[14.2566,40.5429],[14.2568,40.543]]],[[[14.2619,40.5607],[14.2663,40.556],[14.2534,40.5432],[14.2444,40.5467],[14.2211,40.5394],[14.1979,40.5368],[14.1997,40.561],[14.2147,40.5616],[14.2417,40.5558],[14.253,40.557],[14.2604,40.5614],[14.2619,40.5607]]],[[[14.3782,40.589],[14.3752,40.5875],[14.3777,40.5891],[14.3782,40.589]]],[[[14.4639,40.7299],[14.463,40.7298]]],[[[13.872,40.7606],[13.8891,40.753],[13.9084,40.749],[13.9233,40.7513],[13.9318,40.7461],[13.954,40.742],[13.9609,40.7318],[13.9646,40.712],[13.948,40.7048],[13.937,40.7062],[13.9237,40.6976],[13.9052,40.7015],[13.8925,40.6974],[13.8728,40.6981],[13.8525,40.7099],[13.8613,40.7177],[13.8547,40.7374],[13.8569,40.7403],[13.8578,40.7381],[13.8629,40.7403],[13.8685,40.7515],[13.8619,40.7574],[13.8719,40.7608],[13.872,40.7606]]],[[[14.019,40.7675],[14.0335,40.7663],[14.0363,40.7621],[14.0324,40.7583],[14.0305,40.7617],[14.0227,40.7589],[14.0195,40.7512],[14.0131,40.7486],[14.0176,40.7394],[14.0102,40.7421],[14.0072,40.7484],[13.9968,40.7433],[13.9977,40.7401],[13.9902,40.7431],[13.9947,40.7492],[14.0022,40.7477],[14.0095,40.7592],[14.0098,40.7688],[14.017,40.77],[14.019,40.7675]]],[[[14.1875,40.7921],[14.1868,40.7922]]],[[[14.2797,40.8374],[14.2997,40.8262],[14.2794,40.8373],[14.2797,40.8374]]],[[[14.547,41.017],[14.5659,41.0151],[14.5811,40.9933],[14.5777,40.9664],[14.5879,40.9336],[14.6146,40.9284],[14.6207,40.9117],[14.6646,40.9147],[14.6702,40.9075],[14.6651,40.9033],[14.6511,40.9039],[14.6459,40.9087],[14.6362,40.9108],[14.6268,40.9104],[14.6267,40.907],[14.6189,40.9119],[14.6096,40.9093],[14.5971,40.9143],[14.5743,40.9091],[14.5727,40.8962],[14.5597,40.8879],[14.5871,40.8726],[14.6055,40.8476],[14.5711,40.8472],[14.5646,40.8352],[14.59,40.8187],[14.5889,40.8066],[14.5742,40.8003],[14.5759,40.7869],[14.5568,40.7914],[14.5499,40.7878],[14.544,40.7784],[14.5221,40.7778],[14.5091,40.7733],[14.514,40.7462],[14.5091,40.7377],[14.5261,40.7347],[14.5462,40.739],[14.5539,40.7295],[14.5628,40.7281],[14.5754,40.7104],[14.577,40.7014],[14.5906,40.694],[14.5884,40.6884],[14.5772,40.6825],[14.5723,40.6701],[14.5556,40.6685],[14.5552,40.6651],[14.5711,40.6458],[14.5716,40.64],[14.5804,40.6368],[14.5774,40.6279],[14.5701,40.6235],[14.5545,40.627],[14.545,40.6216],[14.5329,40.6251],[14.5179,40.6219],[14.5103,40.6305],[14.5125,40.6399],[14.5076,40.647],[14.4821,40.6475],[14.4811,40.6404],[14.4646,40.6327],[14.4623,40.626],[14.4684,40.6197],[14.4529,40.6192],[14.4241,40.6115],[14.4004,40.5972],[14.3473,40.5795],[14.3457,40.5719],[14.3376,40.57],[14.341,40.5761],[14.3364,40.5767],[14.3245,40.569],[14.3234,40.5902],[14.328,40.5954],[14.3299,40.6073],[14.3369,40.6107],[14.3415,40.6183],[14.3387,40.6258],[14.3537,40.6333],[14.3651,40.6277],[14.3785,40.6291],[14.3998,40.6385],[14.4087,40.6505],[14.4036,40.6563],[14.4307,40.6662],[14.4398,40.6825],[14.4511,40.6886],[14.4636,40.6925],[14.4734,40.6915],[14.4783,40.6953],[14.482,40.7032],[14.4796,40.7109],[14.4592,40.7445],[14.4486,40.7529],[14.4134,40.7521],[14.4003,40.7576],[14.3496,40.7955],[14.3268,40.8177],[14.3047,40.8317],[14.2775,40.8424],[14.2601,40.8419],[14.2559,40.838],[14.2611,40.8342],[14.2524,40.8347],[14.2471,40.8289],[14.2336,40.8319],[14.2232,40.8292],[14.2078,40.8125],[14.2073,40.8024],[14.1903,40.7939],[14.175,40.7989],[14.1614,40.7928],[14.1598,40.7976],[14.1691,40.7975],[14.1733,40.8024],[14.1559,40.818],[14.1246,40.8203],[14.1177,40.8224],[14.1197,40.8241],[14.1165,40.828],[14.1072,40.8314],[14.0858,40.8297],[14.0775,40.8255],[14.0721,40.8178],[14.082,40.8118],[14.0826,40.799],[14.0878,40.793],[14.078,40.79],[14.0886,40.7872],[14.0891,40.7779],[14.0838,40.7851],[14.078,40.7873],[14.0458,40.7902],[14.0401,40.7984],[14.0475,40.8248],[14.0469,40.8505],[14.0319,40.8988],[14.0354,40.9003],[14.0271,40.9171],[14.0288,40.9249],[14.0184,40.9431],[14.018,40.9479],[14.0232,40.9512],[14.0277,40.9483],[14.037,40.9496],[14.0456,40.9537],[14.043,40.9577],[14.0474,40.9592],[14.093,40.9602],[14.0988,40.9623],[14.1122,40.979],[14.1404,40.9791],[14.1469,40.9594],[14.1297,40.9499],[14.1374,40.9449],[14.1444,40.9436],[14.1565,40.9511],[14.1666,40.9526],[14.1683,40.9455],[14.1778,40.9535],[14.2252,40.9509],[14.2319,40.9535],[14.2328,40.9588],[14.2522,40.9461],[14.2623,40.9509],[14.2584,40.9582],[14.2635,40.9616],[14.2801,40.9606],[14.293,40.9697],[14.2943,40.9806],[14.2901,40.9913],[14.2976,41.0047],[14.3266,41.0001],[14.4101,41.0023],[14.4146,40.9955],[14.4048,40.9861],[14.4174,40.9819],[14.4262,40.9809],[14.4333,40.9848],[14.4772,40.9819],[14.4834,40.9924],[14.492,40.9942],[14.5224,40.9892],[14.5342,40.9968],[14.5312,41.0133],[14.5336,41.0165],[14.5406,41.0198],[14.5453,41.0175],[14.547,41.017]]]]}},{"type":"Feature","properties":{"SIGLA":"AV","DEN_PROV":"Avellino","DEN_UTS":"Avellino"},"geometry":{"type":"Polygon","coordinates":[[[15.1998,41.2844],[15.1997,41.2794],[15.216,41.2757],[15.2204,41.2654],[15.2289,41.2663],[15.2351,41.2722],[15.2504,41.2705],[15.2741,41.2505],[15.2779,41.2434],[15.2679,41.2382],[15.2528,41.2388],[15.2461,41.236],[15.2461,41.224],[15.2624,41.1976],[15.229,41.1855],[15.2104,41.1645],[15.2085,41.1557],[15.2108,41.1487],[15.2207,41.1426],[15.2357,41.1401],[15.2598,41.1164],[15.2657,41.1061],[15.2912,41.094],[15.3166,41.1024],[15.3326,41.0964],[15.349,41.0951],[15.3671,41.0848],[15.3834,41.093],[15.3964,41.1068],[15.4017,41.1058],[15.4124,41.0966],[15.4262,41.0951],[15.4461,41.078],[15.4616,41.076],[15.4779,41.0786],[15.4896,41.07],[15.5429,41.0559],[15.5632,41.031],[15.5588,41.0216],[15.5663,41.0115],[15.5703,40.9935],[15.5665,40.9685],[15.5437,40.9477],[15.5403,40.9342],[15.5272,40.9078],[15.4676,40.8896],[15.4716,40.8729],[15.4569,40.8673],[15.4434,40.8772],[15.4032,40.8815],[15.3908,40.8761],[15.3828,40.8776],[15.3726,40.8857],[15.3641,40.8843],[15.3543,40.8822],[15.3542,40.873],[15.357,40.8701],[15.3663,40.872],[15.378,40.8676],[15.3741,40.8601],[15.3773,40.836],[15.3559,40.8383],[15.3307,40.8324],[15.3184,40.8386],[15.2955,40.8381],[15.2864,40.8222],[15.2803,40.7999],[15.2518,40.7865],[15.239,40.77],[15.2432,40.7288],[15.2398,40.7231],[15.2462,40.7175],[15.2146,40.7175],[15.19,40.7088],[15.1737,40.7073],[15.1633,40.7098],[15.1477,40.7321],[15.1397,40.7564],[15.1331,40.7598],[15.0661,40.7714],[15.0273,40.7818],[15.0082,40.7752],[14.9914,40.7824],[14.9881,40.7886],[14.9688,40.7858],[14.9384,40.7917],[14.9198,40.8013],[14.9164,40.809],[14.896,40.8055],[14.8743,40.7966],[14.8457,40.8],[14.8352,40.7935],[14.8272,40.7941],[14.8116,40.8048],[14.7945,40.7984],[14.7738,40.8049],[14.7476,40.8033],[14.7347,40.8161],[14.7333,40.8229],[14.7417,40.8285],[14.7313,40.842],[14.723,40.8386],[14.6859,40.841],[14.6743,40.8298],[14.6752,40.823],[14.6668,40.8225],[14.655,40.8261],[14.646,40.836],[14.6055,40.8476],[14.5871,40.8726],[14.5597,40.8879],[14.5727,40.8962],[14.5743,40.9091],[14.5922,40.9141],[14.6096,40.9093],[14.6189,40.9119],[14.6267,40.907],[14.6268,40.9104],[14.6362,40.9108],[14.6459,40.9087],[14.6511,40.9039],[14.67,40.9053],[14.6646,40.9147],[14.6207,40.9117],[14.6158,40.9275],[14.5879,40.9336],[14.5848,40.9396],[14.5777,40.9664],[14.5811,40.9933],[14.5737,41.0027],[14.5685,41.0206],[14.5899,41.0372],[14.5964,41.0582],[14.6013,41.0579],[14.6076,41.0519],[14.6401,41.0425],[14.6596,41.0503],[14.6672,41.058],[14.6902,41.0549],[14.7074,41.0599],[14.7275,41.0461],[14.7303,41.0289],[14.7403,41.016],[14.7508,41.0091],[14.7698,41.011],[14.776,41.0145],[14.7696,41.0191],[14.7765,41.0408],[14.7747,41.0546],[14.7915,41.0482],[14.7958,41.0503],[14.7968,41.0603],[14.8054,41.0592],[14.8075,41.0408],[14.8331,41.0357],[14.8472,41.0458],[14.8629,41.0479],[14.8714,41.0589],[14.9095,41.071],[14.9267,41.0838],[14.935,41.0858],[14.939,41.0837],[14.9726,41.0926],[14.9882,41.1058],[15.0109,41.1181],[14.997,41.1347],[14.9953,41.1504],[14.9817,41.1515],[14.9569,41.1474],[14.9637,41.1667],[14.9624,41.1745],[14.999,41.1997],[15.0036,41.2093],[15.002,41.2169],[14.9846,41.239],[14.981,41.2613],[14.9861,41.2711],[15.0068,41.2702],[15.0262,41.2621],[15.0335,41.2644],[15.0569,41.2623],[15.0668,41.2683],[15.0738,41.2649],[15.0759,41.2578],[15.0821,41.2542],[15.0981,41.2605],[15.1214,41.2561],[15.1364,41.2632],[15.1459,41.2725],[15.1508,41.283],[15.1958,41.2862],[15.1998,41.2844]],[[14.7092,41.016],[14.7051,41.0235],[14.6946,41.0318],[14.6793,41.02],[14.6863,41.0088],[14.6796,40.9982],[14.6807,40.9813],[14.6936,40.9753],[14.7129,41.0007],[14.7149,41.0091],[14.7092,41.016]]]}},{"type":"Feature","properties":{"SIGLA":"SA","DEN_PROV":"Salerno","DEN_UTS":"Salerno"},"geometry":{"type":"MultiPolygon","coordinates":[[[[15.2949,40.0237],[15.2949,40.0239]]],[[[14.9003,40.2504],[14.901,40.252]]],[[[14.4309,40.5807],[14.4306,40.5808]]],[[[14.4312,40.5823],[14.4285,40.5819],[14.4311,40.5824],[14.4312,40.5823]]],[[[14.4361,40.5832],[14.4368,40.5807],[14.4321,40.5829],[14.4358,40.5836],[14.4361,40.5832]]],[[[15.3219,40.8375],[15.3284,40.833],[15.335,40.8349],[15.3481,40.8281],[15.3665,40.8121],[15.3805,40.8109],[15.3794,40.8062],[15.3663,40.8],[15.3706,40.7964],[15.3877,40.7935],[15.3813,40.7817],[15.3884,40.7671],[15.3791,40.7513],[15.3835,40.7332],[15.3815,40.7241],[15.3925,40.7175],[15.4062,40.7152],[15.4304,40.6921],[15.4431,40.6888],[15.4695,40.6737],[15.48,40.6732],[15.5036,40.6637],[15.5011,40.6558],[15.4894,40.6462],[15.4693,40.6395],[15.4506,40.6101],[15.4641,40.6036],[15.4765,40.5928],[15.4885,40.5904],[15.4909,40.5868],[15.5094,40.5861],[15.515,40.5802],[15.5153,40.5735],[15.5199,40.5705],[15.5335,40.5732],[15.5385,40.5683],[15.5288,40.5564],[15.5427,40.5323],[15.5366,40.521],[15.5505,40.5092],[15.5352,40.4996],[15.5387,40.4898],[15.5759,40.4696],[15.5921,40.4416],[15.6457,40.4145],[15.6627,40.3925],[15.671,40.3983],[15.6775,40.3964],[15.7081,40.3775],[15.7095,40.3699],[15.7044,40.3637],[15.7047,40.3422],[15.7255,40.3225],[15.7268,40.3165],[15.7438,40.3008],[15.765,40.2984],[15.7669,40.2941],[15.7897,40.29],[15.8064,40.2732],[15.7996,40.2678],[15.7995,40.2599],[15.8039,40.2507],[15.7907,40.2441],[15.7878,40.2374],[15.7905,40.2293],[15.7972,40.2248],[15.7957,40.2219],[15.7895,40.2175],[15.7732,40.2168],[15.7512,40.2018],[15.7404,40.2024],[15.7308,40.1979],[15.728,40.1859],[15.712,40.1779],[15.7162,40.1709],[15.7145,40.1679],[15.7011,40.1606],[15.7015,40.1534],[15.7095,40.1378],[15.7039,40.1253],[15.7051,40.1166],[15.677,40.0845],[15.6587,40.0798],[15.6583,40.0759],[15.6686,40.0732],[15.6758,40.0642],[15.676,40.0549],[15.6431,40.0432],[15.6268,40.0564],[15.6273,40.0634],[15.6323,40.0683],[15.6255,40.0741],[15.6138,40.0698],[15.6022,40.0742],[15.5718,40.0782],[15.5236,40.0718],[15.5049,40.0646],[15.4806,40.0394],[15.4644,40.0351],[15.458,40.0303],[15.4199,39.9905],[15.3831,40.0004],[15.3694,39.9975],[15.3546,40],[15.3427,40.0048],[15.3147,40.0316],[15.2941,40.0286],[15.2923,40.0248],[15.2853,40.0228],[15.2711,40.0224],[15.2679,40.0315],[15.2785,40.0296],[15.285,40.0359],[15.2819,40.0551],[15.2712,40.0742],[15.2638,40.0815],[15.246,40.0891],[15.2297,40.1006],[15.205,40.1234],[15.1776,40.1281],[15.1329,40.1709],[15.1135,40.1771],[15.1001,40.173],[15.0847,40.1729],[15.0657,40.1645],[15.0349,40.1722],[15.0254,40.1788],[15.0122,40.2017],[14.9939,40.2163],[14.9687,40.222],[14.9514,40.2333],[14.9402,40.2333],[14.935,40.2287],[14.9182,40.237],[14.9077,40.2466],[14.9049,40.2533],[14.9432,40.2752],[14.9467,40.302],[14.9447,40.3129],[14.9393,40.3193],[14.9456,40.3369],[14.9636,40.3404],[14.9795,40.3519],[14.9939,40.3537],[14.9992,40.3605],[15.0009,40.3803],[14.9939,40.4018],[14.9784,40.4314],[14.9412,40.4832],[14.8976,40.5609],[14.8599,40.6063],[14.8088,40.6519],[14.7797,40.67],[14.7587,40.6774],[14.7527,40.6752],[14.7549,40.6721],[14.7486,40.6776],[14.7183,40.666],[14.6894,40.6337],[14.6743,40.6349],[14.6393,40.6481],[14.628,40.6489],[14.6064,40.6332],[14.5985,40.6326],[14.5858,40.625],[14.5729,40.6131],[14.547,40.6142],[14.5282,40.6067],[14.5211,40.6103],[14.5183,40.6158],[14.4946,40.6271],[14.4863,40.6274],[14.4687,40.6202],[14.4623,40.626],[14.4658,40.6342],[14.4811,40.6404],[14.4821,40.6475],[14.5019,40.6482],[14.5107,40.6442],[14.5103,40.6305],[14.5179,40.6219],[14.5329,40.6251],[14.545,40.6216],[14.5545,40.627],[14.5675,40.6232],[14.5774,40.6279],[14.5804,40.6368],[14.5716,40.64],[14.5711,40.6458],[14.5553,40.6671],[14.5572,40.6703],[14.5723,40.6701],[14.5772,40.6825],[14.5884,40.6884],[14.5906,40.694],[14.577,40.7014],[14.5754,40.7104],[14.5628,40.7281],[14.5539,40.7295],[14.5462,40.739],[14.5261,40.7347],[14.5091,40.7377],[14.514,40.7462],[14.5091,40.7733],[14.5221,40.7778],[14.544,40.7784],[14.5499,40.7878],[14.5568,40.7914],[14.5759,40.7869],[14.5742,40.8003],[14.5889,40.8066],[14.5887,40.8202],[14.5655,40.8328],[14.5711,40.8472],[14.6196,40.8455],[14.646,40.836],[14.6563,40.8255],[14.6729,40.8219],[14.6752,40.823],[14.6747,40.8304],[14.6859,40.841],[14.723,40.8386],[14.7313,40.842],[14.7417,40.8285],[14.7333,40.8229],[14.7347,40.8161],[14.7476,40.8033],[14.7738,40.8049],[14.7945,40.7984],[14.8116,40.8048],[14.8272,40.7941],[14.8352,40.7935],[14.8457,40.8],[14.8743,40.7966],[14.896,40.8055],[14.9164,40.809],[14.9198,40.8013],[14.9384,40.7917],[14.9688,40.7858],[14.9881,40.7886],[14.9914,40.7824],[15.0082,40.7752],[15.0273,40.7818],[15.0661,40.7714],[15.1331,40.7598],[15.1397,40.7564],[15.1435,40.7404],[15.1554,40.7177],[15.1633,40.7098],[15.1737,40.7073],[15.1977,40.7106],[15.2146,40.7175],[15.2469,40.718],[15.2398,40.7231],[15.2432,40.7288],[15.2389,40.7574],[15.2414,40.7756],[15.2518,40.7865],[15.2778,40.7969],[15.2864,40.8222],[15.2955,40.8381],[15.3206,40.838],[15.3219,40.8375]]]]}},{"type":"Feature","properties":{"SIGLA":"AQ","DEN_PROV":"L'Aquila","DEN_UTS":"L'Aquila"},"geometry":{"type":"Polygon","coordinates":[[[13.3966,42.5805],[13.4041,42.5723],[13.4023,42.5616],[13.4093,42.5389],[13.4258,42.5193],[13.4484,42.5038],[13.4521,42.4966],[13.472,42.4859],[13.5101,42.473],[13.5257,42.4724],[13.5252,42.45],[13.5521,42.448],[13.5628,42.4587],[13.576,42.4539],[13.6237,42.4504],[13.6671,42.4378],[13.699,42.4437],[13.7279,42.4404],[13.7591,42.4284],[13.7631,42.4209],[13.7764,42.4139],[13.7868,42.3939],[13.8086,42.3787],[13.8124,42.3687],[13.7991,42.3658],[13.8072,42.3463],[13.8054,42.3382],[13.8231,42.3175],[13.8285,42.2936],[13.839,42.2884],[13.8443,42.2812],[13.8406,42.2683],[13.8413,42.2559],[13.8355,42.2505],[13.8266,42.2491],[13.8207,42.2532],[13.813,42.25],[13.804,42.2378],[13.8075,42.2261],[13.8032,42.2087],[13.8067,42.1923],[13.7961,42.1829],[13.8005,42.1748],[13.7994,42.1682],[13.7901,42.1536],[13.7981,42.149],[13.8455,42.1427],[13.8527,42.146],[13.8552,42.1559],[13.8591,42.1594],[13.8989,42.1656],[13.9077,42.1562],[13.9048,42.1484],[13.9115,42.1431],[13.944,42.1276],[13.962,42.1247],[13.9761,42.1028],[13.9932,42.0904],[13.9995,42.0783],[14.0061,42.0731],[14.0305,42.0829],[14.0829,42.0873],[14.0906,42.0846],[14.1002,42.0747],[14.099,42.0639],[14.104,42.048],[14.0906,42.0403],[14.0905,42.0335],[14.0815,42.0183],[14.0802,42.0091],[14.081,42.0017],[14.0898,41.998],[14.0979,41.9458],[14.0818,41.9394],[14.0949,41.9223],[14.1063,41.8934],[14.1383,41.8872],[14.1682,41.9011],[14.1832,41.9035],[14.2114,41.8906],[14.2297,41.8771],[14.2253,41.8736],[14.2187,41.8573],[14.1965,41.8486],[14.1981,41.8425],[14.1886,41.8418],[14.1835,41.8477],[14.1558,41.8371],[14.148,41.826],[14.1648,41.8073],[14.1715,41.7784],[14.1768,41.7737],[14.1935,41.7735],[14.2019,41.767],[14.1945,41.7578],[14.1941,41.7493],[14.1787,41.7492],[14.1754,41.7536],[14.1755,41.7641],[14.1718,41.7658],[14.1638,41.7598],[14.1594,41.7478],[14.1207,41.7452],[14.1154,41.7354],[14.1221,41.731],[14.1233,41.7261],[14.1168,41.7149],[14.1072,41.7074],[14.0946,41.7378],[14.0714,41.7369],[14.0532,41.7193],[14.0532,41.7017],[14.0319,41.7021],[14.0242,41.6971],[14.0177,41.6821],[13.9949,41.6932],[13.9831,41.6948],[13.9551,41.6955],[13.941,41.688],[13.9329,41.693],[13.9193,41.7179],[13.9045,41.7182],[13.8984,41.7296],[13.8893,41.7327],[13.8792,41.7287],[13.859,41.7308],[13.8448,41.7382],[13.8276,41.7392],[13.8133,41.7539],[13.7901,41.743],[13.7672,41.7489],[13.7495,41.7606],[13.7467,41.7748],[13.7337,41.7854],[13.7276,41.7979],[13.7171,41.7977],[13.7056,41.7875],[13.6927,41.7915],[13.6811,41.8043],[13.6609,41.8113],[13.6469,41.8103],[13.6385,41.8043],[13.6428,41.7922],[13.6313,41.7826],[13.6018,41.7694],[13.5861,41.7664],[13.5762,41.755],[13.5718,41.7543],[13.5614,41.7615],[13.5453,41.7624],[13.528,41.7704],[13.5204,41.776],[13.5057,41.8013],[13.4712,41.8063],[13.4516,41.8228],[13.4169,41.8347],[13.4075,41.8375],[13.3978,41.8347],[13.391,41.8193],[13.3795,41.8175],[13.3674,41.8347],[13.3673,41.8633],[13.359,41.8693],[13.3778,41.8912],[13.384,41.9042],[13.3644,41.9248],[13.3566,41.9257],[13.35,41.921],[13.3387,41.9255],[13.3239,41.9435],[13.3063,41.9547],[13.2985,41.9543],[13.2963,41.9486],[13.2872,41.9499],[13.2654,41.9668],[13.2417,41.9718],[13.2267,41.9835],[13.2142,41.9873],[13.1996,41.9864],[13.1697,41.9978],[13.147,42.012],[13.1039,42.0263],[13.0976,42.0256],[13.0962,42.0198],[13.101,42.008],[13.0778,42.0094],[13.0545,42.0164],[13.0465,42.0353],[13.0266,42.05],[13.026,42.0631],[13.0217,42.0672],[13.0193,42.0791],[13.026,42.0984],[13.0319,42.1058],[13.0308,42.1221],[13.039,42.1174],[13.0573,42.1229],[13.0716,42.131],[13.0872,42.1479],[13.0938,42.1594],[13.0926,42.1689],[13.0868,42.1732],[13.0876,42.1782],[13.1199,42.1767],[13.1697,42.1507],[13.1773,42.1529],[13.1833,42.1589],[13.1954,42.1578],[13.2057,42.1484],[13.2233,42.1433],[13.2373,42.1291],[13.2488,42.1274],[13.2695,42.1375],[13.2849,42.1343],[13.3053,42.1383],[13.3175,42.1537],[13.3283,42.1547],[13.3227,42.161],[13.3273,42.1639],[13.3546,42.1674],[13.3424,42.1768],[13.3799,42.1804],[13.3738,42.1874],[13.352,42.1914],[13.3415,42.1984],[13.3319,42.2082],[13.3387,42.2155],[13.3331,42.2228],[13.3214,42.2292],[13.2972,42.2311],[13.2828,42.2369],[13.2745,42.2436],[13.2698,42.2551],[13.2576,42.264],[13.2391,42.271],[13.2302,42.2854],[13.2261,42.3193],[13.1914,42.3323],[13.1727,42.348],[13.1534,42.357],[13.1894,42.3811],[13.1942,42.3892],[13.1887,42.4007],[13.1552,42.4142],[13.1387,42.4313],[13.1162,42.4439],[13.14,42.4627],[13.1541,42.4623],[13.1784,42.4793],[13.1714,42.4851],[13.1778,42.5126],[13.1669,42.5155],[13.1598,42.5234],[13.1574,42.5277],[13.1588,42.54],[13.1666,42.5404],[13.1735,42.5454],[13.1761,42.5529],[13.1743,42.5675],[13.1923,42.578],[13.1914,42.5875],[13.2254,42.5827],[13.234,42.5757],[13.2459,42.5727],[13.2533,42.5812],[13.2794,42.5833],[13.2845,42.5816],[13.2933,42.5695],[13.3217,42.5786],[13.3446,42.5758],[13.3813,42.5809],[13.391,42.5903],[13.394,42.5913],[13.3943,42.5878],[13.3966,42.5805]]]}},{"type":"Feature","properties":{"SIGLA":"TE","DEN_PROV":"Teramo","DEN_UTS":"Teramo"},"geometry":{"type":"Polygon","coordinates":[[[13.921,42.8924],[13.9302,42.8439],[13.9424,42.809],[13.9978,42.7056],[14.0767,42.5999],[14.1094,42.5632],[14.1463,42.5306],[14.1295,42.5271],[14.0987,42.533],[14.0826,42.5433],[14.0696,42.5434],[14.0571,42.5314],[13.991,42.541],[13.9733,42.5328],[13.9557,42.5343],[13.9519,42.5293],[13.9589,42.5101],[13.9574,42.5055],[13.9279,42.5141],[13.9133,42.5063],[13.893,42.5121],[13.8846,42.5092],[13.8811,42.504],[13.8841,42.4894],[13.8598,42.4879],[13.8352,42.4959],[13.8338,42.4935],[13.813,42.4924],[13.8067,42.4831],[13.8059,42.4741],[13.7913,42.4611],[13.7937,42.4561],[13.772,42.4379],[13.7653,42.4201],[13.7591,42.4284],[13.7454,42.435],[13.7034,42.4437],[13.6671,42.4378],[13.6237,42.4504],[13.576,42.4539],[13.5628,42.4587],[13.5521,42.448],[13.526,42.4497],[13.5257,42.4724],[13.5021,42.4751],[13.4562,42.4942],[13.4484,42.5038],[13.4258,42.5193],[13.4097,42.5382],[13.4023,42.5616],[13.4041,42.5723],[13.3966,42.5805],[13.3892,42.6023],[13.3945,42.6193],[13.4054,42.6283],[13.4096,42.6397],[13.402,42.6456],[13.3724,42.6492],[13.3488,42.6686],[13.3514,42.6853],[13.3578,42.6941],[13.3711,42.694],[13.39,42.6872],[13.4274,42.7064],[13.437,42.6989],[13.4404,42.7021],[13.438,42.7175],[13.4476,42.7318],[13.4625,42.7346],[13.4824,42.7321],[13.4934,42.7366],[13.504,42.7505],[13.5024,42.7699],[13.5169,42.7895],[13.5298,42.7961],[13.5345,42.8167],[13.5436,42.8169],[13.555,42.8044],[13.5698,42.8016],[13.6001,42.8063],[13.6196,42.8147],[13.6278,42.8142],[13.6286,42.8071],[13.6355,42.8033],[13.6629,42.807],[13.6993,42.8226],[13.7109,42.8434],[13.7082,42.845],[13.7102,42.8504],[13.7219,42.8545],[13.7741,42.8595],[13.8008,42.8673],[13.8221,42.8797],[13.8566,42.8846],[13.8809,42.8919],[13.9162,42.8946],[13.921,42.8924]]]}},{"type":"Feature","properties":{"SIGLA":"PE","DEN_PROV":"Pescara","DEN_UTS":"Pescara"},"geometry":{"type":"Polygon","coordinates":[[[14.0826,42.5433],[14.0987,42.533],[14.1295,42.5271],[14.1463,42.5306],[14.1868,42.4933],[14.2199,42.47],[14.2293,42.4689],[14.238,42.4572],[14.2543,42.4449],[14.2441,42.4368],[14.2462,42.4278],[14.2312,42.4185],[14.2224,42.4208],[14.2235,42.4276],[14.2085,42.4254],[14.1988,42.4289],[14.1962,42.4335],[14.1922,42.4338],[14.1857,42.4261],[14.1715,42.4366],[14.1644,42.4321],[14.1687,42.426],[14.156,42.4124],[14.1576,42.3942],[14.1329,42.3863],[14.1277,42.3685],[14.1176,42.3623],[14.1192,42.3587],[14.1255,42.3577],[14.1274,42.3525],[14.127,42.3487],[14.1175,42.3397],[14.1197,42.3349],[14.1113,42.3317],[14.0936,42.3348],[14.0759,42.3264],[14.0788,42.3173],[14.0847,42.3155],[14.0952,42.3032],[14.1115,42.2956],[14.1113,42.2914],[14.0922,42.281],[14.0925,42.2783],[14.1135,42.2744],[14.1147,42.2631],[14.1057,42.2574],[14.1086,42.2445],[14.1303,42.2253],[14.1179,42.2225],[14.1116,42.2115],[14.0954,42.2067],[14.0934,42.2021],[14.1066,42.1888],[14.0971,42.188],[14.0963,42.1813],[14.1066,42.177],[14.1288,42.1591],[14.1156,42.1504],[14.1099,42.1428],[14.1156,42.1201],[14.1133,42.1046],[14.1062,42.0987],[14.0903,42.0987],[14.0832,42.0901],[14.0852,42.0867],[14.0305,42.0829],[14.0061,42.0731],[13.9995,42.0783],[13.9932,42.0904],[13.9761,42.1028],[13.962,42.1247],[13.944,42.1276],[13.9115,42.1431],[13.9048,42.1484],[13.9077,42.1562],[13.8989,42.1656],[13.8591,42.1594],[13.8552,42.1559],[13.8527,42.146],[13.8455,42.1427],[13.7981,42.149],[13.7901,42.1536],[13.7994,42.1682],[13.8005,42.1748],[13.7961,42.1829],[13.8067,42.1923],[13.8032,42.2087],[13.8075,42.2261],[13.804,42.2378],[13.813,42.25],[13.8207,42.2532],[13.8266,42.2491],[13.8355,42.2505],[13.8413,42.2559],[13.8406,42.2683],[13.8443,42.2812],[13.839,42.2884],[13.8285,42.2936],[13.8231,42.3175],[13.8054,42.3382],[13.8072,42.3463],[13.7991,42.3658],[13.8124,42.3687],[13.8086,42.3787],[13.7898,42.3908],[13.7798,42.4038],[13.7764,42.4139],[13.7653,42.4201],[13.772,42.4379],[13.7937,42.4561],[13.7913,42.4611],[13.8059,42.4741],[13.8067,42.4831],[13.813,42.4924],[13.8338,42.4935],[13.8352,42.4959],[13.8598,42.4879],[13.8841,42.4894],[13.8811,42.504],[13.8846,42.5092],[13.893,42.5121],[13.9133,42.5063],[13.9279,42.5141],[13.9574,42.5055],[13.9589,42.5101],[13.9519,42.5293],[13.9557,42.5343],[13.9733,42.5328],[13.991,42.541],[14.0571,42.5314],[14.0696,42.5434],[14.0826,42.5433]]]}},{"type":"Feature","properties":{"SIGLA":"CH","DEN_PROV":"Chieti","DEN_UTS":"Chieti"},"geometry":{"type":"Polygon","coordinates":[[[14.2543,42.4449],[14.3198,42.4055],[14.373,42.3786],[14.391,42.3726],[14.4024,42.3616],[14.421,42.3554],[14.4235,42.3512],[14.4116,42.357],[14.4101,42.3479],[14.4291,42.3232],[14.4995,42.2737],[14.501,42.2609],[14.5096,42.2515],[14.563,42.2238],[14.6208,42.1993],[14.6958,42.1756],[14.7089,42.1739],[14.7128,42.1769],[14.7172,42.1702],[14.7188,42.1359],[14.7224,42.1302],[14.7187,42.105],[14.7441,42.0846],[14.7792,42.0702],[14.7623,42.0446],[14.7639,42.0416],[14.7826,42.0348],[14.7804,42.0299],[14.7662,42.0184],[14.7306,42.0051],[14.7175,41.9944],[14.7003,41.9744],[14.6686,41.9466],[14.6617,41.9149],[14.6416,41.9004],[14.6142,41.8892],[14.5979,41.8513],[14.5847,41.8421],[14.5699,41.8202],[14.5497,41.8153],[14.5332,41.7999],[14.5337,41.7923],[14.53,41.7883],[14.4987,41.7723],[14.4947,41.7653],[14.4866,41.7599],[14.4546,41.7637],[14.4644,41.777],[14.4547,41.7963],[14.4457,41.8378],[14.4423,41.8413],[14.4337,41.8415],[14.4207,41.8553],[14.3972,41.8698],[14.3785,41.8661],[14.3767,41.8799],[14.3611,41.8743],[14.3645,41.8688],[14.3586,41.8607],[14.3434,41.8625],[14.3431,41.8668],[14.3258,41.8905],[14.3192,41.8947],[14.304,41.8934],[14.2839,41.9106],[14.2376,41.8785],[14.2297,41.8771],[14.2114,41.8906],[14.1832,41.9035],[14.1682,41.9011],[14.1383,41.8872],[14.1063,41.8934],[14.0949,41.9223],[14.0818,41.9394],[14.0979,41.9458],[14.0979,41.9523],[14.0898,41.998],[14.081,42.0017],[14.0815,42.0183],[14.0905,42.0335],[14.0906,42.0403],[14.104,42.048],[14.099,42.0639],[14.1002,42.0747],[14.0832,42.0901],[14.0903,42.0987],[14.1062,42.0987],[14.1133,42.1046],[14.1156,42.1201],[14.1099,42.1428],[14.1156,42.1504],[14.1288,42.1591],[14.1066,42.177],[14.0963,42.1813],[14.0971,42.188],[14.1066,42.1888],[14.0936,42.2034],[14.0954,42.2067],[14.1116,42.2115],[14.1179,42.2225],[14.1303,42.2253],[14.1086,42.2445],[14.1057,42.2574],[14.1147,42.2631],[14.1135,42.2744],[14.0925,42.2783],[14.0922,42.281],[14.1113,42.2914],[14.1115,42.2956],[14.0952,42.3032],[14.0847,42.3155],[14.0788,42.3173],[14.0759,42.3264],[14.0936,42.3348],[14.1113,42.3317],[14.1197,42.3349],[14.1175,42.3397],[14.127,42.3487],[14.1274,42.3525],[14.1255,42.3577],[14.1192,42.3587],[14.1176,42.3623],[14.1277,42.3685],[14.1329,42.3863],[14.1576,42.3942],[14.156,42.4124],[14.1687,42.426],[14.1644,42.4321],[14.1715,42.4366],[14.1857,42.4261],[14.1922,42.4338],[14.1962,42.4335],[14.1988,42.4289],[14.2085,42.4254],[14.2235,42.4276],[14.2224,42.4208],[14.2312,42.4185],[14.2462,42.4278],[14.2441,42.4368],[14.2538,42.4448],[14.2543,42.4449]]]}},{"type":"Feature","properties":{"SIGLA":"CB","DEN_PROV":"Campobasso","DEN_UTS":"Campobasso"},"geometry":{"type":"Polygon","coordinates":[[[14.7919,42.0667],[14.8224,42.0493],[14.8923,42.0235],[14.9546,42.0105],[14.9942,42.0051],[15.0048,42.0065],[15.0088,42.0028],[14.9992,42.0053],[15.0035,41.9919],[15.0272,41.9811],[15.0796,41.9423],[15.1013,41.9344],[15.1375,41.9281],[15.1317,41.9034],[15.1406,41.8791],[15.1258,41.8709],[15.1241,41.8613],[15.1188,41.854],[15.1059,41.8495],[15.101,41.8375],[15.1014,41.8316],[15.1152,41.8119],[15.117,41.7992],[15.1147,41.7892],[15.1024,41.7824],[15.0986,41.7652],[15.1166,41.749],[15.1033,41.749],[15.1019,41.7428],[15.119,41.7239],[15.1457,41.7115],[15.1615,41.7094],[15.1171,41.6938],[15.1061,41.6856],[15.1025,41.6721],[15.0952,41.6738],[15.0899,41.6818],[15.0858,41.6699],[15.0693,41.6607],[15.0502,41.6573],[15.0442,41.647],[15.0452,41.6369],[15.0342,41.638],[15.026,41.6346],[15.0222,41.6219],[15.0063,41.6231],[14.9895,41.6333],[14.9888,41.6377],[14.9852,41.6391],[14.964,41.6434],[14.9553,41.6418],[14.9482,41.6307],[14.9341,41.6202],[14.9474,41.6077],[14.9478,41.5743],[14.9359,41.5424],[14.937,41.5279],[14.9457,41.5218],[14.9664,41.519],[14.9793,41.5057],[15.0076,41.4864],[14.9897,41.4799],[14.9823,41.4691],[14.9644,41.4658],[14.9469,41.4561],[14.8851,41.445],[14.8657,41.4267],[14.8431,41.4266],[14.8115,41.4414],[14.8063,41.4474],[14.7859,41.4524],[14.7715,41.4422],[14.7718,41.4328],[14.7556,41.4114],[14.7173,41.4008],[14.6984,41.4112],[14.6661,41.4065],[14.6652,41.4003],[14.6585,41.3954],[14.6522,41.3977],[14.645,41.3945],[14.6337,41.3874],[14.6246,41.3758],[14.6038,41.3649],[14.5881,41.3705],[14.5862,41.3804],[14.5754,41.3897],[14.5666,41.3922],[14.5513,41.3795],[14.5235,41.3853],[14.5051,41.3825],[14.5004,41.3876],[14.4886,41.3907],[14.4794,41.4108],[14.4824,41.414],[14.4773,41.419],[14.4671,41.4199],[14.4563,41.4269],[14.4307,41.4287],[14.4211,41.4322],[14.4171,41.4384],[14.3825,41.4433],[14.3777,41.4525],[14.3873,41.4796],[14.3918,41.5077],[14.4058,41.5099],[14.4272,41.5246],[14.4417,41.5202],[14.4517,41.5213],[14.4503,41.5247],[14.4568,41.5402],[14.4603,41.5433],[14.4694,41.5405],[14.4701,41.5564],[14.4885,41.5696],[14.4931,41.5764],[14.4922,41.5903],[14.5062,41.597],[14.5119,41.5964],[14.5095,41.6092],[14.4983,41.6157],[14.4821,41.6176],[14.4788,41.6318],[14.4519,41.6425],[14.428,41.637],[14.4243,41.641],[14.4319,41.6575],[14.4299,41.6692],[14.4349,41.6715],[14.4544,41.6647],[14.4691,41.678],[14.4836,41.6801],[14.4944,41.672],[14.5024,41.6791],[14.501,41.6855],[14.5212,41.6995],[14.5221,41.7146],[14.5191,41.7266],[14.4789,41.7449],[14.4834,41.7571],[14.4947,41.7653],[14.4987,41.7723],[14.53,41.7883],[14.5337,41.7923],[14.5332,41.7999],[14.5497,41.8153],[14.5699,41.8202],[14.5847,41.8421],[14.5979,41.8513],[14.6142,41.8892],[14.6416,41.9004],[14.6617,41.9149],[14.6686,41.9466],[14.7003,41.9744],[14.7175,41.9944],[14.7306,42.0051],[14.7662,42.0184],[14.7804,42.0299],[14.7826,42.0348],[14.7639,42.0416],[14.7623,42.0446],[14.7762,42.0674],[14.7792,42.0702],[14.7857,42.0685],[14.7919,42.0667]]]}},{"type":"Feature","properties":{"SIGLA":"FG","DEN_PROV":"Foggia","DEN_UTS":"Foggia"},"geometry":{"type":"MultiPolygon","coordinates":[[[[16.2,41.8144],[16.2003,41.8146]]],[[[16.1891,41.8442],[16.1867,41.845],[16.189,41.8445],[16.1891,41.8442]]],[[[16.1831,41.8909],[16.1853,41.8877],[16.182,41.8909],[16.1831,41.8909]]],[[[16.1118,41.9285],[16.1094,41.9284],[16.1115,41.9287],[16.1118,41.9285]]],[[[16.0619,41.947],[16.0907,41.9372],[16.1213,41.9149],[16.1335,41.9122],[16.1409,41.9144],[16.1517,41.9072],[16.1611,41.8919],[16.1852,41.8835],[16.1777,41.8799],[16.1758,41.8596],[16.1804,41.8467],[16.1967,41.8223],[16.1954,41.7961],[16.1894,41.7845],[16.1914,41.7809],[16.189,41.7752],[16.1797,41.7682],[16.1683,41.7666],[16.1622,41.7543],[16.1501,41.7504],[16.1435,41.7424],[16.1214,41.7389],[16.1179,41.7336],[16.1043,41.7294],[16.0877,41.7144],[16.0734,41.7106],[16.0654,41.6955],[16.046,41.6845],[15.9426,41.6415],[15.9368,41.6357],[15.947,41.6194],[15.9495,41.62],[15.9469,41.6193],[15.9357,41.6365],[15.9128,41.6247],[15.9141,41.622],[15.9071,41.6207],[15.9012,41.6144],[15.8944,41.5837],[15.895,41.5693],[15.9037,41.5346],[15.932,41.4856],[15.9558,41.4625],[15.9806,41.4457],[16.0248,41.4258],[16.0208,41.4231],[15.9792,41.4383],[15.9502,41.4417],[15.9365,41.425],[15.9764,41.4139],[15.9836,41.4055],[16.0373,41.3834],[16.0311,41.3739],[15.9921,41.361],[15.9819,41.3608],[15.9824,41.3356],[15.9834,41.3047],[15.9951,41.2932],[16.0125,41.2643],[16.0224,41.264],[16.0402,41.2699],[16.027,41.2483],[16.0176,41.2394],[16.0166,41.2302],[16.0201,41.2202],[16.008,41.2089],[15.9954,41.206],[15.9965,41.1994],[15.9922,41.1958],[15.9816,41.1949],[15.9505,41.1834],[15.9271,41.1808],[15.9105,41.1661],[15.8733,41.1437],[15.865,41.131],[15.8546,41.1331],[15.843,41.1238],[15.8391,41.1245],[15.8395,41.1296],[15.8336,41.1301],[15.8251,41.1184],[15.8144,41.1178],[15.8019,41.1113],[15.8025,41.1017],[15.7989,41.0923],[15.7906,41.0878],[15.7867,41.0907],[15.7665,41.0845],[15.7526,41.0973],[15.7417,41.0993],[15.7301,41.098],[15.7203,41.0901],[15.6846,41.0869],[15.6473,41.0896],[15.6225,41.0981],[15.5857,41.0983],[15.5632,41.0895],[15.5557,41.0803],[15.5402,41.0722],[15.5429,41.0559],[15.4896,41.07],[15.4779,41.0786],[15.4616,41.076],[15.4461,41.078],[15.4262,41.0951],[15.4124,41.0966],[15.4013,41.106],[15.3964,41.1068],[15.3834,41.093],[15.3666,41.0848],[15.349,41.0951],[15.3326,41.0964],[15.3166,41.1024],[15.2912,41.094],[15.2657,41.1061],[15.2598,41.1164],[15.2357,41.1401],[15.2176,41.1441],[15.2106,41.1489],[15.2085,41.1557],[15.2104,41.1645],[15.229,41.1855],[15.2624,41.1976],[15.2461,41.224],[15.2457,41.235],[15.2528,41.2388],[15.2773,41.241],[15.2741,41.2505],[15.2495,41.2709],[15.2351,41.2722],[15.2289,41.2663],[15.2204,41.2654],[15.216,41.2757],[15.1997,41.2794],[15.1998,41.2844],[15.1958,41.2862],[15.1534,41.2834],[15.1492,41.2804],[15.1377,41.2864],[15.1403,41.2919],[15.1374,41.2968],[15.1268,41.303],[15.1283,41.3174],[15.1118,41.3198],[15.0977,41.3284],[15.0733,41.3322],[15.0611,41.3586],[15.0593,41.3709],[15.0842,41.3883],[15.0983,41.3906],[15.0865,41.4046],[15.0917,41.4179],[15.103,41.4209],[15.0991,41.4331],[15.0757,41.4329],[15.0627,41.4407],[15.0505,41.4434],[15.0378,41.4543],[15.0324,41.4527],[15.0239,41.4762],[14.9793,41.5057],[14.9664,41.519],[14.9457,41.5218],[14.937,41.5279],[14.9359,41.5424],[14.9478,41.5743],[14.9474,41.6077],[14.9341,41.6202],[14.9482,41.6307],[14.9553,41.6418],[14.964,41.6434],[14.9852,41.6391],[14.9888,41.6377],[14.9895,41.6333],[15.0063,41.6231],[15.0222,41.6219],[15.026,41.6346],[15.0342,41.638],[15.0452,41.6369],[15.0442,41.647],[15.0502,41.6573],[15.0693,41.6607],[15.0858,41.6699],[15.0899,41.6818],[15.0952,41.6738],[15.1025,41.6721],[15.1061,41.6856],[15.1171,41.6938],[15.1615,41.7094],[15.1457,41.7115],[15.119,41.7239],[15.1019,41.7428],[15.1033,41.749],[15.1166,41.749],[15.0986,41.7652],[15.1024,41.7824],[15.1147,41.7892],[15.117,41.7992],[15.1152,41.8119],[15.1014,41.8316],[15.101,41.8375],[15.1059,41.8495],[15.1188,41.854],[15.1241,41.8613],[15.1258,41.8709],[15.1406,41.8791],[15.1317,41.9034],[15.1379,41.9266],[15.2047,41.9194],[15.2933,41.9203],[15.335,41.9171],[15.3634,41.9032],[15.406,41.9006],[15.4865,41.9067],[15.6229,41.9277],[15.6423,41.9266],[15.6772,41.9149],[15.7187,41.9149],[15.9246,41.9331],[16.0038,41.9457],[16.0096,41.9499],[16.024,41.9459],[16.0593,41.9477],[16.0619,41.947]]],[[[15.501,42.1233],[15.4969,42.1225],[15.5006,42.1236],[15.501,42.1233]]],[[[15.4931,42.123],[15.4968,42.1198],[15.4919,42.1101],[15.4822,42.1038],[15.4773,42.1057],[15.4763,42.1116],[15.4879,42.1236],[15.4925,42.1236],[15.4931,42.123]]],[[[15.5098,42.1218],[15.505,42.1195],[15.5137,42.1286],[15.5173,42.1258],[15.5098,42.1218]]],[[[15.5158,42.14],[15.5163,42.1361],[15.5082,42.1293],[15.5081,42.1348],[15.5145,42.1401],[15.5158,42.14]]],[[[15.7442,42.2265],[15.7517,42.2257],[15.7481,42.2232],[15.7436,42.2264],[15.7442,42.2265]]]]}},{"type":"Feature","properties":{"SIGLA":"BA","DEN_PROV":"Bari","DEN_UTS":"Bari"},"geometry":{"type":"MultiPolygon","coordinates":[[[[17.2829,40.7783],[17.2801,40.78],[17.2829,40.7798],[17.2829,40.7783]]],[[[17.2993,40.7868],[17.2971,40.7878],[17.2997,40.7885],[17.2993,40.7868]]],[[[17.2905,40.7893],[17.2912,40.7893]]],[[[16.5452,41.228],[16.5597,41.2246],[16.5843,41.2119],[16.5845,41.2075],[16.5971,41.2068],[16.6287,41.1944],[16.6716,41.1899],[16.6823,41.1822],[16.6996,41.1767],[16.7533,41.1651],[16.7629,41.1605],[16.7761,41.1607],[16.7927,41.148],[16.8115,41.1401],[16.835,41.137],[16.8454,41.1398],[16.8516,41.1301],[16.8611,41.1294],[16.8709,41.1357],[16.8712,41.1398],[16.8538,41.1454],[16.8694,41.1428],[16.8726,41.1397],[16.8733,41.1256],[16.8778,41.1231],[16.9274,41.1116],[16.9602,41.0973],[17.0567,41.0772],[17.1477,41.0353],[17.1762,41.0285],[17.1991,41.0106],[17.2056,41.0015],[17.2379,40.9922],[17.2637,40.9749],[17.2801,40.9709],[17.2861,40.9642],[17.3018,40.9583],[17.3058,40.9506],[17.3284,40.9351],[17.35,40.9061],[17.3892,40.8923],[17.3547,40.8768],[17.3216,40.8431],[17.3121,40.841],[17.3138,40.8317],[17.3021,40.8251],[17.2957,40.817],[17.333,40.8068],[17.3649,40.7864],[17.3995,40.7853],[17.3977,40.7751],[17.3873,40.771],[17.3956,40.7569],[17.3942,40.7493],[17.3507,40.7489],[17.3356,40.7378],[17.323,40.7436],[17.3157,40.7409],[17.3015,40.7491],[17.283,40.7676],[17.2822,40.7724],[17.3008,40.7721],[17.3011,40.7745],[17.2891,40.7821],[17.2888,40.787],[17.2959,40.7886],[17.2951,40.7849],[17.3017,40.7846],[17.3104,40.7904],[17.3087,40.7939],[17.2947,40.8011],[17.2873,40.8016],[17.2862,40.7976],[17.2508,40.8002],[17.2435,40.7989],[17.2511,40.775],[17.248,40.7656],[17.2271,40.7572],[17.203,40.7606],[17.1599,40.7438],[17.156,40.7399],[17.1499,40.7117],[17.1457,40.7093],[17.1227,40.707],[17.1159,40.7084],[17.1168,40.7109],[17.113,40.7135],[17.1017,40.7145],[17.0965,40.7088],[17.0869,40.7109],[17.0881,40.7171],[17.0857,40.7192],[17.063,40.7211],[17.0337,40.7121],[17.0226,40.7131],[17.0009,40.7314],[17.0212,40.7519],[17.0155,40.7598],[16.9715,40.7413],[16.947,40.7432],[16.9287,40.7387],[16.9231,40.726],[16.9301,40.7126],[16.9041,40.7066],[16.8924,40.7151],[16.8751,40.7165],[16.8707,40.7115],[16.8639,40.7215],[16.8552,40.7235],[16.8428,40.7131],[16.818,40.7062],[16.8217,40.6938],[16.8086,40.692],[16.8001,40.695],[16.7874,40.7314],[16.7315,40.711],[16.6738,40.7381],[16.6634,40.7489],[16.6615,40.7368],[16.6529,40.7363],[16.6494,40.738],[16.6517,40.7409],[16.6454,40.7454],[16.6403,40.7448],[16.6371,40.7482],[16.6391,40.7508],[16.6331,40.7534],[16.606,40.7555],[16.5944,40.7526],[16.5856,40.7626],[16.5746,40.7618],[16.5683,40.7579],[16.5674,40.7524],[16.578,40.742],[16.5724,40.7369],[16.5683,40.7372],[16.5545,40.7577],[16.5369,40.7529],[16.5313,40.7452],[16.5379,40.7421],[16.5369,40.7346],[16.544,40.7255],[16.5414,40.7252],[16.5235,40.7354],[16.5204,40.7401],[16.5238,40.7432],[16.5227,40.7461],[16.5145,40.7492],[16.5013,40.7617],[16.4797,40.7368],[16.4348,40.709],[16.4286,40.7018],[16.4057,40.704],[16.3984,40.709],[16.3861,40.7314],[16.3804,40.7364],[16.3469,40.752],[16.3162,40.7831],[16.2844,40.7992],[16.252,40.8333],[16.243,40.8385],[16.231,40.8569],[16.226,40.8782],[16.214,40.905],[16.2025,40.9175],[16.2102,40.9301],[16.2261,40.946],[16.253,40.9651],[16.2664,41.0052],[16.254,41.0148],[16.2671,41.029],[16.2632,41.0332],[16.266,41.0386],[16.2991,41.0741],[16.2987,41.0845],[16.313,41.0902],[16.3228,41.1068],[16.3472,41.1251],[16.3517,41.1348],[16.3404,41.143],[16.3377,41.1514],[16.3417,41.1564],[16.3405,41.163],[16.3587,41.1643],[16.3638,41.1712],[16.3828,41.1773],[16.3849,41.18],[16.3812,41.1817],[16.3871,41.194],[16.3916,41.1961],[16.4027,41.188],[16.4288,41.1903],[16.4363,41.1882],[16.4434,41.1798],[16.4599,41.1704],[16.4705,41.1489],[16.4827,41.1536],[16.4979,41.1518],[16.5064,41.1557],[16.5145,41.1685],[16.5109,41.183],[16.5377,41.2124],[16.5423,41.2295],[16.5452,41.228]],[[16.6338,40.7548],[16.6459,40.7525],[16.646,40.7552],[16.6362,40.758],[16.6338,40.7548]]]]}},{"type":"Feature","properties":{"SIGLA":"TA","DEN_PROV":"Taranto","DEN_UTS":"Taranto"},"geometry":{"type":"MultiPolygon","coordinates":[[[[17.1772,40.4391],[17.1785,40.4373],[17.1747,40.4406],[17.1772,40.4391]]],[[[17.1606,40.4538],[17.167,40.4481],[17.1535,40.4449],[17.1433,40.4505],[17.1608,40.4543],[17.1606,40.4538]]],[[[17.3032,40.7988],[17.3104,40.7904],[17.3074,40.7875],[17.3017,40.7846],[17.2951,40.7849],[17.2959,40.7886],[17.2888,40.787],[17.2891,40.7821],[17.3011,40.7725],[17.2835,40.7737],[17.283,40.7676],[17.3068,40.7446],[17.3157,40.7409],[17.323,40.7436],[17.3356,40.7378],[17.3536,40.7486],[17.3502,40.7456],[17.3498,40.7329],[17.3858,40.7219],[17.3968,40.695],[17.4051,40.6881],[17.4139,40.6843],[17.422,40.689],[17.4261,40.6878],[17.4257,40.6825],[17.4188,40.6776],[17.4283,40.6314],[17.4386,40.624],[17.46,40.6193],[17.4734,40.6103],[17.4733,40.5958],[17.4585,40.5866],[17.4483,40.5542],[17.4707,40.5118],[17.4796,40.5034],[17.4872,40.4821],[17.5117,40.4781],[17.5192,40.4715],[17.5199,40.4606],[17.5239,40.4548],[17.5464,40.4384],[17.5468,40.4435],[17.5421,40.4453],[17.5541,40.4451],[17.5599,40.4371],[17.5643,40.4376],[17.5654,40.443],[17.5773,40.4385],[17.5902,40.4494],[17.5824,40.4564],[17.5838,40.4602],[17.6271,40.4619],[17.6351,40.4599],[17.6379,40.4533],[17.6521,40.4511],[17.6716,40.4398],[17.6826,40.44],[17.6841,40.4291],[17.6934,40.4123],[17.7187,40.4054],[17.7288,40.3936],[17.77,40.3963],[17.7776,40.3882],[17.792,40.3905],[17.7984,40.383],[17.7997,40.3552],[17.7926,40.3359],[17.7811,40.3243],[17.7851,40.3105],[17.768,40.3116],[17.7639,40.2961],[17.7431,40.295],[17.723,40.3007],[17.6726,40.3046],[17.5089,40.2947],[17.5039,40.297],[17.5038,40.3019],[17.4948,40.31],[17.458,40.317],[17.4516,40.3258],[17.4438,40.3293],[17.4261,40.3326],[17.3951,40.3324],[17.3755,40.3481],[17.3654,40.3494],[17.3412,40.3607],[17.3243,40.3617],[17.2977,40.3781],[17.2858,40.3799],[17.2228,40.4089],[17.2058,40.4085],[17.2025,40.4138],[17.2117,40.4229],[17.2317,40.4243],[17.2411,40.4305],[17.2504,40.4425],[17.2483,40.4602],[17.2266,40.4795],[17.1921,40.477],[17.1852,40.4797],[17.1819,40.4818],[17.1806,40.4932],[17.1771,40.49],[17.166,40.5009],[17.1571,40.4949],[17.1551,40.4966],[17.1655,40.5039],[17.1626,40.5061],[17.1447,40.4949],[17.1489,40.5073],[17.1367,40.5147],[17.1218,40.5187],[17.0943,40.5202],[17.0686,40.5177],[17.0303,40.5083],[16.992,40.4934],[16.9191,40.4489],[16.8988,40.4322],[16.8672,40.3979],[16.8589,40.4038],[16.8337,40.4124],[16.8102,40.433],[16.8083,40.4479],[16.8029,40.4574],[16.7855,40.4629],[16.7437,40.4647],[16.7202,40.4798],[16.737,40.5037],[16.7363,40.5108],[16.7243,40.5146],[16.7167,40.5236],[16.7225,40.5335],[16.7216,40.5372],[16.706,40.5498],[16.7057,40.5544],[16.7162,40.5871],[16.7152,40.5949],[16.7269,40.6014],[16.7142,40.6143],[16.7101,40.6302],[16.7272,40.6884],[16.7091,40.693],[16.6966,40.7021],[16.7045,40.7112],[16.7087,40.7054],[16.7249,40.7138],[16.7348,40.7109],[16.7874,40.7314],[16.8001,40.695],[16.8086,40.692],[16.8217,40.6938],[16.818,40.7062],[16.8428,40.7131],[16.8552,40.7235],[16.8639,40.7215],[16.8707,40.7115],[16.8751,40.7165],[16.8924,40.7151],[16.8993,40.712],[16.9003,40.7074],[16.9117,40.707],[16.9307,40.7129],[16.9231,40.726],[16.9287,40.7387],[16.947,40.7432],[16.9715,40.7413],[17.0155,40.7598],[17.0212,40.7519],[17.0009,40.7314],[17.0226,40.7131],[17.0337,40.7121],[17.063,40.7211],[17.0857,40.7192],[17.0881,40.7171],[17.0869,40.7109],[17.0965,40.7088],[17.1017,40.7145],[17.113,40.7135],[17.1168,40.7109],[17.1159,40.7084],[17.1227,40.707],[17.1457,40.7093],[17.1499,40.7117],[17.156,40.7399],[17.1599,40.7438],[17.203,40.7606],[17.2271,40.7572],[17.248,40.7656],[17.2511,40.775],[17.2435,40.7989],[17.2862,40.7976],[17.2873,40.8016],[17.2947,40.8011],[17.3032,40.7988]],[[17.2902,40.7893],[17.2918,40.7907],[17.29,40.7893],[17.2902,40.7893]],[[17.2983,40.7889],[17.2991,40.7866],[17.2986,40.789],[17.2983,40.7889]],[[17.2806,40.7784],[17.2826,40.7809],[17.2803,40.7787],[17.2806,40.7784]]]]}},{"type":"Feature","properties":{"SIGLA":"BR","DEN_PROV":"Brindisi","DEN_UTS":"Brindisi"},"geometry":{"type":"MultiPolygon","coordinates":[[[[18.0272,40.6429],[18.0273,40.6429]]],[[[18.0026,40.6539],[18.0026,40.6539]]],[[[17.9946,40.656],[17.9945,40.6561]]],[[[17.9926,40.657],[17.9929,40.6573]]],[[[17.9909,40.6574],[17.9909,40.6575]]],[[[17.9916,40.6577],[17.9916,40.6578]]],[[[17.8256,40.7031],[17.8257,40.7032]]],[[[17.8239,40.7035],[17.8242,40.7037]]],[[[17.8101,40.7123],[17.81,40.7126]]],[[[17.8054,40.7145],[17.8053,40.7146]]],[[[17.3927,40.8886],[17.4219,40.8658],[17.4656,40.8439],[17.4704,40.84],[17.4681,40.8369],[17.4728,40.8322],[17.4965,40.8215],[17.5571,40.7988],[17.6312,40.781],[17.7072,40.7582],[17.7485,40.7331],[17.7747,40.7205],[17.7986,40.7147],[17.7976,40.7106],[17.8052,40.7058],[17.8406,40.6907],[17.9252,40.6795],[17.9339,40.681],[17.9356,40.6862],[17.942,40.682],[17.9473,40.6694],[17.9538,40.664],[17.9764,40.663],[17.9677,40.657],[17.9673,40.6626],[17.9623,40.6626],[17.9603,40.6551],[17.952,40.6474],[17.9272,40.6398],[17.9443,40.6425],[17.9507,40.637],[17.9533,40.645],[17.9691,40.6495],[17.9835,40.6436],[17.9908,40.6499],[17.9986,40.649],[18.0141,40.6418],[18.0169,40.6397],[18.0139,40.6336],[18.0179,40.6224],[18.045,40.597],[18.0417,40.584],[18.0348,40.5732],[18.0374,40.564],[18.055,40.5486],[18.0743,40.539],[18.0798,40.5263],[18.0974,40.5154],[18.0921,40.5125],[18.0781,40.4926],[18.0803,40.4867],[18.0744,40.4765],[18.0707,40.4879],[18.0618,40.481],[18.0607,40.4764],[18.0742,40.4759],[18.0753,40.4645],[18.0691,40.4604],[18.0597,40.4668],[18.0614,40.47],[18.0571,40.4767],[18.0497,40.4739],[18.0411,40.4887],[18.0291,40.4795],[18.0266,40.4686],[18.0194,40.4638],[17.998,40.4685],[17.9755,40.4546],[17.9538,40.4573],[17.9395,40.4399],[17.9347,40.4284],[17.8901,40.423],[17.8238,40.4039],[17.8213,40.3986],[17.8046,40.3851],[17.8043,40.3812],[17.7983,40.3796],[17.7978,40.3845],[17.792,40.3905],[17.7776,40.3882],[17.77,40.3963],[17.7288,40.3936],[17.7187,40.4054],[17.6934,40.4123],[17.6841,40.4291],[17.6826,40.44],[17.6716,40.4398],[17.6521,40.4511],[17.6379,40.4533],[17.6351,40.4599],[17.6271,40.4619],[17.5838,40.4602],[17.5824,40.4564],[17.5902,40.4494],[17.5773,40.4385],[17.5654,40.443],[17.5643,40.4376],[17.5599,40.4371],[17.5541,40.4451],[17.5421,40.4453],[17.5468,40.4435],[17.5464,40.4384],[17.5239,40.4548],[17.5199,40.4606],[17.5192,40.4715],[17.5117,40.4781],[17.4872,40.4821],[17.4796,40.5034],[17.4718,40.5101],[17.4609,40.5334],[17.4522,40.5426],[17.4483,40.5549],[17.4585,40.5866],[17.4733,40.5958],[17.4752,40.6016],[17.4734,40.6103],[17.4625,40.6177],[17.4374,40.6245],[17.4275,40.6327],[17.4188,40.6776],[17.4257,40.6825],[17.4261,40.6878],[17.422,40.689],[17.4139,40.6843],[17.4051,40.6881],[17.3968,40.695],[17.3858,40.7219],[17.3498,40.7329],[17.3502,40.7456],[17.3536,40.7486],[17.3937,40.7485],[17.3956,40.7569],[17.3873,40.771],[17.3977,40.7751],[17.3995,40.7853],[17.3649,40.7864],[17.333,40.8068],[17.2957,40.817],[17.3021,40.8251],[17.3138,40.8317],[17.3121,40.841],[17.3216,40.8431],[17.3547,40.8768],[17.3892,40.8923],[17.3927,40.8886]]]]}},{"type":"Feature","properties":{"SIGLA":"LE","DEN_PROV":"Lecce","DEN_UTS":"Lecce"},"geometry":{"type":"MultiPolygon","coordinates":[[[[18.1225,39.8799],[18.1225,39.88]]],[[[18.1189,39.8826],[18.119,39.8826]]],[[[18.0964,39.8951],[18.0959,39.8952]]],[[[17.9503,40.0524],[17.9551,40.0499],[17.9513,40.0459],[17.9452,40.046],[17.9488,40.0533],[17.9503,40.0524]]],[[[17.9698,40.0544],[17.9693,40.0545]]],[[[18.5031,40.0922],[18.5033,40.0923]]],[[[17.8909,40.2533],[17.8905,40.2539]]],[[[17.884,40.26],[17.8882,40.2545],[17.8839,40.2562],[17.8814,40.2621],[17.884,40.2602],[17.884,40.26]]],[[[17.8655,40.2713],[17.869,40.2686],[17.8651,40.2714],[17.8655,40.2713]]],[[[18.1092,40.5098],[18.1279,40.4927],[18.1664,40.4807],[18.1846,40.4697],[18.2027,40.4673],[18.2231,40.4525],[18.2346,40.4483],[18.279,40.4073],[18.301,40.3945],[18.316,40.3728],[18.3497,40.3535],[18.3848,40.3158],[18.4248,40.2915],[18.4295,40.2865],[18.43,40.2732],[18.4349,40.269],[18.4411,40.2688],[18.4475,40.2495],[18.4611,40.2331],[18.4646,40.2231],[18.4584,40.2118],[18.4585,40.2038],[18.4638,40.1928],[18.4777,40.1799],[18.48,40.17],[18.4867,40.1612],[18.4897,40.147],[18.5062,40.1444],[18.5136,40.1384],[18.514,40.1328],[18.5083,40.1303],[18.5068,40.1248],[18.5202,40.1078],[18.5189,40.1047],[18.485,40.0798],[18.4744,40.0437],[18.4625,40.0359],[18.4438,40.031],[18.4351,40.0215],[18.4317,40.0006],[18.4235,40.0005],[18.4155,39.9929],[18.3951,39.9298],[18.3924,39.9037],[18.3988,39.8918],[18.3987,39.8796],[18.3895,39.8465],[18.3846,39.841],[18.3909,39.8173],[18.3697,39.795],[18.3604,39.7973],[18.3462,39.7912],[18.334,39.7958],[18.3255,39.8075],[18.2656,39.8357],[18.2378,39.8346],[18.2027,39.8393],[18.1429,39.8673],[18.12,39.8845],[18.0882,39.8993],[18.0661,39.9194],[18.0504,39.9277],[18.0296,39.9495],[18.0296,39.9567],[18.0257,39.9627],[18.0124,39.9712],[17.9932,40.0001],[18.0063,39.9957],[18.0154,40.0037],[18.0206,40.0157],[18.0161,40.0341],[18.0041,40.0474],[17.9807,40.0558],[17.9731,40.0533],[17.9752,40.0588],[17.9834,40.0615],[17.9762,40.0585],[17.9793,40.0565],[17.9889,40.0586],[18.0039,40.0709],[18.0114,40.0859],[18.0099,40.1091],[17.9861,40.1398],[17.9801,40.1395],[17.9746,40.1458],[17.9675,40.1474],[17.9253,40.184],[17.9262,40.1867],[17.9185,40.1936],[17.9179,40.2006],[17.921,40.2126],[17.9265,40.2184],[17.9246,40.2238],[17.8952,40.2506],[17.9098,40.2413],[17.9063,40.254],[17.9009,40.2586],[17.891,40.2598],[17.8797,40.2716],[17.8712,40.2725],[17.8657,40.2809],[17.8551,40.2857],[17.8468,40.2859],[17.8388,40.2817],[17.8175,40.2891],[17.7962,40.2895],[17.7928,40.2924],[17.7732,40.2948],[17.7629,40.2935],[17.768,40.3116],[17.7853,40.3107],[17.7811,40.3243],[17.7926,40.3359],[17.7972,40.346],[17.7997,40.3552],[17.7983,40.3796],[17.8043,40.3812],[17.8046,40.3851],[17.8213,40.3986],[17.8225,40.4034],[17.8901,40.423],[17.9347,40.4284],[17.9395,40.4399],[17.9538,40.4573],[17.9755,40.4546],[17.998,40.4685],[18.0194,40.4638],[18.0266,40.4686],[18.0291,40.4795],[18.0411,40.4887],[18.0492,40.4744],[18.0566,40.4771],[18.0614,40.47],[18.0597,40.4668],[18.0691,40.4604],[18.0753,40.4645],[18.0742,40.4759],[18.0607,40.4764],[18.0618,40.481],[18.0707,40.4879],[18.0744,40.4765],[18.0803,40.4867],[18.0781,40.4926],[18.0921,40.5125],[18.1004,40.5139],[18.1092,40.5098]]]]}},{"type":"Feature","properties":{"SIGLA":"PZ","DEN_PROV":"Potenza","DEN_UTS":"Potenza"},"geometry":{"type":"MultiPolygon","coordinates":[[[[15.7169,39.9677],[15.7148,39.9668],[15.7168,39.9677],[15.7169,39.9677]]],[[[15.8867,41.1302],[15.8944,41.1233],[15.9008,41.1264],[15.9214,41.1115],[15.9522,41.1106],[15.9597,41.1013],[15.9574,41.0961],[15.9763,41.0942],[15.983,41.0887],[15.9802,41.0816],[15.9987,41.0548],[16.0094,41.0572],[16.0269,41.0479],[16.0407,41.0359],[16.04,41.0296],[16.0279,41.0241],[16.0276,41.0116],[16.0316,41.0007],[16.027,40.9912],[16.0084,40.9721],[15.9738,40.9694],[15.9771,40.958],[16.038,40.9397],[16.0618,40.9285],[16.0919,40.921],[16.1213,40.8992],[16.1331,40.9058],[16.1381,40.9184],[16.1487,40.9235],[16.1556,40.9227],[16.163,40.9286],[16.2025,40.9175],[16.214,40.905],[16.226,40.8782],[16.231,40.8569],[16.2441,40.838],[16.2124,40.8284],[16.2032,40.8211],[16.1688,40.8057],[16.134,40.8016],[16.1221,40.797],[16.1213,40.776],[16.1174,40.7718],[16.1175,40.7651],[16.1189,40.7675],[16.1319,40.7455],[16.1493,40.7306],[16.1475,40.6992],[16.1459,40.6957],[16.1371,40.6974],[16.1254,40.6928],[16.1071,40.6767],[16.0853,40.6683],[16.0797,40.6629],[16.0609,40.6606],[16.0561,40.6564],[16.0493,40.6351],[16.0567,40.6241],[16.0708,40.6206],[16.0805,40.6016],[16.098,40.5964],[16.1197,40.5822],[16.1018,40.5563],[16.0772,40.5451],[16.1163,40.5007],[16.111,40.492],[16.0961,40.4857],[16.0968,40.4824],[16.1163,40.4591],[16.1396,40.4541],[16.1405,40.4504],[16.1341,40.4448],[16.1273,40.4297],[16.1156,40.43],[16.1095,40.4263],[16.1051,40.42],[16.1059,40.4106],[16.1206,40.3941],[16.1539,40.3745],[16.1555,40.3635],[16.166,40.3475],[16.1634,40.3385],[16.1698,40.3375],[16.1891,40.3205],[16.1884,40.3169],[16.171,40.3181],[16.1631,40.3115],[16.1707,40.3092],[16.1728,40.2997],[16.1876,40.2907],[16.1941,40.2686],[16.2005,40.2652],[16.2409,40.2664],[16.2575,40.2742],[16.2822,40.269],[16.3035,40.2715],[16.3178,40.2784],[16.3334,40.3045],[16.3522,40.3098],[16.3756,40.3102],[16.3748,40.2964],[16.364,40.2879],[16.3714,40.2779],[16.3727,40.2706],[16.3677,40.2624],[16.37,40.2498],[16.3591,40.2419],[16.3609,40.2311],[16.3587,40.2245],[16.349,40.2155],[16.3491,40.2047],[16.3594,40.1862],[16.3931,40.1689],[16.3958,40.1552],[16.369,40.144],[16.3504,40.1239],[16.3517,40.1202],[16.3613,40.1233],[16.3621,40.1198],[16.3536,40.117],[16.3756,40.109],[16.3553,40.0909],[16.361,40.0881],[16.3663,40.0944],[16.3736,40.0924],[16.3625,40.0727],[16.3831,40.0813],[16.3804,40.0737],[16.3838,40.0627],[16.3986,40.0557],[16.3932,40.0407],[16.3986,40.0179],[16.3608,39.9664],[16.3621,39.9602],[16.3581,39.9541],[16.3469,39.9494],[16.3399,39.9373],[16.3398,39.9329],[16.3588,39.916],[16.3552,39.9018],[16.3514,39.899],[16.3428,39.9029],[16.3162,39.9291],[16.3054,39.9335],[16.2833,39.9309],[16.2667,39.9349],[16.2336,39.9247],[16.2188,39.9282],[16.2143,39.9266],[16.2194,39.9176],[16.2147,39.896],[16.158,39.9197],[16.138,39.9014],[16.128,39.9059],[16.1014,39.9064],[16.081,39.8963],[16.0526,39.8974],[16.049,39.8948],[16.0415,39.9121],[16.0165,39.9258],[16.0209,39.9325],[16.0068,39.9573],[16.0191,39.9736],[16.0336,39.9823],[16.0296,39.9935],[16.0086,39.9965],[16.0022,39.9882],[15.9782,39.9837],[15.9687,39.9916],[15.928,40.0011],[15.8978,39.9817],[15.8897,39.9946],[15.8786,39.9962],[15.8681,39.9887],[15.8483,40.0064],[15.8209,40.0019],[15.797,39.9745],[15.7738,39.9614],[15.7713,39.946],[15.7627,39.9273],[15.7559,39.9236],[15.7505,39.9334],[15.7424,39.9346],[15.7362,39.9423],[15.7324,39.9624],[15.7104,39.9864],[15.6956,39.999],[15.684,40.0037],[15.675,40.0147],[15.6753,40.03],[15.6645,40.0396],[15.6475,40.0393],[15.6446,40.0422],[15.676,40.0549],[15.6758,40.0642],[15.6686,40.0732],[15.6583,40.0759],[15.6587,40.0798],[15.677,40.0845],[15.7051,40.1166],[15.7039,40.1253],[15.7095,40.1378],[15.7005,40.1583],[15.7145,40.1679],[15.7162,40.1709],[15.712,40.1779],[15.728,40.1859],[15.7308,40.1979],[15.7404,40.2024],[15.7512,40.2018],[15.7732,40.2168],[15.7895,40.2175],[15.7957,40.2219],[15.7972,40.2248],[15.7905,40.2293],[15.7878,40.2374],[15.7907,40.2441],[15.8039,40.2507],[15.7995,40.2599],[15.7996,40.2678],[15.8064,40.2732],[15.7897,40.29],[15.7669,40.2941],[15.765,40.2984],[15.7438,40.3008],[15.7268,40.3165],[15.7255,40.3225],[15.7047,40.3422],[15.7044,40.3637],[15.7095,40.3699],[15.7081,40.3775],[15.6775,40.3964],[15.671,40.3983],[15.6627,40.3925],[15.6457,40.4145],[15.5921,40.4416],[15.5759,40.4696],[15.5387,40.4898],[15.5352,40.4996],[15.5505,40.5092],[15.5366,40.521],[15.5427,40.5323],[15.5288,40.5564],[15.5385,40.5683],[15.5335,40.5732],[15.5199,40.5705],[15.5153,40.5735],[15.515,40.5802],[15.5101,40.5857],[15.4909,40.5868],[15.4885,40.5904],[15.4765,40.5928],[15.4641,40.6036],[15.4506,40.6101],[15.4693,40.6395],[15.4894,40.6462],[15.5011,40.6558],[15.5036,40.6637],[15.48,40.6732],[15.4695,40.6737],[15.4431,40.6888],[15.4304,40.6921],[15.4062,40.7152],[15.3925,40.7175],[15.3815,40.7241],[15.3835,40.7332],[15.3791,40.7513],[15.3884,40.7671],[15.3813,40.7817],[15.3877,40.7935],[15.3706,40.7964],[15.3663,40.8],[15.3794,40.8062],[15.3805,40.8109],[15.3665,40.8121],[15.3534,40.8244],[15.335,40.8349],[15.3559,40.8383],[15.3773,40.836],[15.3741,40.8601],[15.378,40.8676],[15.3663,40.872],[15.3552,40.8709],[15.3543,40.8822],[15.3726,40.8857],[15.3828,40.8776],[15.3908,40.8761],[15.4032,40.8815],[15.4434,40.8772],[15.4537,40.8682],[15.4606,40.8671],[15.4716,40.8729],[15.4676,40.8896],[15.5272,40.9078],[15.5403,40.9342],[15.5437,40.9477],[15.5656,40.9673],[15.5683,40.9756],[15.5696,41.002],[15.5588,41.0216],[15.5632,41.031],[15.5429,41.0559],[15.5423,41.0671],[15.5393,41.0704],[15.5557,41.0803],[15.5632,41.0895],[15.5857,41.0983],[15.6225,41.0981],[15.6473,41.0896],[15.6846,41.0869],[15.7203,41.0901],[15.7301,41.098],[15.7394,41.0994],[15.7526,41.0973],[15.7617,41.0874],[15.7715,41.0845],[15.7867,41.0907],[15.7906,41.0878],[15.7978,41.091],[15.8025,41.1017],[15.8019,41.1113],[15.8144,41.1178],[15.8251,41.1184],[15.8336,41.1301],[15.8395,41.1296],[15.8391,41.1245],[15.843,41.1238],[15.8546,41.1331],[15.8657,41.1314],[15.8703,41.1399],[15.8777,41.1377],[15.8867,41.1302]],[[15.9779,40.6473],[15.9536,40.6484],[15.9416,40.638],[15.9516,40.6268],[15.9516,40.6154],[15.9548,40.6108],[15.9757,40.6048],[15.984,40.6058],[15.98,40.6326],[15.9812,40.6488],[15.9779,40.6473]]]]}},{"type":"Feature","properties":{"SIGLA":"MT","DEN_PROV":"Matera","DEN_UTS":"Matera"},"geometry":{"type":"MultiPolygon","coordinates":[[[[15.983,40.6464],[15.98,40.6326],[15.984,40.6058],[15.9757,40.6048],[15.9548,40.6108],[15.9516,40.6154],[15.9516,40.6268],[15.9416,40.638],[15.9536,40.6484],[15.9733,40.6459],[15.9817,40.6482],[15.983,40.6464]]],[[[16.6415,40.7559],[16.646,40.7552],[16.6459,40.7525],[16.6338,40.7542],[16.6362,40.758],[16.6415,40.7559]]],[[[16.2516,40.8336],[16.2747,40.8069],[16.3162,40.7831],[16.3469,40.752],[16.3804,40.7364],[16.3861,40.7314],[16.3984,40.709],[16.4073,40.7033],[16.4286,40.7018],[16.4348,40.709],[16.4797,40.7368],[16.5013,40.7617],[16.5145,40.7492],[16.5227,40.7461],[16.5238,40.7432],[16.5204,40.7401],[16.5235,40.7354],[16.5384,40.7254],[16.544,40.7255],[16.5369,40.7346],[16.5379,40.7421],[16.5313,40.7452],[16.5369,40.7529],[16.5545,40.7577],[16.5683,40.7372],[16.5724,40.7369],[16.578,40.742],[16.5674,40.7524],[16.5683,40.7579],[16.5746,40.7618],[16.5856,40.7626],[16.5944,40.7526],[16.606,40.7555],[16.6331,40.7534],[16.6391,40.7508],[16.6371,40.7482],[16.6403,40.7448],[16.6454,40.7454],[16.6517,40.7409],[16.6494,40.738],[16.6529,40.7363],[16.6615,40.7368],[16.6634,40.7489],[16.6738,40.7381],[16.7249,40.7138],[16.7087,40.7054],[16.7045,40.7112],[16.6965,40.7026],[16.7091,40.693],[16.7272,40.6884],[16.7101,40.6302],[16.7142,40.6143],[16.7269,40.6014],[16.7152,40.5949],[16.7162,40.5871],[16.7057,40.5544],[16.706,40.5498],[16.7216,40.5372],[16.7225,40.5335],[16.7167,40.5236],[16.7243,40.5146],[16.7363,40.5108],[16.737,40.5037],[16.7202,40.4798],[16.7437,40.4647],[16.7855,40.4629],[16.8029,40.4574],[16.8083,40.4479],[16.8102,40.433],[16.8337,40.4124],[16.8589,40.4038],[16.8672,40.3979],[16.8315,40.3519],[16.782,40.2959],[16.7521,40.2492],[16.7325,40.2028],[16.6857,40.1474],[16.6453,40.1181],[16.6229,40.1314],[16.6097,40.129],[16.5873,40.1335],[16.5765,40.1289],[16.5521,40.1274],[16.5302,40.1181],[16.5177,40.1287],[16.5031,40.1299],[16.4945,40.1247],[16.4703,40.1341],[16.4525,40.1346],[16.4341,40.1277],[16.4211,40.1439],[16.4201,40.1289],[16.4097,40.12],[16.4153,40.104],[16.4121,40.0921],[16.4142,40.0807],[16.4064,40.0729],[16.4008,40.0576],[16.3986,40.0557],[16.3843,40.0619],[16.3804,40.0737],[16.3831,40.0813],[16.3625,40.0727],[16.3739,40.092],[16.3663,40.0944],[16.361,40.0881],[16.3553,40.0909],[16.3756,40.109],[16.3536,40.117],[16.3621,40.1198],[16.3617,40.1228],[16.3517,40.1202],[16.351,40.1266],[16.369,40.144],[16.3958,40.1552],[16.3931,40.1689],[16.3594,40.1862],[16.3491,40.2047],[16.349,40.2155],[16.3587,40.2245],[16.3609,40.2311],[16.3591,40.2419],[16.37,40.2498],[16.3677,40.2624],[16.3727,40.2706],[16.3714,40.2779],[16.364,40.2879],[16.3748,40.2964],[16.3756,40.3102],[16.3522,40.3098],[16.3334,40.3045],[16.3178,40.2784],[16.3055,40.272],[16.2822,40.269],[16.2575,40.2742],[16.2417,40.2665],[16.2005,40.2652],[16.1941,40.2686],[16.1876,40.2907],[16.1728,40.2997],[16.1707,40.3092],[16.1631,40.3115],[16.171,40.3181],[16.1884,40.3169],[16.1891,40.3205],[16.1698,40.3375],[16.1634,40.3385],[16.166,40.3475],[16.1555,40.3635],[16.1539,40.3745],[16.1206,40.3941],[16.1059,40.4106],[16.1051,40.42],[16.1095,40.4263],[16.1156,40.43],[16.1273,40.4297],[16.1341,40.4448],[16.1405,40.4504],[16.1396,40.4541],[16.1163,40.4591],[16.0968,40.4824],[16.0961,40.4857],[16.111,40.492],[16.1163,40.5007],[16.0772,40.5451],[16.1018,40.5563],[16.1197,40.5822],[16.098,40.5964],[16.0805,40.6016],[16.0708,40.6206],[16.0542,40.6262],[16.0493,40.6406],[16.0555,40.6482],[16.0561,40.6564],[16.0609,40.6606],[16.0742,40.6607],[16.0853,40.6683],[16.101,40.6729],[16.1303,40.6951],[16.1371,40.6974],[16.1459,40.6957],[16.1489,40.7032],[16.1493,40.7306],[16.1319,40.7455],[16.1189,40.7675],[16.1175,40.7651],[16.1174,40.7718],[16.1213,40.776],[16.1221,40.797],[16.134,40.8016],[16.1688,40.8057],[16.2032,40.8211],[16.2124,40.8284],[16.2441,40.838],[16.2506,40.8341],[16.2516,40.8336]]]]}},{"type":"Feature","properties":{"SIGLA":"CS","DEN_PROV":"Cosenza","DEN_UTS":"Cosenza"},"geometry":{"type":"MultiPolygon","coordinates":[[[[15.8009,39.7004],[15.803,39.6976],[15.8006,39.7003],[15.8009,39.7004]]],[[[15.7786,39.8475],[15.7788,39.8475]]],[[[15.7895,39.8568],[15.7891,39.8569]]],[[[15.7744,39.8757],[15.7807,39.8734],[15.7686,39.8719],[15.7728,39.8755],[15.7744,39.8757]]],[[[16.5918,40.1326],[16.6097,40.129],[16.6229,40.1314],[16.6439,40.119],[16.6057,40.0801],[16.599,40.0426],[16.6096,40.0149],[16.6135,39.9873],[16.6296,39.9645],[16.6256,39.9548],[16.5994,39.9264],[16.5645,39.8974],[16.5383,39.8708],[16.5043,39.8287],[16.4922,39.8076],[16.4869,39.7849],[16.4904,39.7557],[16.501,39.7403],[16.5261,39.7266],[16.5292,39.7189],[16.5256,39.6801],[16.5181,39.668],[16.525,39.6592],[16.5288,39.6608],[16.5292,39.6665],[16.5392,39.6567],[16.5666,39.6413],[16.6186,39.6219],[16.6852,39.6211],[16.7326,39.6163],[16.7553,39.6245],[16.7704,39.6208],[16.8116,39.5933],[16.8318,39.5631],[16.8666,39.5386],[16.9423,39.5068],[16.9399,39.5063],[16.9442,39.5016],[16.9614,39.4952],[17.0141,39.4869],[17.0237,39.4824],[16.9979,39.4599],[16.9783,39.4527],[16.9574,39.4364],[16.9533,39.4291],[16.956,39.3966],[16.9523,39.3942],[16.9416,39.3958],[16.9201,39.409],[16.9038,39.4131],[16.9007,39.4098],[16.9015,39.4051],[16.9149,39.396],[16.913,39.3831],[16.8794,39.3745],[16.8685,39.3576],[16.8566,39.3588],[16.8468,39.3555],[16.8367,39.3435],[16.7992,39.3507],[16.7736,39.3479],[16.7625,39.3623],[16.7557,39.358],[16.7374,39.3613],[16.7293,39.3502],[16.7167,39.3551],[16.7049,39.3546],[16.7087,39.3351],[16.7057,39.3233],[16.7322,39.314],[16.7442,39.3023],[16.761,39.2924],[16.7515,39.2839],[16.7587,39.2654],[16.7469,39.245],[16.7508,39.2358],[16.7662,39.2183],[16.7685,39.2088],[16.776,39.1983],[16.773,39.1949],[16.763,39.1951],[16.7462,39.1899],[16.7278,39.1922],[16.7194,39.1974],[16.6982,39.1931],[16.6928,39.197],[16.6949,39.2019],[16.6803,39.2058],[16.6528,39.1983],[16.6313,39.2007],[16.5891,39.1846],[16.5851,39.1697],[16.5645,39.1664],[16.5381,39.1467],[16.5282,39.1516],[16.5215,39.1623],[16.5034,39.1604],[16.5013,39.142],[16.4883,39.1392],[16.4799,39.1215],[16.4846,39.1153],[16.5094,39.1131],[16.5127,39.1098],[16.4986,39.1049],[16.4781,39.1069],[16.4753,39.0914],[16.4816,39.0589],[16.4795,39.0553],[16.4679,39.0524],[16.4407,39.0658],[16.4346,39.0609],[16.4257,39.0608],[16.3954,39.0913],[16.3926,39.1036],[16.3808,39.104],[16.3659,39.095],[16.3612,39.0951],[16.35,39.1032],[16.3489,39.1076],[16.3264,39.1098],[16.2982,39.0992],[16.2988,39.1055],[16.2876,39.1017],[16.2588,39.1126],[16.2544,39.1095],[16.2504,39.0994],[16.2325,39.0922],[16.2252,39.0925],[16.2233,39.0983],[16.213,39.1034],[16.2137,39.0825],[16.1963,39.0804],[16.1822,39.0697],[16.1521,39.0589],[16.1424,39.0499],[16.1351,39.0488],[16.1298,39.0526],[16.1276,39.0591],[16.1217,39.0586],[16.1114,39.0515],[16.0961,39.0489],[16.0663,39.1413],[16.0522,39.2948],[16.0437,39.3155],[16.0386,39.3407],[16.0026,39.4273],[15.9866,39.455],[15.9614,39.4756],[15.9482,39.4979],[15.9252,39.5265],[15.8857,39.5417],[15.8756,39.552],[15.8522,39.6168],[15.8443,39.6277],[15.8334,39.6635],[15.8298,39.6703],[15.8163,39.6797],[15.8054,39.7145],[15.809,39.7191],[15.8074,39.7315],[15.7855,39.8166],[15.769,39.8359],[15.7795,39.8479],[15.7893,39.8497],[15.7922,39.8602],[15.779,39.8937],[15.7558,39.9235],[15.7659,39.9306],[15.7713,39.946],[15.7716,39.9584],[15.797,39.9745],[15.82,40.0013],[15.8253,40.0031],[15.8483,40.0064],[15.8681,39.9887],[15.8786,39.9962],[15.8897,39.9946],[15.8978,39.9817],[15.928,40.0011],[15.9687,39.9916],[15.9782,39.9837],[16.0022,39.9882],[16.0086,39.9965],[16.0201,39.9962],[16.0296,39.9935],[16.0338,39.9828],[16.0191,39.9736],[16.0069,39.9569],[16.0209,39.9325],[16.0165,39.9258],[16.0415,39.9121],[16.049,39.8948],[16.0526,39.8974],[16.081,39.8963],[16.1014,39.9064],[16.128,39.9059],[16.138,39.9014],[16.158,39.9197],[16.2147,39.896],[16.2194,39.9176],[16.2143,39.9266],[16.2188,39.9282],[16.2336,39.9247],[16.2667,39.9349],[16.2833,39.9309],[16.3054,39.9335],[16.3162,39.9291],[16.3428,39.9029],[16.3506,39.8987],[16.3552,39.9018],[16.3588,39.916],[16.3398,39.9329],[16.3399,39.9373],[16.3469,39.9494],[16.3581,39.9541],[16.3621,39.9602],[16.3608,39.9664],[16.3984,40.0169],[16.3936,40.0451],[16.4064,40.0729],[16.4141,40.0803],[16.4121,40.0921],[16.4153,40.104],[16.4097,40.12],[16.4201,40.1289],[16.4211,40.1439],[16.4341,40.1277],[16.4525,40.1346],[16.4703,40.1341],[16.4945,40.1247],[16.5031,40.1299],[16.5177,40.1287],[16.53,40.1181],[16.5521,40.1274],[16.5765,40.1289],[16.5873,40.1335],[16.5918,40.1326]]]]}},{"type":"Feature","properties":{"SIGLA":"CZ","DEN_PROV":"Catanzaro","DEN_UTS":"Catanzaro"},"geometry":{"type":"Polygon","coordinates":[[[16.6246,39.1745],[16.6286,39.1627],[16.6498,39.153],[16.6625,39.1577],[16.6675,39.1559],[16.6706,39.1434],[16.6793,39.1356],[16.6789,39.1315],[16.6678,39.1354],[16.6382,39.1317],[16.6526,39.125],[16.6797,39.0932],[16.7009,39.0888],[16.7338,39.0589],[16.7399,39.06],[16.7451,39.0656],[16.7609,39.0666],[16.8065,39.0549],[16.8403,39.042],[16.8649,39.0184],[16.8728,39.0186],[16.8861,39.0048],[16.895,39.0028],[16.8914,38.9889],[16.8946,38.9869],[16.8938,38.978],[16.8912,38.9738],[16.9206,38.9526],[16.9073,38.9456],[16.9035,38.9357],[16.8913,38.9336],[16.8906,38.928],[16.7842,38.8988],[16.7273,38.8734],[16.6372,38.8265],[16.6243,38.8251],[16.6047,38.8106],[16.5722,38.7733],[16.5668,38.7653],[16.5716,38.7609],[16.5703,38.7553],[16.5633,38.7518],[16.5585,38.7465],[16.5582,38.741],[16.5427,38.7272],[16.5348,38.71],[16.5361,38.7028],[16.5451,38.6942],[16.5547,38.6913],[16.5587,38.6813],[16.5567,38.6511],[16.5616,38.6163],[16.571,38.589],[16.572,38.5339],[16.5756,38.5084],[16.5798,38.5017],[16.582,38.47],[16.5455,38.4695],[16.5415,38.4643],[16.4941,38.486],[16.4832,38.4942],[16.4862,38.4996],[16.4709,38.5034],[16.4556,38.5126],[16.4204,38.5103],[16.4071,38.514],[16.4083,38.5224],[16.4221,38.5203],[16.4234,38.5235],[16.4197,38.5277],[16.44,38.5384],[16.4196,38.5545],[16.4313,38.5692],[16.4276,38.5834],[16.4156,38.588],[16.4176,38.5937],[16.4081,38.5994],[16.384,38.601],[16.3743,38.6064],[16.3712,38.6133],[16.3763,38.6208],[16.371,38.6258],[16.3573,38.6311],[16.3545,38.6292],[16.3388,38.633],[16.329,38.6407],[16.3304,38.6453],[16.3402,38.6505],[16.3456,38.6583],[16.3448,38.6681],[16.3263,38.6778],[16.3374,38.6878],[16.3386,38.7001],[16.3492,38.7073],[16.3404,38.7215],[16.3498,38.7344],[16.3621,38.7362],[16.3705,38.7429],[16.3557,38.7785],[16.36,38.7848],[16.3599,38.7918],[16.3504,38.7893],[16.3356,38.7973],[16.3235,38.7988],[16.3189,38.8058],[16.2984,38.8203],[16.2861,38.8238],[16.2572,38.8199],[16.2658,38.8198],[16.2742,38.8151],[16.2788,38.7917],[16.2662,38.7957],[16.2524,38.8075],[16.2309,38.8115],[16.213,38.8106],[16.2211,38.856],[16.2206,38.9025],[16.2175,38.9221],[16.2112,38.9308],[16.1897,38.935],[16.1711,38.9481],[16.1565,38.9515],[16.1355,38.991],[16.0992,39.0292],[16.0961,39.0489],[16.1114,39.0515],[16.1217,39.0586],[16.1276,39.0591],[16.1298,39.0526],[16.1351,39.0488],[16.1424,39.0499],[16.1521,39.0589],[16.1822,39.0697],[16.1963,39.0804],[16.2137,39.0825],[16.213,39.1034],[16.2233,39.0983],[16.2252,39.0925],[16.2325,39.0922],[16.2504,39.0994],[16.2544,39.1095],[16.2588,39.1126],[16.2876,39.1017],[16.2988,39.1055],[16.2982,39.0992],[16.3264,39.1098],[16.3489,39.1076],[16.35,39.1032],[16.3612,39.0951],[16.3659,39.095],[16.3808,39.104],[16.3926,39.1036],[16.3954,39.0913],[16.4257,39.0608],[16.4346,39.0609],[16.4407,39.0658],[16.4679,39.0524],[16.473,39.0525],[16.4816,39.0589],[16.4753,39.0914],[16.4781,39.1069],[16.4986,39.1049],[16.5127,39.1098],[16.5094,39.1131],[16.4846,39.1153],[16.4799,39.1215],[16.4883,39.1392],[16.5013,39.142],[16.5034,39.1604],[16.5215,39.1623],[16.5282,39.1516],[16.5381,39.1467],[16.5645,39.1664],[16.5851,39.1697],[16.5891,39.1846],[16.6042,39.1925],[16.613,39.1942],[16.6197,39.1823],[16.6246,39.1745]]]}},{"type":"Feature","properties":{"SIGLA":"RC","DEN_PROV":"Reggio di Calabria","DEN_UTS":"Reggio di Calabria"},"geometry":{"type":"Polygon","coordinates":[[[16.3979,38.571],[16.44,38.5384],[16.4197,38.5277],[16.4234,38.5235],[16.4221,38.5203],[16.4079,38.5221],[16.4078,38.5133],[16.4204,38.5103],[16.4556,38.5126],[16.4709,38.5034],[16.4862,38.4996],[16.4832,38.4942],[16.4865,38.4908],[16.5386,38.4649],[16.5518,38.4703],[16.582,38.4701],[16.5827,38.4553],[16.5733,38.4304],[16.5534,38.4085],[16.5078,38.3688],[16.4673,38.3405],[16.4366,38.3275],[16.3433,38.3031],[16.3184,38.2885],[16.3088,38.2754],[16.2849,38.2548],[16.1927,38.1578],[16.1652,38.1358],[16.1613,38.1284],[16.1572,38.0954],[16.1445,38.0486],[16.1435,38.0294],[16.1134,37.9768],[16.0966,37.956],[16.0656,37.9269],[16.0474,37.9222],[16.0191,37.9225],[15.9953,37.9167],[15.9531,37.921],[15.9202,37.9297],[15.8395,37.9191],[15.8114,37.9202],[15.7643,37.9164],[15.7111,37.9363],[15.696,37.9495],[15.6784,37.9539],[15.6562,37.979],[15.6385,38.0032],[15.634,38.0189],[15.6527,38.0291],[15.6572,38.0401],[15.6482,38.0536],[15.6519,38.0663],[15.6348,38.0755],[15.6302,38.0932],[15.6309,38.1022],[15.6479,38.1161],[15.6481,38.122],[15.6563,38.135],[15.6507,38.1592],[15.6396,38.1704],[15.6414,38.1794],[15.634,38.1858],[15.6328,38.2223],[15.6359,38.2317],[15.6691,38.2396],[15.6929,38.2511],[15.7139,38.2548],[15.7291,38.2528],[15.7502,38.2574],[15.7935,38.2801],[15.8068,38.2911],[15.8147,38.2988],[15.8282,38.3224],[15.8334,38.3581],[15.8605,38.3837],[15.863,38.3892],[15.8619,38.3916],[15.8602,38.3896],[15.8614,38.3939],[15.8816,38.4298],[15.8902,38.4388],[15.9019,38.4394],[15.9076,38.4451],[15.9021,38.4464],[15.9079,38.4605],[15.9155,38.4695],[15.9104,38.4705],[15.8999,38.4488],[15.8948,38.4464],[15.9098,38.4757],[15.9186,38.5068],[15.9468,38.5137],[15.9582,38.5255],[16.0045,38.5167],[16.0226,38.5307],[16.038,38.5327],[16.0503,38.5455],[16.0604,38.5508],[16.068,38.5503],[16.0743,38.5612],[16.0796,38.5621],[16.0979,38.548],[16.1014,38.5408],[16.1117,38.5424],[16.1201,38.5369],[16.1334,38.5355],[16.1598,38.5166],[16.1795,38.5101],[16.1932,38.4978],[16.2109,38.4968],[16.2333,38.5008],[16.254,38.4839],[16.2645,38.4677],[16.2691,38.4543],[16.2652,38.4484],[16.2678,38.4449],[16.2925,38.4387],[16.2986,38.4323],[16.3529,38.4307],[16.363,38.4358],[16.3694,38.4339],[16.3771,38.443],[16.3927,38.4454],[16.3823,38.4599],[16.3818,38.4663],[16.3884,38.4696],[16.3879,38.4761],[16.3717,38.4831],[16.3563,38.4952],[16.3452,38.5202],[16.3503,38.5231],[16.3488,38.5349],[16.3597,38.5433],[16.3619,38.5502],[16.3597,38.554],[16.363,38.5605],[16.3925,38.5738],[16.3979,38.571]]]}},{"type":"Feature","properties":{"SIGLA":"TP","DEN_PROV":"Trapani","DEN_UTS":"Trapani"},"geometry":{"type":"MultiPolygon","coordinates":[[[[11.9546,36.8394],[11.9734,36.8349],[11.9799,36.8265],[11.9893,36.8228],[12.0039,36.8217],[12.0133,36.8252],[12.0375,36.804],[12.046,36.8014],[12.0531,36.7906],[12.0554,36.7755],[12.0551,36.7631],[12.0473,36.7498],[12.0234,36.7343],[11.9929,36.7374],[11.9823,36.7445],[11.9721,36.7637],[11.9561,36.772],[11.9511,36.7837],[11.9266,36.8032],[11.9284,36.8253],[11.9355,36.8334],[11.9423,36.8309],[11.9447,36.8363],[11.9536,36.8394],[11.9546,36.8394]]],[[[12.4696,37.7305],[12.4693,37.7308]]],[[[12.4569,37.8625],[12.4572,37.8626]]],[[[12.4712,37.8703],[12.4717,37.8659],[12.4651,37.8641],[12.4644,37.8691],[12.471,37.8705],[12.4712,37.8703]]],[[[12.4553,37.8874],[12.4652,37.8786],[12.457,37.884],[12.4553,37.8874]]],[[[12.4554,37.9049],[12.4551,37.8994],[12.4477,37.8955],[12.4518,37.8737],[12.4485,37.8661],[12.4518,37.8529],[12.4465,37.8441],[12.4368,37.8809],[12.4294,37.8951],[12.4456,37.8982],[12.4553,37.905],[12.4554,37.9049]]],[[[12.2985,37.9116],[12.2991,37.9117]]],[[[12.2905,37.9149],[12.2901,37.9151]]],[[[12.302,37.9162],[12.3023,37.9136],[12.3017,37.9162],[12.302,37.9162]]],[[[12.3081,37.9557],[12.3171,37.9362],[12.323,37.9312],[12.3444,37.9366],[12.3558,37.9255],[12.3692,37.9224],[12.3706,37.9185],[12.3662,37.9065],[12.3507,37.9073],[12.3373,37.9198],[12.3089,37.9193],[12.2877,37.9154],[12.2815,37.9196],[12.2794,37.9298],[12.2733,37.9372],[12.2779,37.9448],[12.2898,37.943],[12.3081,37.9558],[12.3081,37.9557]]],[[[12.0632,37.9933],[12.0649,37.9914],[12.0616,37.9881],[12.0646,37.9795],[12.0778,37.9617],[12.0816,37.9514],[12.0914,37.9476],[12.083,37.9457],[12.0498,37.9553],[12.0451,37.96],[12.0335,37.9891],[12.0299,37.9874],[12.0282,37.9911],[12.0382,37.993],[12.0606,37.9903],[12.0629,37.9933],[12.0632,37.9933]]],[[[12.3277,37.9871],[12.3296,37.9863],[12.3276,37.9869],[12.3277,37.9871]]],[[[12.4247,37.99],[12.426,37.9877],[12.4236,37.9901],[12.4247,37.99]]],[[[12.4171,37.9878],[12.4113,37.9923],[12.4145,37.9903],[12.4171,37.9878]]],[[[12.4961,38.0121],[12.4974,38.005],[12.4958,38.0121],[12.4961,38.0121]]],[[[12.4889,38.0124],[12.4889,38.0124]]],[[[12.3357,38.0204],[12.3421,38.0042],[12.3525,37.9926],[12.3514,37.9889],[12.3383,37.9848],[12.3273,37.989],[12.3202,38.0012],[12.3222,38.0074],[12.3288,38.0089],[12.3353,38.0206],[12.3357,38.0204]]],[[[12.5298,38.0645],[12.5295,38.0647]]],[[[12.7327,38.1826],[12.7318,38.18],[12.7409,38.1757],[12.7681,38.1796],[12.7717,38.1693],[12.7674,38.1643],[12.7684,38.1544],[12.7712,38.1504],[12.7797,38.1504],[12.7909,38.1347],[12.7901,38.1119],[12.8094,38.0836],[12.8271,38.0663],[12.8574,38.0488],[12.8682,38.0511],[12.8712,38.0371],[12.8927,38.0244],[12.932,38.0283],[12.9771,38.0403],[12.983,38.0323],[12.985,38.0195],[13.0014,38.0098],[13.0047,38.0029],[13.0038,37.9919],[13.0268,37.9775],[13.0272,37.9664],[13.0371,37.9705],[13.05,37.96],[13.0445,37.9552],[13.0421,37.9478],[13.0459,37.9412],[13.0409,37.9148],[13.0238,37.9023],[13.0164,37.9006],[12.9994,37.9086],[12.9976,37.9009],[12.9928,37.8974],[12.9857,37.9007],[12.9592,37.9006],[12.9554,37.8974],[12.9412,37.9059],[12.9386,37.9042],[12.9344,37.8977],[12.9366,37.8922],[12.9311,37.8853],[12.948,37.8816],[12.9523,37.8686],[12.9586,37.8648],[12.9521,37.856],[12.9439,37.8527],[12.9453,37.8396],[12.9635,37.8359],[12.9707,37.8238],[13.0513,37.8146],[13.0557,37.8107],[13.0796,37.8186],[13.0849,37.8149],[13.0915,37.8174],[13.0982,37.8144],[13.0939,37.8081],[13.081,37.8031],[13.075,37.7886],[13.0823,37.7819],[13.0906,37.781],[13.1001,37.771],[13.0814,37.7672],[13.0631,37.7571],[13.058,37.7579],[13.0524,37.765],[13.0425,37.7545],[13.0191,37.7514],[13.0057,37.7378],[12.9972,37.7354],[12.9971,37.7394],[12.9923,37.7421],[12.9874,37.7344],[12.9597,37.7275],[12.957,37.7249],[12.9586,37.7201],[12.9427,37.7122],[12.9375,37.7015],[12.9178,37.6893],[12.9139,37.6711],[12.906,37.6697],[12.9015,37.664],[12.8935,37.6609],[12.8997,37.6539],[12.8885,37.6471],[12.888,37.6419],[12.9169,37.6448],[12.9068,37.6125],[12.9074,37.5951],[12.8965,37.5771],[12.8555,37.5828],[12.7814,37.5809],[12.6735,37.56],[12.6492,37.5781],[12.6257,37.6067],[12.6141,37.6347],[12.6038,37.6423],[12.5866,37.6501],[12.5786,37.65],[12.5677,37.6603],[12.5609,37.6625],[12.5388,37.6595],[12.5184,37.6607],[12.5153,37.6665],[12.4982,37.6776],[12.4899,37.6901],[12.4758,37.6991],[12.4705,37.7049],[12.4719,37.7154],[12.4694,37.7206],[12.4725,37.7378],[12.4701,37.747],[12.4477,37.7826],[12.4396,37.7907],[12.4313,37.7933],[12.4254,37.8013],[12.441,37.8158],[12.442,37.8104],[12.4617,37.8173],[12.4683,37.8292],[12.4647,37.8475],[12.4714,37.8497],[12.4859,37.8737],[12.4824,37.8816],[12.4741,37.8845],[12.4668,37.8918],[12.4684,37.8974],[12.4586,37.908],[12.4936,37.9527],[12.4985,37.9658],[12.4944,37.984],[12.5066,37.9941],[12.5104,38.01],[12.5199,38.0093],[12.5199,38.0139],[12.4927,38.0158],[12.5095,38.0172],[12.5208,38.023],[12.5522,38.0498],[12.5599,38.0644],[12.5697,38.0689],[12.5777,38.0704],[12.6003,38.065],[12.627,38.0706],[12.6449,38.0786],[12.6488,38.0854],[12.6629,38.0945],[12.6574,38.103],[12.6603,38.1117],[12.678,38.114],[12.689,38.1056],[12.7002,38.1054],[12.7096,38.109],[12.7276,38.1246],[12.7259,38.13],[12.7374,38.1394],[12.7159,38.1729],[12.7189,38.1821],[12.7303,38.1894],[12.734,38.1895],[12.7345,38.1865],[12.7327,38.1826]]]]}},{"type":"Feature","properties":{"SIGLA":"PA","DEN_PROV":"Palermo","DEN_UTS":"Palermo"},"geometry":{"type":"MultiPolygon","coordinates":[[[[13.1732,37.6424],[13.1832,37.6346],[13.1577,37.6257],[13.1455,37.6259],[13.1447,37.6434],[13.1701,37.6447],[13.1732,37.6424]]],[[[13.2365,38.2124],[13.2375,38.2076],[13.2342,38.2091],[13.2356,38.2125],[13.2365,38.2124]]],[[[13.3167,38.2245],[13.3277,38.2117],[13.3256,38.2056],[13.3289,38.1998],[13.3466,38.1912],[13.3559,38.1914],[13.3656,38.1825],[13.367,38.1696],[13.3762,38.1522],[13.3697,38.1442],[13.3749,38.1285],[13.3689,38.1355],[13.3627,38.134],[13.3627,38.1298],[13.3836,38.109],[13.4053,38.0999],[13.4427,38.0948],[13.4722,38.0979],[13.5044,38.1077],[13.5082,38.1196],[13.5329,38.1117],[13.5355,38.1072],[13.5343,38.1002],[13.5406,38.094],[13.538,38.0841],[13.5422,38.0778],[13.5365,38.0671],[13.5443,38.0557],[13.5645,38.0407],[13.6038,38.0238],[13.6151,38.0175],[13.6183,38.0124],[13.6351,38.0082],[13.6511,37.9985],[13.6649,37.9941],[13.7065,37.9918],[13.7235,37.9855],[13.7036,37.9899],[13.707,37.9798],[13.7115,37.9774],[13.7355,37.9748],[13.745,37.9701],[13.7974,37.9751],[13.8352,37.9829],[13.8705,37.9942],[13.9458,38.0282],[13.9635,38.0298],[13.9716,38.0338],[13.9818,38.0293],[14.0061,38.0324],[14.0228,38.0413],[14.0323,38.0401],[14.0391,38.0325],[14.0651,38.0185],[14.0849,38.0197],[14.1091,38.0147],[14.1315,38.0185],[14.1461,38.0267],[14.1723,38.0187],[14.1835,38.0194],[14.193,38.0028],[14.2046,37.9904],[14.2131,37.9722],[14.2217,37.9672],[14.2311,37.9486],[14.2424,37.9442],[14.2532,37.9351],[14.2529,37.917],[14.2921,37.9183],[14.2747,37.9035],[14.2747,37.8894],[14.2687,37.8765],[14.2736,37.8613],[14.2737,37.8482],[14.2799,37.8401],[14.2637,37.8282],[14.2636,37.8191],[14.2693,37.8045],[14.2618,37.792],[14.2702,37.7899],[14.2697,37.7753],[14.2899,37.7644],[14.2906,37.7507],[14.2948,37.7474],[14.2944,37.7437],[14.2724,37.7177],[14.2693,37.7074],[14.2616,37.6989],[14.2493,37.6942],[14.2407,37.6954],[14.2371,37.6907],[14.2119,37.6784],[14.2024,37.6788],[14.1871,37.6717],[14.1771,37.6748],[14.1697,37.6734],[14.1589,37.6674],[14.159,37.6615],[14.1631,37.6577],[14.1631,37.6379],[14.1479,37.6212],[14.135,37.6167],[14.1319,37.6116],[14.1237,37.6121],[14.1203,37.6291],[14.1147,37.631],[14.1094,37.6266],[14.1032,37.6264],[14.0762,37.6442],[14.0555,37.6479],[14.0434,37.6446],[14.0254,37.6316],[14.0202,37.6201],[14.0276,37.6023],[14.0138,37.597],[13.9919,37.5956],[13.9619,37.5861],[13.9239,37.5965],[13.9304,37.6069],[13.8994,37.6179],[13.8983,37.6249],[13.9022,37.627],[13.9029,37.6328],[13.8999,37.6446],[13.9045,37.6575],[13.8934,37.6592],[13.8771,37.6818],[13.8351,37.6952],[13.82,37.7033],[13.8185,37.7269],[13.8081,37.7439],[13.7763,37.7211],[13.7756,37.7011],[13.7663,37.6995],[13.743,37.7038],[13.7422,37.6927],[13.7325,37.6829],[13.7105,37.6871],[13.6955,37.6949],[13.6788,37.6922],[13.6721,37.6888],[13.6742,37.6821],[13.6693,37.6698],[13.6512,37.6584],[13.6015,37.6559],[13.5876,37.6505],[13.579,37.6403],[13.5691,37.6359],[13.525,37.6386],[13.5113,37.6466],[13.5115,37.6534],[13.5079,37.6588],[13.4653,37.648],[13.4577,37.6599],[13.4529,37.6604],[13.4263,37.6432],[13.4091,37.6587],[13.3958,37.6595],[13.3833,37.6517],[13.3881,37.6339],[13.4009,37.6178],[13.3919,37.6167],[13.3871,37.6124],[13.3812,37.5995],[13.3827,37.5903],[13.3922,37.5728],[13.404,37.5706],[13.4005,37.5585],[13.3575,37.5406],[13.3445,37.5465],[13.338,37.5595],[13.3427,37.5739],[13.3207,37.5881],[13.3315,37.5993],[13.3339,37.6087],[13.3279,37.6209],[13.3199,37.6257],[13.3477,37.6446],[13.3507,37.6487],[13.3484,37.6563],[13.3278,37.6624],[13.3216,37.6498],[13.3024,37.6399],[13.292,37.6406],[13.2771,37.647],[13.2655,37.6372],[13.2534,37.6156],[13.2487,37.6146],[13.2374,37.6266],[13.226,37.6305],[13.212,37.6414],[13.2091,37.6471],[13.2139,37.674],[13.193,37.6833],[13.1866,37.6915],[13.1483,37.6873],[13.1236,37.7015],[13.1002,37.694],[13.0797,37.692],[13.0467,37.712],[13.034,37.7337],[13.0266,37.7395],[13.0121,37.7426],[13.0191,37.7514],[13.0425,37.7545],[13.0524,37.765],[13.058,37.7579],[13.0631,37.7571],[13.0814,37.7672],[13.1001,37.771],[13.0906,37.781],[13.0823,37.7819],[13.075,37.7886],[13.081,37.8031],[13.0939,37.8081],[13.0982,37.8144],[13.0915,37.8174],[13.0849,37.8149],[13.0796,37.8186],[13.0557,37.8107],[13.0513,37.8146],[12.9707,37.8238],[12.9635,37.8359],[12.9453,37.8396],[12.9439,37.8527],[12.9521,37.856],[12.9586,37.8648],[12.9523,37.8686],[12.948,37.8816],[12.9311,37.8853],[12.9366,37.8922],[12.9344,37.8977],[12.941,37.9059],[12.9554,37.8974],[12.9592,37.9006],[12.9857,37.9007],[12.9928,37.8974],[12.9976,37.9009],[12.9994,37.9086],[13.0168,37.9005],[13.0238,37.9023],[13.0409,37.9148],[13.0459,37.9412],[13.0421,37.9478],[13.0445,37.9552],[13.05,37.96],[13.0371,37.9705],[13.0272,37.9664],[13.0268,37.9775],[13.0038,37.9919],[13.0047,38.0029],[13.0014,38.0098],[12.985,38.0195],[12.983,38.0323],[12.9771,38.0403],[13.0292,38.063],[13.0387,38.0718],[13.0529,38.0726],[13.0757,38.0867],[13.0773,38.0934],[13.0724,38.1108],[13.0657,38.1234],[13.053,38.1371],[13.0659,38.1433],[13.0723,38.1417],[13.0708,38.1481],[13.0847,38.1606],[13.0788,38.1738],[13.1053,38.1905],[13.122,38.1915],[13.1445,38.1844],[13.16,38.1858],[13.1643,38.1706],[13.1914,38.1693],[13.2331,38.1832],[13.2438,38.1927],[13.2418,38.2003],[13.2665,38.2011],[13.274,38.1982],[13.2963,38.2175],[13.3158,38.2246],[13.3167,38.2245]],[[14.0344,37.7139],[14.0293,37.7044],[14.0415,37.6978],[14.0415,37.6894],[14.0121,37.6898],[14.0077,37.6847],[14.0076,37.6704],[14.018,37.6574],[14.0335,37.6555],[14.0612,37.6746],[14.0862,37.6772],[14.0878,37.681],[14.0776,37.6904],[14.0796,37.6945],[14.0907,37.6976],[14.0892,37.7076],[14.0798,37.7129],[14.0705,37.7122],[14.0634,37.7213],[14.0435,37.7259],[14.0362,37.7208],[14.0352,37.7154],[14.0344,37.7139]]],[[[13.1807,38.7207],[13.1973,38.714],[13.2007,38.7098],[13.1739,38.6918],[13.1536,38.6937],[13.1527,38.699],[13.1632,38.7134],[13.1782,38.7202],[13.1807,38.7207]]]]}},{"type":"Feature","properties":{"SIGLA":"ME","DEN_PROV":"Messina","DEN_UTS":"Messina"},"geometry":{"type":"MultiPolygon","coordinates":[[[[15.3008,37.8507],[15.3,37.8507]]],[[[15.5497,38.3004],[15.5892,38.2801],[15.6183,38.2731],[15.6451,38.2718],[15.6533,38.2677],[15.6517,38.2646],[15.6114,38.2567],[15.5816,38.2447],[15.5675,38.2245],[15.5576,38.1904],[15.5632,38.1881],[15.5669,38.1906],[15.5696,38.1958],[15.5624,38.1965],[15.5664,38.1978],[15.5727,38.1972],[15.5746,38.1932],[15.5631,38.1834],[15.5329,38.1461],[15.4936,38.0746],[15.4814,38.0633],[15.4773,38.0546],[15.4422,38.0252],[15.4411,38.0203],[15.3494,37.9234],[15.3412,37.9089],[15.3052,37.877],[15.2966,37.8624],[15.3019,37.8528],[15.2924,37.8473],[15.2859,37.8475],[15.2731,37.8358],[15.2689,37.8282],[15.2755,37.8247],[15.2754,37.8215],[15.2585,37.807],[15.2462,37.8125],[15.2445,37.8193],[15.2323,37.8302],[15.2205,37.8507],[15.1858,37.8753],[15.175,37.8756],[15.1526,37.8955],[15.1306,37.894],[15.1109,37.9062],[15.0971,37.9027],[15.074,37.9036],[15.0426,37.8937],[15.009,37.8993],[14.9934,37.8931],[14.9803,37.8929],[14.9789,37.907],[14.9557,37.9121],[14.9394,37.9516],[14.9292,37.9609],[14.8958,37.9487],[14.8778,37.9332],[14.8625,37.9287],[14.8549,37.931],[14.8483,37.9421],[14.8513,37.9551],[14.8414,37.9589],[14.8285,37.9351],[14.8089,37.9441],[14.8014,37.9532],[14.7895,37.9517],[14.7787,37.9426],[14.7648,37.9402],[14.7614,37.923],[14.7565,37.916],[14.774,37.9095],[14.7783,37.9034],[14.7718,37.8906],[14.7669,37.8885],[14.76,37.8998],[14.7384,37.9022],[14.7403,37.8765],[14.7381,37.8485],[14.742,37.8472],[14.7586,37.8684],[14.782,37.8595],[14.7891,37.8525],[14.8024,37.8165],[14.8009,37.8047],[14.7973,37.8033],[14.775,37.8118],[14.7683,37.8206],[14.7603,37.8223],[14.7448,37.8171],[14.7231,37.8171],[14.7065,37.8126],[14.6805,37.7953],[14.645,37.8069],[14.6228,37.8062],[14.5971,37.8105],[14.5714,37.8329],[14.5527,37.8393],[14.5576,37.8512],[14.5731,37.8589],[14.5722,37.8748],[14.5686,37.8788],[14.5509,37.8762],[14.5338,37.8605],[14.527,37.8618],[14.5071,37.852],[14.4914,37.823],[14.4822,37.8128],[14.4768,37.811],[14.454,37.8169],[14.4648,37.8401],[14.4614,37.8433],[14.4292,37.8527],[14.4186,37.8617],[14.4063,37.8664],[14.3998,37.8548],[14.3921,37.851],[14.3501,37.8477],[14.3267,37.8376],[14.3161,37.8403],[14.2972,37.8367],[14.2799,37.8401],[14.2737,37.8482],[14.2736,37.8613],[14.2687,37.8765],[14.2747,37.8894],[14.2747,37.9035],[14.2921,37.9183],[14.2529,37.917],[14.2532,37.9351],[14.2424,37.9442],[14.2311,37.9486],[14.2217,37.9672],[14.2131,37.9722],[14.2046,37.9904],[14.1839,38.0168],[14.1835,38.0194],[14.253,38.0087],[14.2674,38.0118],[14.2867,38.0071],[14.309,38.0079],[14.3416,38.0192],[14.3624,38.0145],[14.3754,38.0165],[14.3991,38.0246],[14.4269,38.0406],[14.44,38.0404],[14.4478,38.0341],[14.4704,38.033],[14.525,38.0422],[14.5564,38.0601],[14.5849,38.0589],[14.6216,38.0756],[14.6209,38.0715],[14.636,38.073],[14.6783,38.0995],[14.7487,38.1659],[14.7601,38.1574],[14.7835,38.1524],[14.7944,38.1534],[14.8612,38.1686],[14.889,38.1717],[14.9147,38.1919],[14.9404,38.1798],[14.9731,38.1518],[15.0472,38.1492],[15.0564,38.1418],[15.0556,38.1327],[15.0597,38.1287],[15.0803,38.1209],[15.0966,38.121],[15.174,38.1535],[15.212,38.1863],[15.2259,38.2059],[15.2412,38.2436],[15.2364,38.248],[15.2359,38.266],[15.2244,38.2703],[15.2381,38.2698],[15.2518,38.2521],[15.2535,38.246],[15.2414,38.2169],[15.2614,38.2079],[15.297,38.2069],[15.3568,38.2186],[15.4307,38.2429],[15.4495,38.2513],[15.5168,38.2957],[15.5437,38.3014],[15.5497,38.3004]]],[[[14.939,38.4001],[14.9387,38.4001]]],[[[14.96,38.4323],[14.9686,38.4251],[14.9624,38.4198],[14.9636,38.4121],[14.9806,38.4097],[14.997,38.3963],[15.0053,38.376],[15.0025,38.3712],[14.9909,38.3664],[14.9828,38.3671],[14.9488,38.388],[14.9395,38.4022],[14.9395,38.4113],[14.9455,38.4171],[14.9559,38.4189],[14.9541,38.4288],[14.9598,38.4323],[14.96,38.4323]]],[[[14.9605,38.5234],[14.9626,38.4909],[14.9681,38.4859],[14.9769,38.486],[14.9807,38.483],[14.9796,38.4792],[14.9617,38.4784],[14.9553,38.4744],[14.9568,38.4597],[14.9622,38.4512],[14.9583,38.4419],[14.9531,38.4392],[14.9423,38.4426],[14.9415,38.4494],[14.9346,38.4595],[14.9132,38.465],[14.8996,38.4782],[14.8994,38.4857],[14.9045,38.5109],[14.9125,38.5184],[14.9262,38.523],[14.9425,38.5196],[14.9572,38.5229],[14.9605,38.5234]]],[[[14.3619,38.5543],[14.3665,38.5496],[14.36,38.5323],[14.3494,38.5307],[14.3426,38.5332],[14.3397,38.5389],[14.3403,38.5482],[14.3478,38.5537],[14.3611,38.5545],[14.3619,38.5543]]],[[[14.5532,38.5858],[14.5757,38.5813],[14.5814,38.5726],[14.5804,38.5624],[14.5871,38.5586],[14.5916,38.5598],[14.5933,38.5558],[14.5871,38.5536],[14.5537,38.5604],[14.5411,38.572],[14.5394,38.5775],[14.5468,38.5856],[14.5532,38.5858]]],[[[14.867,38.5831],[14.8725,38.5802],[14.8746,38.5618],[14.8686,38.5529],[14.8708,38.5388],[14.8669,38.5362],[14.8501,38.5362],[14.8284,38.5472],[14.8066,38.5533],[14.7958,38.5624],[14.8078,38.5824],[14.8347,38.5824],[14.8457,38.5794],[14.8666,38.5832],[14.867,38.5831]]],[[[15.0638,38.6246],[15.0637,38.6247]]],[[[15.1066,38.6347],[15.1066,38.6347]]],[[[15.1113,38.6371],[15.1115,38.6376]]],[[[15.0976,38.6403],[15.097,38.6402]]],[[[15.1143,38.6404],[15.1156,38.6388],[15.1139,38.6404],[15.1143,38.6404]]],[[[15.0647,38.6467],[15.0644,38.6472]]],[[[15.0729,38.6467],[15.0769,38.644],[15.0779,38.6367],[15.0737,38.6294],[15.0559,38.6254],[15.0546,38.6291],[15.0601,38.6437],[15.07,38.6474],[15.0729,38.6467]]],[[[15.1086,38.665],[15.108,38.665]]],[[[15.1143,38.666],[15.118,38.6611],[15.1103,38.6621],[15.1126,38.6653],[15.1143,38.666]]],[[[15.2214,38.812],[15.2432,38.8034],[15.2306,38.7883],[15.2269,38.7772],[15.2172,38.7724],[15.1896,38.7858],[15.1875,38.7902],[15.1896,38.796],[15.1987,38.7988],[15.2132,38.8105],[15.2211,38.812],[15.2214,38.812]]]]}},{"type":"Feature","properties":{"SIGLA":"AG","DEN_PROV":"Agrigento","DEN_UTS":"Agrigento"},"geometry":{"type":"MultiPolygon","coordinates":[[[[12.5588,35.5112],[12.5601,35.5089],[12.5587,35.5112],[12.5588,35.5112]]],[[[12.5284,35.5287],[12.5284,35.5288]]],[[[12.5409,35.5289],[12.5913,35.5211],[12.6075,35.5245],[12.6109,35.5217],[12.6279,35.5204],[12.6331,35.5159],[12.626,35.5147],[12.6254,35.5055],[12.6332,35.5018],[12.6322,35.4942],[12.6084,35.4936],[12.6043,35.5027],[12.6002,35.4975],[12.5937,35.4984],[12.5636,35.5116],[12.5177,35.5195],[12.5254,35.5275],[12.5324,35.5287],[12.5409,35.5289]]],[[[12.3211,35.5505],[12.3207,35.5533],[12.3214,35.5506],[12.3211,35.5505]]],[[[12.8754,35.8754],[12.8794,35.8727],[12.8824,35.8629],[12.8815,35.8551],[12.8581,35.8556],[12.8502,35.8714],[12.8751,35.8755],[12.8754,35.8754]]],[[[13.8574,37.1127],[13.8573,37.1128]]],[[[13.0206,37.7417],[13.034,37.7337],[13.0467,37.712],[13.0797,37.692],[13.1002,37.694],[13.1236,37.7015],[13.1483,37.6873],[13.1866,37.6915],[13.193,37.6833],[13.2139,37.674],[13.2091,37.6471],[13.212,37.6414],[13.226,37.6305],[13.2374,37.6266],[13.2487,37.6146],[13.2534,37.6156],[13.2655,37.6372],[13.2771,37.647],[13.292,37.6406],[13.3024,37.6399],[13.3216,37.6498],[13.3278,37.6624],[13.3471,37.6573],[13.3507,37.6487],[13.3477,37.6446],[13.3199,37.6257],[13.3279,37.6209],[13.3339,37.6087],[13.3315,37.5993],[13.3207,37.5881],[13.3406,37.577],[13.3427,37.5739],[13.338,37.5595],[13.3397,37.554],[13.3445,37.5465],[13.3575,37.5406],[13.4005,37.5585],[13.404,37.5706],[13.3922,37.5728],[13.3827,37.5903],[13.3812,37.5995],[13.3871,37.6124],[13.3919,37.6167],[13.4009,37.6178],[13.3881,37.6339],[13.3833,37.6517],[13.3958,37.6595],[13.4091,37.6587],[13.4263,37.6432],[13.4529,37.6604],[13.4577,37.6599],[13.4653,37.648],[13.5079,37.6588],[13.5115,37.6534],[13.5113,37.6466],[13.525,37.6386],[13.549,37.639],[13.5646,37.6354],[13.579,37.6403],[13.5876,37.6505],[13.6015,37.6559],[13.6512,37.6584],[13.6693,37.6698],[13.6742,37.6821],[13.6721,37.6888],[13.6914,37.6947],[13.7105,37.6871],[13.7501,37.6798],[13.7625,37.6794],[13.7847,37.6838],[13.7893,37.6882],[13.7996,37.6883],[13.8094,37.676],[13.8226,37.6758],[13.8231,37.6604],[13.8111,37.6416],[13.8297,37.6289],[13.8309,37.6186],[13.8277,37.6164],[13.7886,37.6235],[13.7805,37.6155],[13.7769,37.6069],[13.7668,37.6098],[13.7623,37.6068],[13.7647,37.5969],[13.7538,37.5916],[13.7433,37.5922],[13.7081,37.583],[13.6819,37.587],[13.6721,37.5805],[13.6684,37.5742],[13.6699,37.571],[13.6901,37.5553],[13.6928,37.5381],[13.6899,37.5316],[13.6937,37.523],[13.6904,37.5008],[13.6859,37.4923],[13.6779,37.492],[13.6643,37.4801],[13.6644,37.4763],[13.657,37.4715],[13.6522,37.4626],[13.655,37.4599],[13.6869,37.4584],[13.7054,37.4402],[13.7316,37.4372],[13.7382,37.4314],[13.7481,37.4284],[13.7729,37.4405],[13.8123,37.4314],[13.8413,37.4384],[13.8488,37.4372],[13.8459,37.4288],[13.8592,37.4068],[13.8668,37.403],[13.896,37.403],[13.9047,37.3959],[13.9094,37.3871],[13.901,37.3803],[13.8903,37.3785],[13.8866,37.375],[13.8878,37.3676],[13.8817,37.3598],[13.8853,37.3565],[13.9152,37.3414],[13.9271,37.3313],[13.9615,37.3303],[13.9779,37.3142],[13.9919,37.3078],[13.9918,37.2998],[13.9967,37.2931],[14.006,37.2925],[14.0181,37.2856],[14.0222,37.2865],[14.0245,37.293],[14.0315,37.2922],[14.0282,37.2762],[14.0096,37.2625],[14.0178,37.2581],[14.0067,37.2414],[14.0082,37.2338],[14.0163,37.2298],[13.9925,37.2205],[13.9946,37.2038],[14.0043,37.1936],[13.9968,37.1923],[13.9913,37.1978],[13.9841,37.1925],[14.0003,37.1777],[14.0112,37.16],[14.024,37.159],[14.03,37.1546],[14.0367,37.1277],[14.0363,37.1061],[13.9814,37.1093],[13.9337,37.0952],[13.9214,37.0989],[13.9024,37.0965],[13.8789,37.1025],[13.8656,37.1095],[13.8426,37.1348],[13.8241,37.1445],[13.7755,37.1454],[13.7504,37.1494],[13.7283,37.1689],[13.7115,37.172],[13.6839,37.1879],[13.6618,37.1962],[13.6552,37.2127],[13.6389,37.2298],[13.6281,37.2352],[13.6223,37.2344],[13.5956,37.2572],[13.5768,37.2609],[13.5764,37.2682],[13.5555,37.2854],[13.5472,37.2869],[13.5325,37.284],[13.5066,37.2917],[13.4792,37.287],[13.4654,37.2951],[13.4485,37.296],[13.4293,37.3039],[13.4225,37.3143],[13.4022,37.3329],[13.3883,37.3355],[13.3744,37.3472],[13.3506,37.3585],[13.3217,37.3637],[13.309,37.3791],[13.2914,37.3905],[13.2712,37.3934],[13.2556,37.4223],[13.2351,37.4371],[13.2172,37.4592],[13.2094,37.4641],[13.1962,37.465],[13.186,37.4797],[13.1696,37.4917],[13.1485,37.4973],[13.1303,37.4926],[13.0767,37.5055],[13.0536,37.5039],[13.0385,37.4957],[13.0215,37.4953],[13.0133,37.4992],[13.0152,37.5055],[13.012,37.5127],[12.9888,37.5409],[12.9627,37.5627],[12.943,37.5723],[12.9145,37.5773],[12.9069,37.575],[12.9052,37.5738],[12.9104,37.5724],[12.9067,37.5724],[12.8965,37.5771],[12.9074,37.5951],[12.9068,37.6125],[12.9169,37.6448],[12.8902,37.6406],[12.8871,37.6436],[12.8997,37.6539],[12.8935,37.6609],[12.9015,37.664],[12.906,37.6697],[12.9139,37.6711],[12.9178,37.6893],[12.9375,37.7015],[12.9427,37.7122],[12.9586,37.7201],[12.9586,37.7268],[12.9874,37.7344],[12.9923,37.7421],[12.9984,37.7354],[13.014,37.7423],[13.0206,37.7417]],[[13.1601,37.6448],[13.1442,37.643],[13.1455,37.6259],[13.1577,37.6257],[13.1832,37.6346],[13.1701,37.6447],[13.1601,37.6448]]]]}},{"type":"Feature","properties":{"SIGLA":"CL","DEN_PROV":"Caltanissetta","DEN_UTS":"Caltanissetta"},"geometry":{"type":"MultiPolygon","coordinates":[[[[14.053,37.7221],[14.0634,37.7213],[14.0705,37.7122],[14.0798,37.7129],[14.0892,37.7076],[14.0907,37.6976],[14.0796,37.6945],[14.0776,37.6904],[14.0878,37.6798],[14.0857,37.6767],[14.0605,37.6743],[14.0335,37.6555],[14.0183,37.6572],[14.0076,37.6704],[14.009,37.6876],[14.0277,37.6907],[14.0415,37.6894],[14.0415,37.6978],[14.0293,37.7044],[14.0362,37.7208],[14.0435,37.7259],[14.0526,37.7221],[14.053,37.7221]]],[[[13.8176,37.7193],[13.82,37.7033],[13.8351,37.6952],[13.8771,37.6818],[13.8934,37.6592],[13.9045,37.6575],[13.8999,37.6446],[13.9029,37.6328],[13.9022,37.627],[13.8983,37.6249],[13.8993,37.6181],[13.9304,37.6069],[13.9239,37.5965],[13.9619,37.5861],[13.9919,37.5956],[14.02,37.5985],[14.0276,37.6023],[14.0202,37.6201],[14.0254,37.6316],[14.0434,37.6446],[14.0568,37.648],[14.0762,37.6442],[14.1032,37.6264],[14.1094,37.6266],[14.1147,37.631],[14.1203,37.6291],[14.1241,37.6117],[14.1319,37.6116],[14.135,37.6167],[14.164,37.6121],[14.1594,37.6051],[14.1593,37.5857],[14.1383,37.5804],[14.1355,37.5683],[14.1399,37.5528],[14.1282,37.5307],[14.1267,37.5208],[14.1374,37.5153],[14.1437,37.5064],[14.1402,37.5033],[14.1422,37.4984],[14.1594,37.481],[14.1418,37.4771],[14.1319,37.4714],[14.0786,37.4283],[14.0708,37.4213],[14.0718,37.4058],[14.064,37.4038],[14.06,37.4097],[14.056,37.4069],[14.0774,37.38],[14.072,37.3745],[14.085,37.3643],[14.083,37.3513],[14.0902,37.3495],[14.0892,37.3437],[14.0835,37.3393],[14.115,37.3341],[14.1285,37.3436],[14.1343,37.3352],[14.1672,37.324],[14.186,37.3308],[14.2149,37.3358],[14.2311,37.3476],[14.2561,37.3448],[14.2641,37.343],[14.2672,37.3336],[14.2751,37.3304],[14.2832,37.3317],[14.3163,37.3257],[14.3158,37.303],[14.3527,37.3061],[14.3534,37.2778],[14.3694,37.2792],[14.3809,37.2854],[14.3903,37.267],[14.3882,37.2599],[14.3834,37.2569],[14.3754,37.2063],[14.3797,37.2037],[14.387,37.1891],[14.3938,37.1863],[14.3984,37.1791],[14.4172,37.1784],[14.4319,37.1898],[14.4324,37.185],[14.4514,37.1691],[14.4756,37.1317],[14.4566,37.1085],[14.4528,37.098],[14.4332,37.099],[14.4295,37.0947],[14.433,37.081],[14.4436,37.0648],[14.442,37.0509],[14.4131,37.0296],[14.39,37.0247],[14.3654,37.005],[14.3379,37.0016],[14.2968,37.0368],[14.2706,37.0504],[14.2631,37.0456],[14.2684,37.0519],[14.2586,37.0583],[14.234,37.0666],[14.2274,37.0658],[14.209,37.0766],[14.1706,37.0911],[14.0783,37.11],[14.0587,37.1102],[14.0363,37.1061],[14.0367,37.1277],[14.03,37.1546],[14.024,37.159],[14.0112,37.16],[14.0003,37.1777],[13.9841,37.1925],[13.9913,37.1978],[13.9968,37.1923],[14.0043,37.1936],[13.9946,37.2038],[13.9925,37.2205],[14.0163,37.2298],[14.0082,37.2338],[14.0067,37.2414],[14.0178,37.2581],[14.0096,37.2625],[14.0282,37.2762],[14.0315,37.2922],[14.0245,37.293],[14.0222,37.2865],[14.0181,37.2856],[14.006,37.2925],[13.9967,37.2931],[13.9918,37.2998],[13.9919,37.3078],[13.9779,37.3142],[13.9615,37.3303],[13.9271,37.3313],[13.9152,37.3414],[13.8853,37.3565],[13.8817,37.3598],[13.8878,37.3676],[13.8866,37.375],[13.8903,37.3785],[13.901,37.3803],[13.9094,37.3871],[13.9047,37.3959],[13.896,37.403],[13.8668,37.403],[13.8592,37.4068],[13.8459,37.4288],[13.8488,37.4372],[13.8413,37.4384],[13.8123,37.4314],[13.7729,37.4405],[13.7481,37.4284],[13.7397,37.4306],[13.7316,37.4372],[13.7054,37.4402],[13.6869,37.4584],[13.655,37.4599],[13.6522,37.4626],[13.657,37.4715],[13.6644,37.4763],[13.6643,37.4801],[13.6779,37.492],[13.6859,37.4923],[13.6904,37.5008],[13.6937,37.523],[13.6899,37.5316],[13.6928,37.5381],[13.6901,37.5553],[13.6699,37.571],[13.6684,37.5742],[13.6721,37.5805],[13.6819,37.587],[13.7081,37.583],[13.7433,37.5922],[13.7538,37.5916],[13.7647,37.5969],[13.7623,37.6068],[13.7668,37.6098],[13.7769,37.6069],[13.7805,37.6155],[13.7886,37.6235],[13.8248,37.615],[13.8309,37.6186],[13.8297,37.6289],[13.8111,37.6416],[13.8231,37.6604],[13.8226,37.6758],[13.8094,37.676],[13.7996,37.6883],[13.7893,37.6882],[13.7847,37.6838],[13.7611,37.6792],[13.7325,37.6829],[13.7422,37.6927],[13.743,37.7038],[13.7679,37.6994],[13.7766,37.7017],[13.7763,37.7211],[13.8011,37.7407],[13.8081,37.7439],[13.8186,37.7259],[13.8176,37.7193]],[[14.087,37.5534],[14.0894,37.5457],[14.0959,37.5395],[14.0997,37.5371],[14.1064,37.5397],[14.0995,37.5538],[14.0897,37.5574],[14.0867,37.5544],[14.087,37.5534]]]]}},{"type":"Feature","properties":{"SIGLA":"EN","DEN_PROV":"Enna","DEN_UTS":"Enna"},"geometry":{"type":"MultiPolygon","coordinates":[[[[14.0997,37.5371],[14.0894,37.5457],[14.0867,37.5544],[14.0886,37.557],[14.1031,37.5503],[14.1064,37.5397],[14.102,37.5379],[14.0997,37.5371]]],[[[14.5722,37.8748],[14.5731,37.8589],[14.5576,37.8512],[14.5527,37.8393],[14.5714,37.8329],[14.5971,37.8105],[14.6228,37.8062],[14.645,37.8069],[14.6805,37.7953],[14.7065,37.8126],[14.7423,37.8181],[14.7383,37.8123],[14.7442,37.7896],[14.723,37.7833],[14.7144,37.776],[14.7164,37.7672],[14.7329,37.7584],[14.7354,37.7521],[14.7282,37.7435],[14.7145,37.7375],[14.7058,37.7298],[14.7177,37.7251],[14.7201,37.7206],[14.7155,37.7025],[14.7221,37.6834],[14.7286,37.6827],[14.7345,37.6909],[14.752,37.6864],[14.7611,37.6942],[14.7979,37.7127],[14.8025,37.6874],[14.7924,37.6756],[14.7924,37.6528],[14.7973,37.646],[14.8048,37.6462],[14.8223,37.6371],[14.8259,37.6317],[14.8231,37.6195],[14.8281,37.6083],[14.8272,37.5896],[14.8112,37.5818],[14.7907,37.5607],[14.8017,37.5539],[14.7991,37.5326],[14.791,37.5272],[14.794,37.5187],[14.7905,37.5064],[14.7775,37.502],[14.7725,37.5092],[14.7686,37.5093],[14.7639,37.5044],[14.7418,37.5271],[14.7332,37.5286],[14.7227,37.5394],[14.7148,37.5397],[14.7074,37.5495],[14.6995,37.5495],[14.6979,37.5597],[14.6896,37.5542],[14.674,37.558],[14.6373,37.5431],[14.6328,37.5364],[14.5945,37.5363],[14.5811,37.5499],[14.5771,37.5447],[14.5613,37.5434],[14.5619,37.5407],[14.5442,37.5429],[14.5266,37.5184],[14.5065,37.5125],[14.4893,37.5114],[14.4878,37.5086],[14.4968,37.5043],[14.5278,37.4969],[14.5227,37.4928],[14.5169,37.478],[14.5262,37.4615],[14.5439,37.4493],[14.5548,37.4449],[14.588,37.4501],[14.5998,37.4421],[14.6085,37.4404],[14.6129,37.434],[14.6243,37.4352],[14.6332,37.4288],[14.6327,37.4246],[14.6215,37.4143],[14.6111,37.4113],[14.6003,37.4125],[14.5874,37.4083],[14.5828,37.4037],[14.5784,37.3896],[14.5911,37.3827],[14.5814,37.3642],[14.5699,37.3604],[14.5401,37.364],[14.5143,37.3513],[14.4912,37.3479],[14.4958,37.3423],[14.5123,37.3349],[14.5194,37.3251],[14.5069,37.31],[14.4975,37.3092],[14.4866,37.3136],[14.4595,37.3336],[14.4463,37.3486],[14.4373,37.3395],[14.422,37.3378],[14.4344,37.3248],[14.4488,37.3184],[14.4554,37.3099],[14.4553,37.3045],[14.4495,37.3017],[14.441,37.3029],[14.4297,37.293],[14.4122,37.2942],[14.4004,37.2989],[14.3833,37.2964],[14.3484,37.3071],[14.3397,37.3031],[14.3158,37.303],[14.3163,37.3257],[14.2832,37.3317],[14.2751,37.3304],[14.2672,37.3336],[14.2641,37.343],[14.2414,37.347],[14.2299,37.3473],[14.2149,37.3358],[14.186,37.3308],[14.1672,37.324],[14.1343,37.3352],[14.1285,37.3436],[14.115,37.3341],[14.0844,37.3384],[14.0902,37.3495],[14.083,37.3513],[14.085,37.3643],[14.072,37.3745],[14.0774,37.38],[14.056,37.4069],[14.06,37.4097],[14.064,37.4038],[14.0718,37.4058],[14.0708,37.4213],[14.0786,37.4283],[14.1319,37.4714],[14.1418,37.4771],[14.1594,37.481],[14.1422,37.4984],[14.1402,37.5033],[14.1437,37.5064],[14.1374,37.5153],[14.1267,37.5208],[14.1282,37.5307],[14.1399,37.5528],[14.1355,37.5683],[14.1383,37.5804],[14.1563,37.5837],[14.1603,37.5884],[14.1594,37.6051],[14.164,37.6121],[14.135,37.6167],[14.1479,37.6212],[14.1631,37.6379],[14.1631,37.6577],[14.158,37.6664],[14.1697,37.6734],[14.1771,37.6748],[14.1871,37.6717],[14.2024,37.6788],[14.2119,37.6784],[14.2371,37.6907],[14.2407,37.6954],[14.2493,37.6942],[14.2616,37.6989],[14.2693,37.7074],[14.2724,37.7177],[14.2944,37.7437],[14.2948,37.7474],[14.2906,37.7507],[14.2899,37.7644],[14.2697,37.7753],[14.2702,37.7899],[14.2618,37.792],[14.2693,37.8045],[14.2629,37.8237],[14.2671,37.8327],[14.2799,37.8401],[14.2972,37.8367],[14.3161,37.8403],[14.3267,37.8376],[14.3501,37.8477],[14.3921,37.851],[14.3998,37.8548],[14.4063,37.8664],[14.4186,37.8617],[14.4292,37.8527],[14.4614,37.8433],[14.4648,37.8401],[14.454,37.8169],[14.4768,37.811],[14.4822,37.8128],[14.4914,37.823],[14.5071,37.852],[14.527,37.8618],[14.5338,37.8605],[14.5509,37.8762],[14.5686,37.8788],[14.5722,37.8748]]]]}},{"type":"Feature","properties":{"SIGLA":"CT","DEN_PROV":"Catania","DEN_UTS":"Catania"},"geometry":{"type":"MultiPolygon","coordinates":[[[[15.1655,37.5603],[15.1651,37.5603]]],[[[15.1666,37.5622],[15.1664,37.5623]]],[[[14.9394,37.9516],[14.9557,37.9121],[14.9789,37.907],[14.979,37.8945],[14.9842,37.8915],[15.009,37.8993],[15.0426,37.8937],[15.074,37.9036],[15.0971,37.9027],[15.1109,37.9062],[15.1306,37.894],[15.1535,37.8951],[15.175,37.8756],[15.1858,37.8753],[15.2205,37.8507],[15.2323,37.8302],[15.2445,37.8193],[15.2462,37.8125],[15.2585,37.807],[15.2416,37.7922],[15.2138,37.7565],[15.2053,37.741],[15.2056,37.7337],[15.219,37.7121],[15.1992,37.6767],[15.1962,37.6627],[15.1992,37.6543],[15.1747,37.6328],[15.1724,37.6101],[15.177,37.5759],[15.1663,37.5719],[15.1588,37.56],[15.1488,37.5549],[15.1431,37.5436],[15.1154,37.5304],[15.1175,37.5235],[15.1072,37.5145],[15.0986,37.5012],[15.0998,37.4839],[15.0987,37.5003],[15.0958,37.5014],[15.0864,37.4828],[15.091,37.3586],[15.0334,37.3621],[15.0326,37.3713],[15.026,37.3785],[15.0227,37.3723],[15.0146,37.3692],[14.985,37.3736],[14.9569,37.3859],[14.9414,37.4053],[14.9212,37.4123],[14.8918,37.41],[14.8878,37.4078],[14.8875,37.3978],[14.8778,37.3896],[14.8429,37.3789],[14.839,37.3701],[14.8413,37.3613],[14.8384,37.3578],[14.8085,37.3496],[14.7784,37.3299],[14.7795,37.325],[14.7906,37.3247],[14.804,37.3158],[14.8289,37.319],[14.8425,37.3247],[14.8922,37.311],[14.8797,37.2957],[14.8828,37.2863],[14.8577,37.2773],[14.8475,37.26],[14.809,37.2547],[14.7906,37.2427],[14.773,37.2248],[14.783,37.21],[14.7943,37.2145],[14.8035,37.2139],[14.8208,37.2072],[14.8255,37.196],[14.8488,37.2008],[14.8635,37.2088],[14.8699,37.2067],[14.87,37.1858],[14.835,37.1632],[14.846,37.1457],[14.8435,37.1301],[14.833,37.1242],[14.8248,37.128],[14.8087,37.126],[14.7754,37.1395],[14.7739,37.1319],[14.7871,37.1123],[14.7916,37.1102],[14.7676,37.1006],[14.7651,37.0957],[14.7438,37.101],[14.7274,37.096],[14.725,37.102],[14.7288,37.1168],[14.7107,37.1256],[14.6836,37.1101],[14.6777,37.1011],[14.6603,37.1067],[14.6493,37.1013],[14.6416,37.0858],[14.6204,37.0793],[14.612,37.0914],[14.5799,37.0658],[14.5713,37.0547],[14.5646,37.0518],[14.5469,37.0552],[14.5341,37.0631],[14.534,37.0754],[14.4719,37.0507],[14.4459,37.0548],[14.4441,37.0529],[14.441,37.0568],[14.4436,37.0648],[14.433,37.081],[14.4295,37.0947],[14.4332,37.099],[14.4528,37.098],[14.4566,37.1085],[14.4756,37.1317],[14.474,37.1374],[14.4514,37.1691],[14.4324,37.185],[14.4319,37.1898],[14.4172,37.1784],[14.4038,37.1781],[14.3984,37.1791],[14.3813,37.197],[14.3797,37.2037],[14.3754,37.2063],[14.3834,37.2569],[14.3882,37.2599],[14.3903,37.267],[14.3809,37.2854],[14.3694,37.2792],[14.3528,37.2781],[14.3527,37.3061],[14.3833,37.2964],[14.4004,37.2989],[14.4211,37.2928],[14.4297,37.293],[14.4422,37.3034],[14.4529,37.3024],[14.4558,37.3083],[14.4506,37.3164],[14.4344,37.3248],[14.422,37.3378],[14.4373,37.3395],[14.4463,37.3486],[14.4595,37.3336],[14.4866,37.3136],[14.4975,37.3092],[14.5069,37.31],[14.5194,37.3251],[14.5123,37.3349],[14.4958,37.3423],[14.4912,37.3479],[14.5143,37.3513],[14.5401,37.364],[14.5699,37.3604],[14.5814,37.3642],[14.5911,37.3827],[14.5784,37.3896],[14.5828,37.4037],[14.5874,37.4083],[14.6003,37.4125],[14.6111,37.4113],[14.6215,37.4143],[14.6327,37.4246],[14.6329,37.4296],[14.6243,37.4352],[14.6129,37.434],[14.6085,37.4404],[14.5998,37.4421],[14.588,37.4501],[14.5548,37.4449],[14.5439,37.4493],[14.5262,37.4615],[14.5169,37.478],[14.5227,37.4928],[14.5278,37.4969],[14.4878,37.5086],[14.4893,37.5114],[14.5065,37.5125],[14.5266,37.5184],[14.543,37.5426],[14.5619,37.5407],[14.5613,37.5434],[14.5771,37.5447],[14.5811,37.5499],[14.5945,37.5363],[14.6328,37.5364],[14.6373,37.5431],[14.674,37.558],[14.6896,37.5542],[14.6993,37.5595],[14.6995,37.5495],[14.7074,37.5495],[14.7148,37.5397],[14.7227,37.5394],[14.7332,37.5286],[14.7418,37.5271],[14.7639,37.5044],[14.7686,37.5093],[14.7725,37.5092],[14.7775,37.502],[14.7905,37.5064],[14.794,37.5187],[14.791,37.5272],[14.7991,37.5326],[14.8017,37.5539],[14.791,37.5617],[14.8112,37.5818],[14.8256,37.587],[14.8288,37.5982],[14.8231,37.6195],[14.8259,37.6247],[14.8247,37.6345],[14.8048,37.6462],[14.7973,37.646],[14.7924,37.6528],[14.7924,37.6756],[14.8025,37.6874],[14.7987,37.711],[14.7703,37.6991],[14.752,37.6864],[14.7345,37.6909],[14.7334,37.6871],[14.7242,37.6814],[14.7155,37.7025],[14.7201,37.7206],[14.7177,37.7251],[14.7058,37.7293],[14.7145,37.7375],[14.7282,37.7435],[14.7354,37.7521],[14.7329,37.7584],[14.7164,37.7672],[14.7144,37.776],[14.723,37.7833],[14.7442,37.7896],[14.7383,37.8123],[14.7423,37.8181],[14.7639,37.8221],[14.775,37.8118],[14.7973,37.8033],[14.8009,37.8047],[14.8028,37.8109],[14.7891,37.8525],[14.7778,37.8625],[14.7586,37.8684],[14.7422,37.8474],[14.7384,37.8478],[14.7368,37.8559],[14.7403,37.8765],[14.7381,37.9017],[14.76,37.8998],[14.7645,37.8895],[14.7714,37.8901],[14.7779,37.9057],[14.7565,37.9168],[14.7614,37.923],[14.7648,37.9402],[14.7787,37.9426],[14.7895,37.9517],[14.8025,37.9529],[14.8089,37.9441],[14.8273,37.9349],[14.8393,37.9513],[14.8405,37.959],[14.8467,37.9576],[14.8519,37.9533],[14.8483,37.9421],[14.8549,37.931],[14.8625,37.9287],[14.8778,37.9332],[14.8958,37.9487],[14.9281,37.9607],[14.9315,37.9576],[14.9394,37.9516]]]]}},{"type":"Feature","properties":{"SIGLA":"RG","DEN_PROV":"Ragusa","DEN_UTS":"Ragusa"},"geometry":{"type":"MultiPolygon","coordinates":[[[[14.9322,36.6858],[14.9324,36.6858]]],[[[14.7854,37.1363],[14.801,37.1254],[14.795,37.1136],[14.803,37.1102],[14.8133,37.1131],[14.8167,37.1087],[14.8222,37.0896],[14.8198,37.0807],[14.8431,37.0607],[14.8376,37.0596],[14.8285,37.0679],[14.8249,37.0676],[14.8182,37.0597],[14.8183,37.054],[14.8317,37.0492],[14.8379,37.0551],[14.84,37.0388],[14.8477,37.0366],[14.8561,37.0292],[14.8595,37.0198],[14.8865,36.9898],[14.8883,36.9641],[14.9075,36.9393],[14.9186,36.9355],[14.9205,36.9274],[14.9321,36.9146],[14.9376,36.9033],[14.9346,36.9003],[14.9223,36.9117],[14.9033,36.9221],[14.8607,36.9576],[14.857,36.9666],[14.8606,36.9743],[14.8469,36.9758],[14.837,36.9731],[14.8392,36.9465],[14.8654,36.9439],[14.8968,36.9253],[14.891,36.9205],[14.8775,36.9194],[14.8841,36.8988],[14.8998,36.8896],[14.9135,36.8873],[14.9384,36.8634],[14.9289,36.8501],[14.9216,36.8488],[14.8971,36.8591],[14.8862,36.8682],[14.8701,36.8705],[14.861,36.8569],[14.865,36.8507],[14.8599,36.8315],[14.8538,36.828],[14.8605,36.8178],[14.8665,36.8144],[14.8679,36.8214],[14.8871,36.8248],[14.9023,36.814],[14.9235,36.8138],[14.9424,36.8033],[14.9412,36.7976],[14.9512,36.8012],[14.9581,36.7996],[14.986,36.78],[14.9922,36.7615],[14.9859,36.7514],[14.9958,36.7381],[15.0004,36.7028],[14.991,36.6982],[14.9732,36.6928],[14.9566,36.6941],[14.9103,36.7243],[14.8788,36.731],[14.8489,36.7274],[14.8318,36.7176],[14.8303,36.7104],[14.8255,36.7156],[14.8167,36.7169],[14.7972,36.7068],[14.7831,36.7036],[14.7768,36.7112],[14.7577,36.7104],[14.7562,36.715],[14.7462,36.7202],[14.7272,36.7214],[14.6997,36.7179],[14.6854,36.7251],[14.6694,36.7432],[14.6499,36.7508],[14.6391,36.7611],[14.6282,36.7651],[14.5549,36.7825],[14.5331,36.7803],[14.5142,36.7879],[14.4935,36.7865],[14.467,36.8146],[14.4611,36.8156],[14.4563,36.8401],[14.4425,36.8716],[14.4351,36.8855],[14.425,36.8926],[14.4165,36.9117],[14.3751,36.9652],[14.3379,37.0016],[14.3654,37.005],[14.39,37.0247],[14.4131,37.0296],[14.4459,37.0548],[14.4715,37.0506],[14.532,37.0753],[14.5337,37.0637],[14.5407,37.0589],[14.5469,37.0552],[14.5684,37.0526],[14.5799,37.0658],[14.612,37.0914],[14.6204,37.0793],[14.6416,37.0858],[14.6493,37.1013],[14.6603,37.1067],[14.6777,37.1011],[14.6836,37.1101],[14.7107,37.1256],[14.7288,37.1168],[14.725,37.102],[14.7274,37.096],[14.7438,37.101],[14.7651,37.0957],[14.7676,37.1006],[14.7916,37.1102],[14.7871,37.1123],[14.7739,37.1319],[14.7752,37.1393],[14.778,37.1396],[14.7854,37.1363]]]]}},{"type":"Feature","properties":{"SIGLA":"SR","DEN_PROV":"Siracusa","DEN_UTS":"Siracusa"},"geometry":{"type":"MultiPolygon","coordinates":[[[[15.1519,36.6893],[15.1542,36.6889],[15.1515,36.685],[15.1436,36.6815],[15.1482,36.6891],[15.1519,36.6893]]],[[[15.1194,36.7385],[15.1192,36.7386]]],[[[15.1056,36.79],[15.1035,36.7923],[15.1063,36.7926],[15.1058,36.7904],[15.1056,36.79]]],[[[15.2635,36.9798],[15.2635,36.9799]]],[[[15.2051,37.2362],[15.2046,37.2365]]],[[[14.9251,37.411],[14.9414,37.4053],[14.9569,37.3859],[14.985,37.3736],[15.0146,37.3692],[15.0227,37.3723],[15.026,37.3785],[15.0326,37.3713],[15.0334,37.3621],[15.091,37.3586],[15.0965,37.3256],[15.1045,37.3107],[15.1347,37.3095],[15.1616,37.2893],[15.1716,37.2932],[15.1841,37.2881],[15.1891,37.2818],[15.1948,37.2825],[15.1974,37.2921],[15.2047,37.294],[15.2249,37.2702],[15.2409,37.2604],[15.2451,37.2482],[15.2556,37.2414],[15.2545,37.2358],[15.2472,37.232],[15.2309,37.243],[15.2238,37.2389],[15.2254,37.2162],[15.2335,37.1986],[15.2166,37.2242],[15.218,37.2358],[15.2128,37.2466],[15.2057,37.2447],[15.1975,37.2354],[15.186,37.2364],[15.1949,37.2262],[15.1851,37.2164],[15.1822,37.2075],[15.1877,37.1901],[15.1925,37.1853],[15.1988,37.1844],[15.2012,37.1784],[15.1997,37.165],[15.2063,37.1532],[15.2203,37.15],[15.2269,37.1531],[15.2262,37.1585],[15.2332,37.1592],[15.2441,37.1464],[15.2381,37.1467],[15.2297,37.1526],[15.2245,37.1508],[15.22,37.1424],[15.2231,37.1268],[15.2406,37.115],[15.2592,37.11],[15.2628,37.1062],[15.2822,37.1102],[15.2957,37.1067],[15.3007,37.093],[15.3,37.0794],[15.2903,37.0665],[15.2962,37.0655],[15.2972,37.058],[15.2943,37.0544],[15.2874,37.0637],[15.2772,37.0647],[15.2705,37.0542],[15.2756,37.0394],[15.2816,37.0335],[15.2893,37.0326],[15.2976,37.0412],[15.3033,37.0429],[15.316,37.035],[15.3222,37.0223],[15.3305,37.0165],[15.3366,37.0071],[15.3351,37.0017],[15.3148,37.0037],[15.3028,37.0153],[15.2835,37.0059],[15.2753,37.0072],[15.2646,36.9969],[15.269,36.987],[15.2566,36.9802],[15.2617,36.9743],[15.239,36.9722],[15.2199,36.9624],[15.2141,36.9638],[15.2057,36.9588],[15.2064,36.9535],[15.1962,36.9517],[15.1862,36.9451],[15.1727,36.9245],[15.1591,36.9198],[15.1534,36.9145],[15.141,36.8896],[15.1368,36.8663],[15.1268,36.8656],[15.1124,36.8509],[15.1062,36.8349],[15.1087,36.8193],[15.106,36.8064],[15.099,36.8028],[15.0955,36.7955],[15.0954,36.7763],[15.1044,36.7555],[15.1165,36.7442],[15.1208,36.7322],[15.1232,36.7026],[15.1376,36.6871],[15.1356,36.6722],[15.129,36.6672],[15.1223,36.6743],[15.1133,36.6737],[15.1037,36.6624],[15.0798,36.6477],[15.0709,36.6585],[15.0571,36.6619],[15.0509,36.6794],[15.0428,36.6886],[15.0196,36.7016],[15.0004,36.7028],[14.9958,36.7381],[14.9859,36.7514],[14.9922,36.7615],[14.9852,36.7807],[14.9581,36.7996],[14.9512,36.8012],[14.9412,36.7976],[14.9424,36.8033],[14.9235,36.8138],[14.9023,36.814],[14.8871,36.8248],[14.8679,36.8214],[14.8665,36.8144],[14.8565,36.8235],[14.8538,36.828],[14.8599,36.8315],[14.865,36.8507],[14.8611,36.8558],[14.8619,36.8601],[14.8701,36.8705],[14.8862,36.8682],[14.8971,36.8591],[14.9216,36.8488],[14.9289,36.8501],[14.9384,36.8634],[14.9135,36.8873],[14.8998,36.8896],[14.8841,36.8988],[14.8775,36.9194],[14.891,36.9205],[14.8968,36.9253],[14.8654,36.9439],[14.8392,36.9465],[14.837,36.9731],[14.8469,36.9758],[14.8606,36.9743],[14.857,36.9666],[14.8607,36.9576],[14.9033,36.9221],[14.9223,36.9117],[14.9346,36.9003],[14.9376,36.9033],[14.9321,36.9146],[14.9205,36.9274],[14.9186,36.9355],[14.9075,36.9393],[14.8883,36.9641],[14.8865,36.9898],[14.8595,37.0198],[14.8561,37.0292],[14.8477,37.0366],[14.84,37.0388],[14.8379,37.0551],[14.8317,37.0492],[14.8183,37.054],[14.8182,37.0597],[14.8249,37.0676],[14.8285,37.0679],[14.8376,37.0596],[14.8431,37.0607],[14.8198,37.0807],[14.8222,37.0896],[14.8167,37.1087],[14.8133,37.1131],[14.803,37.1102],[14.7941,37.1155],[14.8012,37.1244],[14.7939,37.132],[14.8087,37.126],[14.8248,37.128],[14.833,37.1242],[14.8435,37.1301],[14.846,37.1457],[14.835,37.1632],[14.87,37.1858],[14.8715,37.2041],[14.8635,37.2088],[14.8488,37.2008],[14.8255,37.196],[14.8208,37.2072],[14.8035,37.2139],[14.7943,37.2145],[14.783,37.21],[14.7734,37.2228],[14.7745,37.2287],[14.809,37.2547],[14.8475,37.26],[14.8577,37.2773],[14.8828,37.2863],[14.8797,37.2957],[14.8922,37.311],[14.8425,37.3247],[14.8289,37.319],[14.804,37.3158],[14.7906,37.3247],[14.7795,37.325],[14.7786,37.3305],[14.8085,37.3496],[14.8384,37.3578],[14.8413,37.3613],[14.839,37.3701],[14.8429,37.3789],[14.8778,37.3896],[14.8875,37.3978],[14.8878,37.4078],[14.9212,37.4123],[14.9251,37.411]]]]}},{"type":"Feature","properties":{"SIGLA":"SS","DEN_PROV":"Sassari","DEN_UTS":"Sassari"},"geometry":{"type":"MultiPolygon","coordinates":[[[[8.3377,40.4993],[8.3374,40.4996]]],[[[8.1531,40.5721],[8.1501,40.569],[8.153,40.5722],[8.1531,40.5721]]],[[[8.3004,40.5717],[8.3005,40.5719]]],[[[8.1425,40.6054],[8.1446,40.6045],[8.1384,40.602],[8.1408,40.6054],[8.1425,40.6054]]],[[[9.7657,40.6841],[9.7667,40.6843]]],[[[9.7174,40.7358],[9.7184,40.7359]]],[[[9.7085,40.8271],[9.7086,40.8288]]],[[[9.7248,40.8465],[9.7245,40.8464]]],[[[9.7239,40.8477],[9.7221,40.845],[9.7235,40.8477],[9.7239,40.8477]]],[[[9.677,40.8638],[9.6774,40.8638]]],[[[9.7082,40.8755],[9.7081,40.8759]]],[[[9.7782,40.8755],[9.7779,40.8731],[9.7781,40.8756],[9.7782,40.8755]]],[[[9.7296,40.8764],[9.7419,40.8697],[9.737,40.86],[9.7322,40.8592],[9.7103,40.8689],[9.7153,40.8759],[9.728,40.8769],[9.7296,40.8764]]],[[[9.6714,40.8788],[9.6734,40.8778],[9.6709,40.8786],[9.6714,40.8788]]],[[[8.2135,40.8796],[8.2148,40.8806]]],[[[9.6409,40.8864],[9.6391,40.8847],[9.6407,40.8865],[9.6409,40.8864]]],[[[9.6511,40.8901],[9.6554,40.8884],[9.6479,40.8869],[9.6504,40.8902],[9.6511,40.8901]]],[[[9.6685,40.8936],[9.6686,40.8936]]],[[[9.6748,40.8965],[9.6752,40.8967]]],[[[9.584,40.9054],[9.5816,40.9047],[9.5839,40.9056],[9.584,40.9054]]],[[[9.5087,40.9182],[9.5084,40.9182]]],[[[8.7107,40.9191],[8.7107,40.9192]]],[[[9.6479,40.9179],[9.648,40.918]]],[[[9.5125,40.9182],[9.5077,40.9166],[9.5113,40.918],[9.5125,40.9182]]],[[[9.5661,40.9201],[9.5671,40.9204]]],[[[9.6382,40.9203],[9.6383,40.9203]]],[[[9.6329,40.9199],[9.6331,40.92]]],[[[9.6415,40.9201],[9.6417,40.9202]]],[[[9.513,40.9219],[9.5106,40.9206],[9.5129,40.9221],[9.513,40.9219]]],[[[9.642,40.9216],[9.6411,40.9214]]],[[[9.6332,40.922],[9.6331,40.9219]]],[[[9.6353,40.9233],[9.6354,40.9234]]],[[[9.7355,40.9242],[9.7357,40.9201],[9.7398,40.9198],[9.7415,40.911],[9.7206,40.9051],[9.6928,40.8878],[9.6856,40.8924],[9.6736,40.8904],[9.7241,40.917],[9.7369,40.9271],[9.7355,40.9242]]],[[[9.5273,40.9304],[9.5277,40.9312]]],[[[8.1743,40.9397],[8.174,40.9399]]],[[[9.5892,40.9582],[9.5898,40.9587]]],[[[8.2251,40.9666],[8.2253,40.9666]]],[[[8.2074,40.9712],[8.2071,40.9714]]],[[[8.2132,40.972],[8.2124,40.9723]]],[[[9.6438,40.9828],[9.6465,40.9798],[9.6429,40.9778],[9.6399,40.9825],[9.6431,40.9829],[9.6438,40.9828]]],[[[8.2154,40.9824],[8.2244,40.9779],[8.2248,40.97],[8.2139,40.9695],[8.2119,40.9794],[8.2142,40.9826],[8.2154,40.9824]]],[[[8.2146,40.9857],[8.2128,40.9857]]],[[[8.2117,40.9854],[8.212,40.9857]]],[[[8.864,41.0156],[8.8621,41.0127],[8.8639,41.0158],[8.864,41.0156]]],[[[8.253,41.0295],[8.252,41.0271],[8.2529,41.0296],[8.253,41.0295]]],[[[9.5296,41.042],[9.5286,41.0423]]],[[[9.5821,41.0693],[9.5849,41.0682],[9.581,41.069],[9.5821,41.0693]]],[[[9.577,41.0687],[9.5796,41.0631],[9.5707,41.0618],[9.5692,41.0643],[9.5745,41.0675],[9.577,41.0687]]],[[[9.5866,41.0708],[9.5885,41.0695],[9.5846,41.0694],[9.5858,41.0711],[9.5866,41.0708]]],[[[9.5873,41.0743],[9.5874,41.0744]]],[[[9.6014,41.0789],[9.6017,41.079]]],[[[9.6097,41.0822],[9.6072,41.0716],[9.5973,41.075],[9.6096,41.0824],[9.6097,41.0822]]],[[[9.5792,41.092],[9.5795,41.092]]],[[[9.581,41.0935],[9.5812,41.0937]]],[[[9.5698,41.1176],[9.5688,41.1157],[9.5697,41.1178],[9.5698,41.1176]]],[[[9.5711,41.1182],[9.5712,41.1185]]],[[[8.3186,41.1207],[8.326,41.1137],[8.3269,41.1083],[8.3228,41.1059],[8.3427,41.0977],[8.3479,41.0897],[8.3353,41.0794],[8.3402,41.0676],[8.339,41.0608],[8.3323,41.055],[8.3257,41.0539],[8.281,41.0654],[8.2749,41.0563],[8.2587,41.0513],[8.2655,41.0463],[8.2349,41.0241],[8.2477,41.027],[8.2513,41.0127],[8.2564,41.0112],[8.2638,41.0009],[8.2582,40.9886],[8.2551,40.9853],[8.2103,40.9878],[8.2108,40.9929],[8.2177,40.993],[8.2114,41.0037],[8.2303,41.0232],[8.2195,41.0285],[8.2235,41.0343],[8.2205,41.041],[8.2451,41.0472],[8.2508,41.0506],[8.2652,41.0715],[8.2738,41.0762],[8.2842,41.0752],[8.2814,41.0878],[8.2729,41.0967],[8.2752,41.1043],[8.3048,41.1063],[8.3105,41.1087],[8.3114,41.1144],[8.3183,41.1208],[8.3186,41.1207]]],[[[9.5662,41.1231],[9.5648,41.1235]]],[[[9.5709,41.1281],[9.571,41.126],[9.5701,41.1281],[9.5709,41.1281]]],[[[9.5689,41.128],[9.5639,41.1245],[9.5685,41.1285],[9.5689,41.128]]],[[[9.5678,41.1322],[9.5665,41.1302],[9.5676,41.1324],[9.5678,41.1322]]],[[[9.5014,41.1539],[9.504,41.1533],[9.5012,41.1539],[9.5014,41.1539]]],[[[9.1193,41.1582],[9.1193,41.1581]]],[[[9.1193,41.1582],[9.1192,41.1584]]],[[[9.5183,41.1643],[9.5182,41.1643]]],[[[9.5256,41.166],[9.5276,41.1625],[9.5224,41.1619],[9.5166,41.1663],[9.5185,41.1671],[9.5256,41.166]]],[[[9.4595,41.1739],[9.4596,41.1739]]],[[[9.4618,41.1753],[9.4598,41.1729],[9.4618,41.1753],[9.4618,41.1753]]],[[[9.4882,41.1844],[9.4882,41.1846]]],[[[9.4862,41.1836],[9.4867,41.1806],[9.4849,41.1848],[9.4862,41.1836]]],[[[9.3339,41.1911],[9.3315,41.1901],[9.3334,41.1913],[9.3339,41.1911]]],[[[9.3971,41.1971],[9.3964,41.1973]]],[[[9.4428,41.202],[9.4425,41.2025]]],[[[9.3178,41.203],[9.3175,41.2032]]],[[[9.4192,41.2076],[9.4222,41.1935],[9.4188,41.1885],[9.4111,41.1871],[9.3968,41.1905],[9.3982,41.1979],[9.4154,41.2078],[9.4192,41.2076]]],[[[9.4468,41.2086],[9.4459,41.2083]]],[[[9.4178,41.2151],[9.4172,41.2101],[9.4174,41.215],[9.4178,41.2151]]],[[[9.5187,41.2168],[9.5186,41.2168]]],[[[9.5179,41.2173],[9.5178,41.2174]]],[[[9.5184,41.2193],[9.5183,41.2191]]],[[[9.5192,41.2196],[9.5192,41.2196]]],[[[9.4494,41.2224],[9.4473,41.2229]]],[[[9.4556,41.2264],[9.4554,41.2264]]],[[[9.3381,41.2282],[9.3382,41.229]]],[[[9.4555,41.2282],[9.4556,41.2283]]],[[[9.2797,41.2333],[9.2791,41.2332]]],[[[9.3577,41.2454],[9.3575,41.2455]]],[[[9.4711,41.2452],[9.4734,41.2408],[9.482,41.2366],[9.4814,41.2252],[9.4855,41.2173],[9.4797,41.2161],[9.4781,41.1993],[9.4652,41.1897],[9.465,41.1832],[9.4716,41.1865],[9.4799,41.1872],[9.4814,41.1849],[9.4802,41.1812],[9.4707,41.177],[9.47,41.1688],[9.4694,41.1768],[9.4555,41.1863],[9.4535,41.1922],[9.4475,41.1909],[9.4416,41.1814],[9.4365,41.1812],[9.4357,41.1874],[9.4407,41.1957],[9.448,41.2005],[9.4564,41.2],[9.4549,41.2045],[9.4493,41.2065],[9.447,41.2155],[9.4586,41.2281],[9.4607,41.2426],[9.4691,41.2453],[9.4711,41.2452]]],[[[9.3568,41.2467],[9.3566,41.2466]]],[[[9.398,41.2501],[9.3979,41.2503]]],[[[9.1837,41.2523],[9.1848,41.2488],[9.1834,41.2521],[9.1837,41.2523]]],[[[9.3244,41.2523],[9.3253,41.2492],[9.3222,41.2486],[9.3235,41.252],[9.3244,41.2523]]],[[[9.3405,41.253],[9.35,41.252],[9.3599,41.2416],[9.3581,41.2364],[9.3477,41.2295],[9.3407,41.2294],[9.3331,41.2356],[9.3336,41.2483],[9.3402,41.2533],[9.3405,41.253]]],[[[9.4005,41.2535],[9.398,41.2531],[9.4003,41.2539],[9.4005,41.2535]]],[[[9.2391,41.2543],[9.2367,41.2526],[9.2391,41.2544],[9.2391,41.2543]]],[[[9.2396,41.2562],[9.2397,41.2563]]],[[[9.2412,41.2572],[9.2412,41.2572]]],[[[9.2294,41.2589],[9.2353,41.2582],[9.237,41.246],[9.2611,41.2409],[9.28,41.2281],[9.2816,41.2179],[9.271,41.1998],[9.2722,41.1944],[9.2799,41.1938],[9.2807,41.206],[9.2879,41.2194],[9.2997,41.203],[9.2892,41.1977],[9.2905,41.193],[9.3019,41.1906],[9.3161,41.1922],[9.3185,41.1952],[9.3161,41.2002],[9.3203,41.2031],[9.3224,41.1984],[9.3193,41.1956],[9.3329,41.1854],[9.3415,41.1922],[9.3308,41.1945],[9.3418,41.2059],[9.3502,41.2076],[9.3542,41.2026],[9.3633,41.2076],[9.3702,41.1832],[9.3809,41.1877],[9.3855,41.1807],[9.4062,41.1762],[9.4233,41.1772],[9.4223,41.1663],[9.4054,41.1579],[9.4296,41.155],[9.4321,41.1409],[9.4357,41.1368],[9.4435,41.1352],[9.44,41.1276],[9.441,41.1046],[9.4501,41.1044],[9.4617,41.1212],[9.4705,41.1282],[9.4719,41.1319],[9.4638,41.1368],[9.4667,41.143],[9.5189,41.1426],[9.512,41.1515],[9.5158,41.156],[9.5217,41.1567],[9.5308,41.1524],[9.5289,41.1481],[9.5372,41.1398],[9.5264,41.136],[9.5266,41.1337],[9.539,41.1367],[9.5458,41.1337],[9.539,41.1213],[9.5404,41.1144],[9.5472,41.1126],[9.5572,41.1196],[9.5669,41.1158],[9.5688,41.1098],[9.5616,41.0841],[9.5492,41.0788],[9.5418,41.0835],[9.5446,41.0882],[9.5427,41.0898],[9.5352,41.0825],[9.5289,41.0687],[9.5339,41.065],[9.5412,41.065],[9.5243,41.0536],[9.5226,41.0314],[9.5139,41.0177],[9.5074,41.015],[9.5049,41.0084],[9.5211,41.0098],[9.5297,41.0179],[9.5259,41.0218],[9.5273,41.0271],[9.5504,41.0312],[9.5551,41.0365],[9.5611,41.0377],[9.5629,41.0345],[9.5588,41.0213],[9.5509,41.0069],[9.5555,41.0038],[9.5696,41.0079],[9.5769,41.0029],[9.5801,41.0139],[9.5864,41.0109],[9.5942,41.0217],[9.6086,41.0175],[9.6227,41.005],[9.6309,41.0021],[9.6554,41.0043],[9.664,40.9979],[9.6644,40.9944],[9.6537,40.9865],[9.6467,40.9854],[9.6234,40.9941],[9.6212,41.0004],[9.6112,41.0032],[9.5978,40.9909],[9.5848,40.9864],[9.5836,40.9758],[9.5939,40.9679],[9.5873,40.9603],[9.582,40.9596],[9.5762,40.9473],[9.5683,40.9428],[9.5678,40.9365],[9.5749,40.9331],[9.575,40.9282],[9.5629,40.924],[9.5571,40.927],[9.5391,40.9259],[9.5344,40.9331],[9.5271,40.9334],[9.5076,40.9273],[9.5237,40.9248],[9.5243,40.9223],[9.5084,40.9239],[9.5015,40.918],[9.5069,40.9114],[9.5617,40.9207],[9.5724,40.9111],[9.5751,40.9047],[9.5887,40.8996],[9.6011,40.9071],[9.6124,40.9193],[9.6218,40.9219],[9.6302,40.9178],[9.6441,40.92],[9.6413,40.9136],[9.6195,40.8961],[9.6177,40.8894],[9.6344,40.8844],[9.6407,40.8736],[9.648,40.877],[9.6456,40.8791],[9.6478,40.8808],[9.6542,40.8796],[9.6578,40.8757],[9.6524,40.8609],[9.6575,40.8565],[9.6677,40.8531],[9.676,40.8614],[9.6813,40.8611],[9.6869,40.8579],[9.6927,40.8482],[9.7042,40.8426],[9.7272,40.8433],[9.7251,40.8382],[9.7086,40.8316],[9.6953,40.8367],[9.6864,40.8358],[9.6822,40.8213],[9.6918,40.8112],[9.6881,40.8064],[9.6809,40.809],[9.6752,40.8063],[9.6708,40.7986],[9.6704,40.7882],[9.6867,40.7665],[9.7177,40.7505],[9.7121,40.7396],[9.7153,40.7299],[9.7154,40.7099],[9.7227,40.7003],[9.7379,40.6945],[9.746,40.6872],[9.7504,40.6778],[9.7492,40.658],[9.7399,40.6619],[9.7324,40.6721],[9.7002,40.6798],[9.6918,40.6791],[9.6748,40.6649],[9.6531,40.6911],[9.6237,40.6991],[9.6032,40.6969],[9.5831,40.7061],[9.5624,40.6791],[9.5105,40.6501],[9.5058,40.6532],[9.4872,40.645],[9.4596,40.6544],[9.4206,40.6586],[9.4175,40.6541],[9.4166,40.6396],[9.4115,40.6332],[9.3974,40.6237],[9.395,40.6183],[9.3787,40.6153],[9.3791,40.6108],[9.3913,40.6007],[9.3936,40.5949],[9.3741,40.5779],[9.371,40.5706],[9.3502,40.5643],[9.3355,40.5523],[9.313,40.5468],[9.2908,40.5307],[9.2818,40.5277],[9.241,40.5382],[9.2158,40.54],[9.1887,40.5366],[9.1913,40.5219],[9.1821,40.5087],[9.2229,40.5026],[9.2466,40.5047],[9.2547,40.5122],[9.2725,40.511],[9.2775,40.5076],[9.2782,40.496],[9.2845,40.4817],[9.2831,40.4777],[9.2776,40.4715],[9.2512,40.4664],[9.2272,40.4281],[9.2233,40.411],[9.205,40.404],[9.1871,40.3886],[9.1794,40.3714],[9.1669,40.3713],[9.1154,40.3565],[9.077,40.3386],[9.0615,40.3368],[9.0423,40.3266],[9.0429,40.3136],[9.0255,40.2978],[9.0059,40.3154],[8.9869,40.3272],[8.9813,40.3376],[8.9667,40.3478],[8.9484,40.3685],[8.9118,40.3814],[8.9003,40.3889],[8.8971,40.3944],[8.9005,40.4012],[8.898,40.4058],[8.8743,40.3919],[8.8649,40.3897],[8.8552,40.3931],[8.8567,40.4026],[8.8537,40.4077],[8.846,40.407],[8.8274,40.4127],[8.8193,40.4085],[8.8159,40.4023],[8.8162,40.3767],[8.8126,40.3647],[8.7875,40.3576],[8.7822,40.3498],[8.7782,40.3488],[8.7632,40.3527],[8.7548,40.3493],[8.7476,40.3548],[8.7373,40.3533],[8.7278,40.3433],[8.7106,40.3415],[8.7069,40.3326],[8.6961,40.3309],[8.6878,40.3258],[8.6763,40.3124],[8.6587,40.3104],[8.6499,40.2996],[8.6427,40.297],[8.6362,40.311],[8.6259,40.3141],[8.6193,40.3227],[8.6111,40.3272],[8.5918,40.3342],[8.5865,40.354],[8.5697,40.3611],[8.5622,40.3814],[8.5503,40.3876],[8.5536,40.3915],[8.5505,40.3962],[8.5381,40.4024],[8.5256,40.4018],[8.5245,40.4085],[8.5141,40.4217],[8.4944,40.4256],[8.488,40.4207],[8.4828,40.4106],[8.4589,40.4072],[8.4536,40.4001],[8.4437,40.3956],[8.4348,40.3978],[8.4225,40.3937],[8.4112,40.3979],[8.3998,40.4076],[8.3978,40.4304],[8.3861,40.4534],[8.3737,40.4909],[8.3679,40.4964],[8.346,40.5013],[8.3378,40.5001],[8.3388,40.5072],[8.3319,40.522],[8.318,40.5511],[8.3094,40.5607],[8.3147,40.5605],[8.3134,40.5653],[8.3169,40.5653],[8.3176,40.5707],[8.2998,40.5907],[8.2869,40.5946],[8.2871,40.5922],[8.2688,40.5902],[8.261,40.5839],[8.2503,40.5839],[8.2456,40.5809],[8.2438,40.5699],[8.2093,40.5715],[8.2033,40.569],[8.1988,40.5711],[8.1977,40.5759],[8.2105,40.593],[8.2176,40.5949],[8.2194,40.6018],[8.2095,40.6148],[8.1941,40.6182],[8.1894,40.6158],[8.1889,40.6066],[8.1731,40.5942],[8.1715,40.5816],[8.1666,40.5843],[8.163,40.581],[8.165,40.5624],[8.1609,40.5611],[8.1498,40.5855],[8.1436,40.6237],[8.148,40.6267],[8.1598,40.6272],[8.1624,40.631],[8.1865,40.6391],[8.1922,40.6628],[8.1992,40.6781],[8.2046,40.6801],[8.2049,40.6849],[8.2006,40.6894],[8.1748,40.6947],[8.1752,40.7017],[8.1711,40.7073],[8.1541,40.7171],[8.1446,40.7272],[8.1331,40.7312],[8.1541,40.7491],[8.166,40.7672],[8.1666,40.7809],[8.1606,40.7909],[8.1844,40.8121],[8.1848,40.8171],[8.1953,40.8279],[8.1951,40.8349],[8.2186,40.8695],[8.2218,40.892],[8.2127,40.9031],[8.1917,40.9139],[8.1891,40.9176],[8.1912,40.921],[8.1759,40.9352],[8.2024,40.9719],[8.2129,40.961],[8.2364,40.9493],[8.2333,40.9397],[8.2276,40.9386],[8.2355,40.9174],[8.2323,40.9119],[8.2386,40.903],[8.2823,40.8635],[8.3137,40.8449],[8.3431,40.8415],[8.3484,40.8433],[8.3501,40.8504],[8.3625,40.8529],[8.3847,40.8512],[8.3522,40.8505],[8.3481,40.8406],[8.3722,40.8377],[8.3906,40.8383],[8.3931,40.8408],[8.4175,40.8399],[8.4468,40.8227],[8.4636,40.8191],[8.5244,40.8238],[8.5634,40.8322],[8.6077,40.8512],[8.626,40.8666],[8.6343,40.8823],[8.6509,40.8921],[8.683,40.9029],[8.6998,40.9148],[8.7111,40.9184],[8.7172,40.9135],[8.726,40.9127],[8.7399,40.9181],[8.7714,40.9165],[8.7915,40.9231],[8.8352,40.9561],[8.8645,40.9855],[8.8727,40.9953],[8.8764,41.0085],[8.8691,41.0141],[8.8777,41.0177],[8.8844,41.0148],[8.8882,41.0171],[8.8822,41.0282],[8.8923,41.0272],[8.9038,41.0356],[8.9161,41.0356],[8.9212,41.0375],[8.9238,41.0426],[8.9294,41.0434],[8.9815,41.0866],[8.9818,41.0925],[9.0119,41.1238],[9.0463,41.1381],[9.0518,41.1369],[9.0605,41.1275],[9.1077,41.1339],[9.1229,41.147],[9.1189,41.1515],[9.1202,41.155],[9.1491,41.1552],[9.1677,41.1681],[9.1711,41.177],[9.1541,41.1972],[9.1657,41.2184],[9.1671,41.229],[9.16,41.2358],[9.1477,41.2312],[9.1436,41.2324],[9.1384,41.2386],[9.1439,41.2467],[9.1654,41.2364],[9.1738,41.2453],[9.181,41.248],[9.1945,41.2459],[9.1936,41.2357],[9.2048,41.2493],[9.2256,41.2591],[9.2294,41.2589]]],[[[9.4211,41.2683],[9.4308,41.2604],[9.4313,41.2515],[9.4356,41.2468],[9.4371,41.2408],[9.4305,41.2301],[9.4327,41.2258],[9.4389,41.2354],[9.4461,41.2338],[9.4445,41.2298],[9.4361,41.229],[9.4396,41.2159],[9.4153,41.2162],[9.399,41.2103],[9.3829,41.2102],[9.3742,41.2258],[9.3774,41.234],[9.3899,41.2358],[9.4005,41.2429],[9.4003,41.2583],[9.4133,41.2507],[9.416,41.2568],[9.4147,41.2682],[9.4174,41.2693],[9.4211,41.2683]]],[[[9.4034,41.2765],[9.4032,41.2763]]],[[[9.3638,41.2836],[9.3637,41.2837]]],[[[9.3648,41.2832],[9.3648,41.2833]]],[[[9.3657,41.2854],[9.3658,41.2855]]],[[[9.4022,41.2865],[9.4006,41.2805],[9.4021,41.2866],[9.4022,41.2865]]],[[[9.3372,41.2861],[9.3373,41.2863]]],[[[9.3667,41.2872],[9.3666,41.2873]]],[[[9.4006,41.2874],[9.4005,41.2874]]],[[[9.3994,41.2871],[9.3995,41.2871]]],[[[9.3622,41.288],[9.3621,41.288]]],[[[9.3542,41.289],[9.3583,41.2855],[9.3579,41.2792],[9.3492,41.2759],[9.3351,41.283],[9.3454,41.2879],[9.3542,41.289]]],[[[9.3341,41.2949],[9.334,41.2949]]],[[[9.3383,41.2948],[9.3383,41.295]]],[[[9.3361,41.2945],[9.3358,41.2952]]],[[[9.3352,41.2952],[9.3348,41.2952]]],[[[9.3326,41.295],[9.3327,41.2951]]],[[[9.4059,41.296],[9.4067,41.2938],[9.4041,41.2941],[9.4051,41.2965],[9.4059,41.296]]],[[[9.3993,41.2987],[9.4012,41.2927],[9.3963,41.2949],[9.3991,41.2985],[9.3993,41.2987]]],[[[9.4011,41.302],[9.4008,41.3021]]],[[[9.3796,41.3082],[9.3844,41.298],[9.365,41.2892],[9.3614,41.2928],[9.3628,41.2975],[9.3794,41.3082],[9.3796,41.3082]]],[[[9.3418,41.3085],[9.3536,41.3028],[9.3595,41.2945],[9.3543,41.293],[9.3337,41.3017],[9.335,41.3064],[9.3417,41.3088],[9.3418,41.3085]]],[[[9.3697,41.3093],[9.369,41.3098]]],[[[9.3763,41.3127],[9.3804,41.3084],[9.3702,41.3091],[9.3761,41.3128],[9.3763,41.3127]]],[[[9.3697,41.3131],[9.3696,41.3132]]]]}},{"type":"Feature","properties":{"SIGLA":"NU","DEN_PROV":"Nuoro","DEN_UTS":"Nuoro"},"geometry":{"type":"MultiPolygon","coordinates":[[[[9.7029,39.9752],[9.7064,39.9736],[9.7025,39.9752],[9.7029,39.9752]]],[[[9.7075,39.9758],[9.7075,39.9758]]],[[[9.7079,39.9762],[9.7086,39.9765]]],[[[9.8215,40.5401],[9.8163,40.5381],[9.8214,40.5404],[9.8215,40.5401]]],[[[9.6032,40.6969],[9.6237,40.6991],[9.6531,40.6911],[9.6748,40.6649],[9.6918,40.6791],[9.6986,40.6797],[9.7365,40.6692],[9.7399,40.6619],[9.7492,40.658],[9.7436,40.6479],[9.7422,40.6313],[9.7441,40.624],[9.7528,40.6141],[9.7507,40.6046],[9.7546,40.5964],[9.768,40.5839],[9.7816,40.5805],[9.7908,40.5698],[9.7944,40.5548],[9.7919,40.5506],[9.7958,40.5447],[9.8284,40.5284],[9.8254,40.5098],[9.8168,40.4878],[9.7926,40.4431],[9.7821,40.437],[9.774,40.4268],[9.7732,40.4075],[9.7618,40.3889],[9.7541,40.3811],[9.7427,40.3814],[9.7309,40.3757],[9.6823,40.337],[9.6364,40.2828],[9.6239,40.2523],[9.6234,40.2401],[9.6279,40.2248],[9.6261,40.2072],[9.6297,40.1905],[9.6344,40.1794],[9.6464,40.1683],[9.6566,40.1423],[9.6889,40.1085],[9.7282,40.0911],[9.733,40.0871],[9.7357,40.0775],[9.7215,40.052],[9.7061,40.0343],[9.6992,40.0022],[9.6894,39.9877],[9.6876,39.9791],[9.6851,39.9604],[9.6869,39.9483],[9.6997,39.9359],[9.7057,39.9367],[9.706,39.9416],[9.7114,39.9393],[9.7159,39.9298],[9.713,39.9219],[9.7094,39.9235],[9.6914,39.9173],[9.6821,39.9005],[9.6825,39.8702],[9.6967,39.8534],[9.6841,39.8398],[9.6701,39.7857],[9.6692,39.7688],[9.6746,39.7511],[9.6767,39.7117],[9.6595,39.6965],[9.663,39.6843],[9.6614,39.6782],[9.657,39.6671],[9.651,39.6636],[9.6472,39.6517],[9.6578,39.5985],[9.6576,39.5802],[9.6514,39.5492],[9.5934,39.574],[9.5534,39.5738],[9.5456,39.5796],[9.5464,39.5829],[9.5238,39.5894],[9.52,39.6029],[9.5107,39.6101],[9.5075,39.6226],[9.4859,39.617],[9.4721,39.6339],[9.4576,39.6414],[9.4409,39.6413],[9.4301,39.6255],[9.4186,39.6228],[9.4055,39.6403],[9.397,39.6603],[9.4039,39.6928],[9.3934,39.7107],[9.3869,39.7132],[9.3856,39.7237],[9.4001,39.7343],[9.4019,39.7412],[9.3986,39.7455],[9.4089,39.7504],[9.4095,39.7545],[9.3945,39.7768],[9.3847,39.7784],[9.3632,39.8017],[9.3616,39.8117],[9.3773,39.8221],[9.3785,39.8309],[9.3706,39.8322],[9.3704,39.841],[9.3986,39.843],[9.4052,39.8488],[9.406,39.8657],[9.4175,39.8832],[9.4121,39.8929],[9.3855,39.9161],[9.3767,39.9155],[9.3676,39.905],[9.3543,39.9039],[9.3492,39.9108],[9.3449,39.9116],[9.3247,39.9096],[9.2909,39.9161],[9.2598,39.9156],[9.2564,39.9188],[9.2452,39.9178],[9.2307,39.9083],[9.2237,39.9084],[9.2124,39.9145],[9.1895,39.8901],[9.1945,39.8683],[9.1873,39.8657],[9.1852,39.8497],[9.1976,39.8446],[9.2002,39.8266],[9.1982,39.8259],[9.1784,39.8277],[9.1656,39.8326],[9.1722,39.8504],[9.1601,39.8559],[9.1262,39.8907],[9.1092,39.8821],[9.1072,39.8786],[9.1096,39.8713],[9.1054,39.8687],[9.0882,39.8846],[9.0462,39.9044],[9.0377,39.9124],[8.9846,39.9186],[8.9918,39.9352],[8.9944,39.9566],[9.0172,39.9824],[9.012,39.9901],[9.0067,39.9923],[8.9891,39.9875],[8.9572,39.9926],[8.9469,40.0067],[8.9465,40.0211],[8.972,40.0474],[8.9882,40.0572],[9.0053,40.055],[9.0135,40.0457],[9.0266,40.0377],[9.044,40.0584],[9.0363,40.0643],[9.0353,40.0958],[9.018,40.1191],[9.0161,40.1261],[9.0032,40.1338],[9.0186,40.1461],[9.0166,40.1645],[8.9999,40.1773],[9.0005,40.1837],[9.0162,40.1938],[9.0119,40.1993],[8.9917,40.2085],[8.9912,40.2143],[8.9825,40.2183],[8.9572,40.2121],[8.9102,40.2081],[8.8551,40.2106],[8.7993,40.1932],[8.7786,40.1917],[8.7653,40.1967],[8.7458,40.1827],[8.7428,40.1854],[8.7453,40.1934],[8.7429,40.201],[8.7186,40.2052],[8.7096,40.2142],[8.6899,40.2104],[8.682,40.2031],[8.6727,40.2044],[8.6676,40.2287],[8.6673,40.2497],[8.6323,40.2621],[8.6185,40.2726],[8.6214,40.2832],[8.614,40.2911],[8.6178,40.3029],[8.6114,40.3086],[8.6152,40.3174],[8.6202,40.319],[8.6362,40.311],[8.6404,40.3049],[8.6397,40.2996],[8.6439,40.297],[8.6499,40.2996],[8.6587,40.3104],[8.6763,40.3124],[8.6878,40.3258],[8.6961,40.3309],[8.7069,40.3326],[8.7106,40.3415],[8.7278,40.3433],[8.7373,40.3533],[8.7476,40.3548],[8.7548,40.3493],[8.7632,40.3527],[8.7822,40.3498],[8.7875,40.3576],[8.8132,40.3652],[8.8162,40.3767],[8.8159,40.4023],[8.8193,40.4085],[8.8274,40.4127],[8.846,40.407],[8.8537,40.4077],[8.8567,40.4026],[8.8552,40.3931],[8.8649,40.3897],[8.8743,40.3919],[8.898,40.4058],[8.9005,40.4012],[8.8971,40.3944],[8.9003,40.3889],[8.9118,40.3814],[8.9484,40.3685],[8.9667,40.3478],[8.9813,40.3376],[8.9869,40.3272],[9.0059,40.3154],[9.0255,40.2978],[9.0429,40.3136],[9.0423,40.3266],[9.0615,40.3368],[9.077,40.3386],[9.1154,40.3565],[9.1669,40.3713],[9.1794,40.3714],[9.1871,40.3886],[9.205,40.404],[9.2233,40.411],[9.2272,40.4281],[9.2512,40.4664],[9.2776,40.4715],[9.2831,40.4777],[9.2845,40.4817],[9.2782,40.496],[9.2775,40.5076],[9.2725,40.511],[9.2547,40.5122],[9.2466,40.5047],[9.2229,40.5026],[9.1821,40.5087],[9.1913,40.5219],[9.1887,40.5366],[9.2158,40.54],[9.241,40.5382],[9.2818,40.5277],[9.2908,40.5307],[9.313,40.5468],[9.3355,40.5523],[9.3502,40.5643],[9.3722,40.5714],[9.3741,40.5779],[9.3936,40.5949],[9.3913,40.6007],[9.3791,40.6108],[9.3787,40.6153],[9.395,40.6183],[9.3974,40.6237],[9.4115,40.6332],[9.4166,40.6396],[9.4175,40.6541],[9.4206,40.6586],[9.4596,40.6544],[9.4902,40.645],[9.4921,40.6485],[9.5058,40.6532],[9.5105,40.6501],[9.552,40.6718],[9.5634,40.6801],[9.5831,40.7061],[9.6008,40.698],[9.6032,40.6969]]]]}},{"type":"Feature","properties":{"SIGLA":"CA","DEN_PROV":"Cagliari","DEN_UTS":"Cagliari"},"geometry":{"type":"MultiPolygon","coordinates":[[[[9.0244,38.9847],[9.0221,38.9849],[9.0242,38.9848],[9.0244,38.9847]]],[[[9.0317,39.0025],[9.0327,39.0045],[9.0319,39.0025],[9.0317,39.0025]]],[[[9.3701,39.4043],[9.3699,39.3954],[9.3313,39.3501],[9.3672,39.3147],[9.3755,39.3123],[9.3987,39.3181],[9.4089,39.3167],[9.414,39.3098],[9.443,39.2943],[9.4456,39.2685],[9.4864,39.2071],[9.4768,39.1858],[9.4736,39.1598],[9.4587,39.1449],[9.4498,39.1414],[9.439,39.122],[9.434,39.1255],[9.4339,39.1301],[9.4172,39.1361],[9.4085,39.1432],[9.4031,39.1439],[9.4015,39.1412],[9.3924,39.1445],[9.3906,39.1576],[9.3711,39.1738],[9.3511,39.178],[9.3428,39.1851],[9.3387,39.1934],[9.3283,39.1973],[9.3208,39.2044],[9.3047,39.205],[9.2974,39.213],[9.2467,39.2168],[9.2309,39.2278],[9.2092,39.2267],[9.1852,39.2182],[9.1653,39.2042],[9.1598,39.194],[9.1695,39.1887],[9.1587,39.1813],[9.1399,39.189],[9.1255,39.1999],[9.1238,39.2057],[9.1109,39.2136],[9.0984,39.211],[9.0951,39.2139],[9.091,39.2113],[9.0933,39.208],[9.0679,39.1976],[9.0393,39.1734],[9.0205,39.1508],[9.0089,39.1231],[9.013,39.1136],[9.0166,39.0866],[9.0244,39.0824],[9.0374,39.088],[9.0489,39.0888],[9.0539,39.0852],[9.0523,39.0833],[9.0485,39.0871],[9.0382,39.0864],[9.0252,39.0811],[9.028,39.074],[9.0457,39.056],[9.0391,39.0404],[9.0247,39.0206],[9.027,39.0008],[9.0176,38.9962],[9.0137,38.9857],[9.0004,38.9862],[8.9941,38.9757],[8.9403,38.9359],[8.9221,38.9261],[8.9109,38.9155],[8.9059,38.9185],[8.9037,38.9242],[8.9111,38.941],[8.9104,38.9561],[8.8868,38.9774],[8.8319,39.0474],[8.853,39.0853],[8.8447,39.103],[8.8222,39.1186],[8.8202,39.1301],[8.8263,39.1487],[8.8345,39.1488],[8.8424,39.1688],[8.8503,39.1734],[8.8547,39.1805],[8.8538,39.2094],[8.8606,39.2308],[8.8517,39.2353],[8.8519,39.2468],[8.8583,39.2677],[8.8658,39.2785],[8.8953,39.2891],[8.907,39.2891],[8.9423,39.304],[8.9423,39.3278],[8.9607,39.3418],[8.9724,39.3445],[9.0112,39.3277],[9.0554,39.3379],[9.0806,39.3532],[9.0949,39.3516],[9.1188,39.3369],[9.1337,39.3329],[9.1497,39.3417],[9.151,39.3355],[9.1598,39.3309],[9.178,39.3333],[9.1901,39.3298],[9.2119,39.3346],[9.2215,39.3426],[9.2446,39.3516],[9.2496,39.3611],[9.2609,39.3684],[9.2708,39.3872],[9.274,39.4088],[9.281,39.4132],[9.2985,39.411],[9.3685,39.4234],[9.3692,39.416],[9.3701,39.4043]]]]}},{"type":"Feature","properties":{"SIGLA":"PN","DEN_PROV":"Pordenone","DEN_UTS":"Pordenone"},"geometry":{"type":"Polygon","coordinates":[[[12.5082,46.403],[12.5195,46.3981],[12.5259,46.3733],[12.5364,46.3627],[12.5439,46.3606],[12.5623,46.3676],[12.5873,46.3662],[12.6048,46.3557],[12.5969,46.3484],[12.61,46.3435],[12.6262,46.3478],[12.637,46.3394],[12.6455,46.3369],[12.6545,46.3386],[12.6609,46.3458],[12.6801,46.3469],[12.6929,46.3412],[12.708,46.3253],[12.7198,46.3287],[12.7306,46.3367],[12.778,46.3459],[12.7815,46.3558],[12.8116,46.3591],[12.8217,46.3567],[12.8338,46.3459],[12.88,46.342],[12.8762,46.3324],[12.8815,46.3308],[12.9064,46.3348],[12.9151,46.3468],[12.9359,46.334],[12.9612,46.337],[12.9736,46.3258],[12.9751,46.3166],[12.9541,46.2999],[12.9651,46.2852],[12.9906,46.2732],[12.9764,46.267],[12.9725,46.2501],[12.9732,46.2335],[12.959,46.2266],[12.9535,46.2156],[12.9484,46.2166],[12.9386,46.2121],[12.9465,46.2058],[12.957,46.2036],[12.9652,46.1949],[12.9569,46.1864],[12.9474,46.1509],[12.9337,46.1252],[12.9271,46.0936],[12.9169,46.0741],[12.9109,45.9928],[12.9037,45.9644],[12.915,45.9147],[12.9207,45.9053],[12.931,45.8948],[12.9746,45.8734],[12.981,45.849],[12.9785,45.8411],[12.9843,45.834],[12.9769,45.8345],[12.9578,45.8474],[12.952,45.8435],[12.951,45.8292],[12.9585,45.8225],[12.9295,45.8174],[12.9202,45.8309],[12.9128,45.8265],[12.903,45.8277],[12.8931,45.8197],[12.8697,45.8338],[12.8769,45.8428],[12.875,45.8503],[12.8675,45.8471],[12.8612,45.8506],[12.8369,45.845],[12.8376,45.8413],[12.8189,45.8337],[12.8181,45.824],[12.8086,45.8202],[12.7999,45.8257],[12.7991,45.8332],[12.8033,45.845],[12.7798,45.8544],[12.7689,45.8498],[12.7429,45.8266],[12.73,45.8373],[12.6907,45.8036],[12.669,45.7909],[12.6617,45.7924],[12.6497,45.8019],[12.6528,45.8064],[12.6472,45.8201],[12.6376,45.8181],[12.6315,45.8248],[12.6113,45.8327],[12.6057,45.8382],[12.5944,45.8308],[12.5942,45.8153],[12.588,45.8151],[12.5824,45.8233],[12.5685,45.8281],[12.5645,45.8292],[12.5593,45.8259],[12.5546,45.8294],[12.5531,45.8376],[12.5573,45.8473],[12.5499,45.8605],[12.5299,45.8636],[12.5355,45.8693],[12.5326,45.8803],[12.5083,45.897],[12.5234,45.9035],[12.5158,45.9041],[12.5097,45.9094],[12.5057,45.916],[12.5069,45.9219],[12.4996,45.9255],[12.4828,45.9257],[12.4669,45.932],[12.463,45.9418],[12.4558,45.9445],[12.4261,45.947],[12.4227,45.9558],[12.4268,45.9964],[12.4188,46.0086],[12.4153,46.0269],[12.399,46.0414],[12.4051,46.0427],[12.4099,46.0591],[12.4172,46.0605],[12.4356,46.0831],[12.4724,46.096],[12.4853,46.1065],[12.4988,46.137],[12.4954,46.1505],[12.4899,46.1572],[12.4569,46.1706],[12.447,46.1803],[12.443,46.1961],[12.4465,46.2078],[12.4073,46.207],[12.4003,46.2113],[12.4086,46.221],[12.4017,46.229],[12.3723,46.224],[12.3555,46.2312],[12.3523,46.2363],[12.341,46.2402],[12.33,46.2539],[12.324,46.2562],[12.3209,46.2689],[12.329,46.2828],[12.3514,46.2938],[12.3556,46.3094],[12.3547,46.3197],[12.3743,46.3289],[12.4095,46.3306],[12.4212,46.3426],[12.4186,46.3534],[12.4287,46.3516],[12.4629,46.3693],[12.455,46.3917],[12.4649,46.3885],[12.494,46.4114],[12.4987,46.4122],[12.5019,46.4078],[12.5082,46.403]]]}},{"type":"Feature","properties":{"SIGLA":"IS","DEN_PROV":"Isernia","DEN_UTS":"Isernia"},"geometry":{"type":"Polygon","coordinates":[[[14.3023,41.8948],[14.3192,41.8947],[14.3258,41.8905],[14.3431,41.8668],[14.3434,41.8625],[14.3586,41.8607],[14.3645,41.8688],[14.3611,41.8743],[14.3767,41.8799],[14.3785,41.8661],[14.3972,41.8698],[14.4207,41.8553],[14.4337,41.8415],[14.4423,41.8413],[14.4457,41.8378],[14.4547,41.7963],[14.4644,41.777],[14.4546,41.7637],[14.4853,41.7597],[14.4789,41.7449],[14.5191,41.7266],[14.5217,41.7012],[14.501,41.6855],[14.5024,41.6791],[14.4944,41.672],[14.4836,41.6801],[14.4691,41.678],[14.4544,41.6647],[14.4349,41.6715],[14.4299,41.6692],[14.4319,41.6575],[14.4243,41.641],[14.428,41.637],[14.4519,41.6425],[14.4788,41.6318],[14.4821,41.6176],[14.4983,41.6157],[14.5095,41.6092],[14.5119,41.5964],[14.5062,41.597],[14.4922,41.5903],[14.4931,41.5764],[14.4885,41.5696],[14.4701,41.5564],[14.4694,41.5405],[14.4603,41.5433],[14.4568,41.5402],[14.4503,41.5247],[14.4517,41.5213],[14.4417,41.5202],[14.4272,41.5246],[14.4058,41.5099],[14.3918,41.5077],[14.3873,41.4796],[14.3777,41.4525],[14.3825,41.4433],[14.3422,41.4541],[14.3272,41.4534],[14.3069,41.4654],[14.2865,41.4724],[14.289,41.479],[14.2794,41.4863],[14.2494,41.4846],[14.2407,41.4972],[14.2049,41.4999],[14.1908,41.4965],[14.1724,41.4992],[14.1673,41.4944],[14.165,41.4788],[14.1516,41.4827],[14.1253,41.5074],[14.1212,41.5071],[14.1119,41.4889],[14.0996,41.4808],[14.0948,41.4726],[14.0824,41.4655],[14.0858,41.4625],[14.0838,41.4571],[14.0797,41.4554],[14.0787,41.4487],[14.0912,41.4327],[14.1052,41.4233],[14.107,41.4175],[14.1039,41.4056],[14.1137,41.3887],[14.1114,41.3864],[14.1006,41.3904],[14.0835,41.4001],[14.0424,41.3928],[14.0287,41.4084],[14.03,41.4119],[14.0267,41.4163],[14.0192,41.4217],[14.0057,41.4246],[14.0018,41.4292],[14.0086,41.4419],[14.007,41.4519],[13.9779,41.4625],[13.9915,41.4813],[13.9753,41.4921],[13.9752,41.4967],[13.995,41.5131],[14.0105,41.5148],[14.0227,41.522],[14.0232,41.5268],[14.0053,41.5388],[14.0207,41.5424],[14.0251,41.5581],[14.0189,41.5628],[14.0042,41.5665],[13.9982,41.5798],[14.0102,41.5926],[14.0087,41.6099],[13.9967,41.6241],[13.9926,41.6418],[13.9834,41.6587],[13.9679,41.6732],[13.941,41.688],[13.9551,41.6955],[13.9831,41.6948],[13.9949,41.6932],[14.0188,41.6821],[14.0242,41.6971],[14.0319,41.7021],[14.0532,41.7017],[14.0532,41.7193],[14.0714,41.7369],[14.0946,41.7378],[14.1072,41.7074],[14.1168,41.7149],[14.1233,41.7261],[14.1221,41.731],[14.1154,41.7354],[14.1207,41.7452],[14.1594,41.7478],[14.1638,41.7598],[14.1718,41.7658],[14.1755,41.7641],[14.1754,41.7536],[14.1787,41.7492],[14.1941,41.7493],[14.1945,41.7578],[14.2019,41.767],[14.1935,41.7735],[14.1768,41.7737],[14.1715,41.7784],[14.1648,41.8073],[14.148,41.826],[14.1558,41.8371],[14.1835,41.8477],[14.1886,41.8418],[14.1981,41.8425],[14.1965,41.8486],[14.2187,41.8573],[14.2266,41.8748],[14.2376,41.8785],[14.2839,41.9106],[14.3023,41.8948]]]}},{"type":"Feature","properties":{"SIGLA":"OR","DEN_PROV":"Oristano","DEN_UTS":"Oristano"},"geometry":{"type":"MultiPolygon","coordinates":[[[[8.2759,39.8823],[8.2757,39.8825]]],[[[8.3118,39.9967],[8.3121,39.9902],[8.2998,39.985],[8.3003,39.9921],[8.3112,39.9961],[8.3118,39.9967]]],[[[8.4038,40.0533],[8.404,40.0533]]],[[[8.487,40.0925],[8.4867,40.0926]]],[[[8.4868,40.0935],[8.4868,40.0935]]],[[[8.486,40.0943],[8.4859,40.0943]]],[[[8.4865,40.0944],[8.4865,40.0945]]],[[[8.4555,40.2103],[8.4547,40.2105]]],[[[8.3768,40.3608],[8.3767,40.3608]]],[[[8.4997,40.4262],[8.5155,40.4206],[8.5245,40.4085],[8.5256,40.4018],[8.5381,40.4024],[8.5505,40.3962],[8.5536,40.3915],[8.5503,40.3876],[8.5622,40.3814],[8.5697,40.3611],[8.5865,40.354],[8.5918,40.3342],[8.6193,40.3227],[8.6202,40.319],[8.6152,40.3174],[8.6114,40.3086],[8.6178,40.3029],[8.614,40.2911],[8.6214,40.2832],[8.6185,40.2726],[8.6323,40.2621],[8.6673,40.2497],[8.6676,40.2287],[8.6734,40.204],[8.682,40.2031],[8.6899,40.2104],[8.7096,40.2142],[8.7186,40.2052],[8.7429,40.201],[8.7453,40.1934],[8.7428,40.1854],[8.7458,40.1827],[8.7653,40.1967],[8.7786,40.1917],[8.7993,40.1932],[8.8551,40.2106],[8.9102,40.2081],[8.9572,40.2121],[8.9821,40.2183],[8.9912,40.2143],[8.9917,40.2085],[9.0125,40.1988],[9.0162,40.1938],[9.0005,40.1837],[8.9999,40.1773],[9.0166,40.1645],[9.0186,40.1461],[9.0032,40.1338],[9.0161,40.1261],[9.018,40.1191],[9.0353,40.0958],[9.0363,40.0643],[9.044,40.0584],[9.0266,40.0377],[9.0135,40.0457],[9.0053,40.055],[8.9877,40.057],[8.972,40.0474],[8.9527,40.0288],[8.9465,40.0211],[8.9469,40.0067],[8.9572,39.9926],[8.9891,39.9875],[9.0067,39.9923],[9.012,39.9901],[9.0172,39.9824],[8.9944,39.9566],[8.9918,39.9352],[8.9846,39.9186],[9.0377,39.9124],[9.0462,39.9044],[9.0882,39.8846],[9.1054,39.8687],[9.1096,39.8713],[9.1073,39.8759],[9.1092,39.8821],[9.1262,39.8907],[9.1601,39.8559],[9.1722,39.8504],[9.1664,39.8333],[9.1451,39.8451],[9.1275,39.8395],[9.1135,39.8497],[9.1063,39.847],[9.1065,39.8416],[9.1004,39.8311],[9.0832,39.8262],[9.0759,39.8169],[9.0619,39.8108],[9.0515,39.8021],[9.031,39.8096],[9.0313,39.8153],[9.0097,39.8278],[8.9868,39.8256],[8.9768,39.8056],[8.9525,39.7785],[8.9303,39.7923],[8.9036,39.7957],[8.8824,39.7927],[8.8918,39.7753],[8.9128,39.7674],[8.9214,39.7592],[8.9057,39.7355],[8.9048,39.7309],[8.913,39.7215],[8.8798,39.7006],[8.8785,39.6942],[8.869,39.6864],[8.8608,39.6678],[8.8423,39.6639],[8.828,39.6646],[8.7903,39.6548],[8.7833,39.6518],[8.7709,39.6392],[8.7466,39.6301],[8.7298,39.6389],[8.7046,39.6387],[8.6971,39.645],[8.6899,39.6438],[8.6776,39.6356],[8.6681,39.6344],[8.6606,39.6419],[8.6278,39.6551],[8.6238,39.6667],[8.606,39.6898],[8.5902,39.6916],[8.5667,39.6872],[8.5493,39.6961],[8.539,39.6933],[8.5187,39.6941],[8.5126,39.7043],[8.5014,39.7107],[8.51,39.7329],[8.5202,39.7447],[8.5119,39.7531],[8.5327,39.7721],[8.5454,39.7952],[8.5555,39.8473],[8.5527,39.8609],[8.5458,39.8603],[8.5561,39.8623],[8.5655,39.8601],[8.5695,39.8637],[8.552,39.864],[8.5401,39.8688],[8.5445,39.8749],[8.5376,39.8915],[8.524,39.9024],[8.5057,39.9079],[8.4665,39.9037],[8.4691,39.9015],[8.4419,39.88],[8.4373,39.8592],[8.4325,39.8603],[8.4323,39.8652],[8.4385,39.8685],[8.4361,39.8816],[8.4204,39.8959],[8.4118,39.9],[8.4021,39.8985],[8.3979,39.9082],[8.4014,39.957],[8.3976,39.9703],[8.3934,39.9729],[8.3939,39.9799],[8.4068,39.9953],[8.4141,40.0171],[8.4019,40.0325],[8.3809,40.0296],[8.377,40.0348],[8.384,40.0421],[8.3966,40.044],[8.3991,40.0513],[8.4026,40.0518],[8.407,40.0435],[8.4124,40.0412],[8.4263,40.0446],[8.4348,40.0516],[8.4436,40.0477],[8.4537,40.0508],[8.4885,40.0791],[8.4928,40.0866],[8.4878,40.094],[8.4891,40.1007],[8.4849,40.1178],[8.4715,40.131],[8.4583,40.1541],[8.4614,40.1723],[8.4571,40.1753],[8.4674,40.2],[8.4621,40.214],[8.4827,40.2712],[8.4825,40.2851],[8.4714,40.2909],[8.4669,40.2978],[8.4637,40.3154],[8.4539,40.32],[8.4422,40.319],[8.4328,40.3331],[8.3961,40.3398],[8.383,40.3384],[8.3839,40.3503],[8.3793,40.3602],[8.385,40.3634],[8.3894,40.3711],[8.3998,40.4076],[8.4112,40.3979],[8.4225,40.3937],[8.4348,40.3978],[8.4437,40.3956],[8.4536,40.4001],[8.4589,40.4072],[8.4828,40.4106],[8.488,40.4207],[8.4967,40.426],[8.4997,40.4262]]]]}},{"type":"Feature","properties":{"SIGLA":"BI","DEN_PROV":"Biella","DEN_UTS":"Biella"},"geometry":{"type":"Polygon","coordinates":[[[8.1299,45.7568],[8.1566,45.7502],[8.1812,45.7522],[8.183,45.7409],[8.1802,45.7379],[8.1839,45.7295],[8.2073,45.7215],[8.2226,45.7074],[8.2381,45.7016],[8.2894,45.6686],[8.2976,45.6578],[8.3279,45.6469],[8.3188,45.6418],[8.2959,45.6409],[8.2827,45.6345],[8.2616,45.6322],[8.2635,45.62],[8.2763,45.6232],[8.2948,45.6354],[8.312,45.6346],[8.3115,45.6216],[8.3067,45.6162],[8.294,45.619],[8.2778,45.6117],[8.2689,45.616],[8.257,45.6077],[8.2603,45.5936],[8.2676,45.5884],[8.2763,45.5636],[8.2965,45.5536],[8.2926,45.5417],[8.2774,45.5322],[8.279,45.5235],[8.2919,45.5177],[8.2676,45.5159],[8.2629,45.5011],[8.2446,45.4934],[8.2321,45.4789],[8.2189,45.4755],[8.2167,45.4691],[8.2199,45.4573],[8.2157,45.4531],[8.2034,45.4467],[8.1942,45.4486],[8.1824,45.4463],[8.1706,45.438],[8.1614,45.4246],[8.1706,45.4195],[8.1687,45.4111],[8.1497,45.4092],[8.1201,45.3774],[8.069,45.387],[8.0553,45.3971],[8.0417,45.397],[8.0292,45.4013],[8.0219,45.421],[8.0263,45.428],[8.0365,45.4329],[8.036,45.4438],[8.0216,45.451],[8.0252,45.4513],[7.9697,45.4742],[7.9661,45.4818],[7.918,45.5096],[7.9233,45.5216],[7.8857,45.5305],[7.8819,45.5342],[7.9021,45.5599],[7.8931,45.5831],[7.8953,45.5895],[7.9008,45.5917],[7.8953,45.6088],[7.915,45.6327],[7.9361,45.6357],[7.9384,45.6391],[7.939,45.6445],[7.9272,45.6514],[7.9048,45.6847],[7.9118,45.7008],[7.9203,45.7019],[7.9357,45.7237],[7.9486,45.7205],[7.9982,45.719],[8.0212,45.7377],[8.0359,45.7356],[8.0592,45.7406],[8.0636,45.7355],[8.0658,45.7234],[8.0739,45.7193],[8.0784,45.7224],[8.0784,45.7292],[8.0844,45.7384],[8.1005,45.7428],[8.1199,45.7557],[8.1285,45.7577],[8.1299,45.7568]]]}},{"type":"Feature","properties":{"SIGLA":"LC","DEN_PROV":"Lecco","DEN_UTS":"Lecco"},"geometry":{"type":"Polygon","coordinates":[[[9.3786,46.1521],[9.4102,46.1499],[9.4141,46.1369],[9.415,46.0948],[9.4413,46.0822],[9.4967,46.069],[9.5098,46.0625],[9.504,46.0494],[9.5059,46.0435],[9.5222,46.0312],[9.5269,46.0115],[9.4914,46.0117],[9.4861,46.003],[9.495,45.9982],[9.5031,45.9672],[9.5216,45.9649],[9.5362,45.9567],[9.541,45.9451],[9.5384,45.9373],[9.5291,45.9265],[9.528,45.9174],[9.505,45.8977],[9.5123,45.8899],[9.5141,45.8806],[9.524,45.8703],[9.4924,45.8669],[9.4857,45.8616],[9.4708,45.8592],[9.4669,45.8505],[9.474,45.8381],[9.4723,45.8325],[9.4755,45.8201],[9.4943,45.8038],[9.4963,45.7952],[9.4904,45.7922],[9.4816,45.7933],[9.4774,45.7847],[9.4687,45.7819],[9.4572,45.7882],[9.4501,45.7854],[9.4511,45.7816],[9.4706,45.7681],[9.4605,45.7606],[9.4464,45.7599],[9.4571,45.747],[9.4458,45.7332],[9.4518,45.7125],[9.4597,45.7023],[9.451,45.6844],[9.4707,45.6699],[9.4766,45.6693],[9.4653,45.6649],[9.4475,45.6507],[9.4381,45.6506],[9.4241,45.656],[9.4144,45.6756],[9.3886,45.6669],[9.3731,45.6552],[9.3641,45.664],[9.3413,45.6697],[9.3297,45.6658],[9.321,45.6565],[9.3144,45.6621],[9.3142,45.6718],[9.2948,45.6897],[9.2958,45.6991],[9.3002,45.7027],[9.2988,45.7086],[9.2936,45.7121],[9.2806,45.7375],[9.272,45.742],[9.2607,45.7397],[9.2471,45.7426],[9.2568,45.7514],[9.2558,45.757],[9.2463,45.762],[9.2442,45.7673],[9.2503,45.7791],[9.2619,45.7808],[9.2613,45.7934],[9.2885,45.8096],[9.2904,45.8153],[9.286,45.8179],[9.2863,45.824],[9.2944,45.8282],[9.3004,45.8368],[9.3184,45.8457],[9.3328,45.8666],[9.3319,45.8728],[9.3209,45.8796],[9.3154,45.8882],[9.3241,45.8958],[9.3124,45.9054],[9.3043,45.8994],[9.3027,45.8936],[9.2887,45.8939],[9.278,45.9154],[9.2701,45.9225],[9.2781,45.9376],[9.2765,45.9432],[9.2698,45.9485],[9.2565,45.949],[9.2624,45.964],[9.2846,45.9671],[9.2759,45.9954],[9.2646,46.0008],[9.2612,46.0089],[9.2631,46.0245],[9.2648,46.0301],[9.2896,46.0593],[9.2897,46.0713],[9.2988,46.1052],[9.2923,46.1158],[9.3005,46.1259],[9.3527,46.148],[9.3619,46.1574],[9.3717,46.1539],[9.3786,46.1521]]]}},{"type":"Feature","properties":{"SIGLA":"LO","DEN_PROV":"Lodi","DEN_UTS":"Lodi"},"geometry":{"type":"Polygon","coordinates":[[[9.4498,45.4691],[9.4584,45.467],[9.4561,45.4627],[9.4679,45.4501],[9.4839,45.4487],[9.4816,45.4455],[9.4875,45.4372],[9.4837,45.4227],[9.4692,45.4113],[9.4544,45.3867],[9.4623,45.3783],[9.4745,45.372],[9.4795,45.3769],[9.4911,45.3679],[9.5078,45.3668],[9.5106,45.3603],[9.5091,45.3488],[9.5354,45.3468],[9.552,45.3394],[9.5633,45.3423],[9.5673,45.3669],[9.5835,45.3622],[9.5911,45.3531],[9.6089,45.31],[9.6235,45.2937],[9.6302,45.2915],[9.6255,45.2851],[9.6287,45.2815],[9.6403,45.2837],[9.6536,45.2733],[9.661,45.2748],[9.6684,45.2698],[9.668,45.2623],[9.6752,45.2569],[9.6811,45.2571],[9.6872,45.2649],[9.6917,45.2636],[9.6947,45.2558],[9.7084,45.2622],[9.719,45.263],[9.7225,45.2594],[9.7206,45.2565],[9.7119,45.2586],[9.7072,45.2541],[9.7121,45.2473],[9.7263,45.2422],[9.7251,45.2379],[9.7196,45.2357],[9.7184,45.2296],[9.7322,45.225],[9.7404,45.227],[9.7433,45.2247],[9.7422,45.2202],[9.7498,45.2182],[9.7638,45.2227],[9.7756,45.2118],[9.773,45.203],[9.7554,45.1849],[9.7502,45.1853],[9.7506,45.1823],[9.7568,45.1812],[9.7744,45.1888],[9.7856,45.1649],[9.8067,45.1588],[9.8265,45.1634],[9.8286,45.1524],[9.8345,45.1493],[9.8482,45.1554],[9.8618,45.153],[9.8709,45.1591],[9.8724,45.1409],[9.8911,45.1309],[9.88,45.1264],[9.8752,45.1196],[9.8794,45.1118],[9.9006,45.0954],[9.9009,45.0875],[9.8968,45.0805],[9.8795,45.0751],[9.8615,45.0936],[9.8398,45.0961],[9.8323,45.0901],[9.8312,45.0822],[9.8352,45.069],[9.8332,45.0604],[9.8271,45.0536],[9.8195,45.0532],[9.8163,45.0553],[9.8168,45.0707],[9.8133,45.0781],[9.7889,45.0838],[9.7773,45.0913],[9.7655,45.1083],[9.7486,45.1133],[9.7448,45.1097],[9.7531,45.0866],[9.7504,45.079],[9.7378,45.0732],[9.7277,45.0621],[9.7137,45.0584],[9.6829,45.0707],[9.6743,45.0784],[9.6595,45.0821],[9.6434,45.0805],[9.6349,45.084],[9.6315,45.0904],[9.6408,45.1176],[9.6374,45.1255],[9.6278,45.1327],[9.6184,45.133],[9.6127,45.1123],[9.6019,45.1041],[9.5874,45.0996],[9.586,45.105],[9.5686,45.1073],[9.5566,45.1275],[9.5429,45.1371],[9.5442,45.1532],[9.5311,45.1619],[9.5252,45.1777],[9.5163,45.1859],[9.4855,45.1918],[9.4736,45.2023],[9.4576,45.1926],[9.4411,45.1898],[9.4301,45.1843],[9.4277,45.1882],[9.4331,45.1936],[9.4302,45.1987],[9.4257,45.1974],[9.4172,45.2059],[9.4028,45.2014],[9.398,45.217],[9.3873,45.224],[9.3919,45.227],[9.3909,45.2317],[9.3811,45.2302],[9.3681,45.2454],[9.3537,45.2493],[9.348,45.246],[9.3593,45.2456],[9.358,45.2387],[9.3279,45.2497],[9.3217,45.244],[9.3114,45.2476],[9.3108,45.2531],[9.325,45.2688],[9.3415,45.2713],[9.333,45.277],[9.3294,45.2883],[9.3229,45.2927],[9.3301,45.2982],[9.343,45.2912],[9.3576,45.2926],[9.3544,45.3015],[9.3346,45.3051],[9.3362,45.3115],[9.3526,45.3188],[9.3618,45.3174],[9.369,45.3032],[9.3773,45.3023],[9.3832,45.306],[9.3783,45.3092],[9.3796,45.3133],[9.3922,45.315],[9.3874,45.3199],[9.3806,45.3188],[9.3575,45.3431],[9.3624,45.3462],[9.3593,45.3588],[9.3537,45.3631],[9.353,45.3677],[9.3636,45.3657],[9.3782,45.3689],[9.3757,45.3872],[9.3852,45.3993],[9.3968,45.3984],[9.4009,45.3947],[9.408,45.3968],[9.4111,45.4068],[9.4254,45.4206],[9.4206,45.4302],[9.4119,45.434],[9.4176,45.4504],[9.4316,45.4604],[9.4317,45.4669],[9.4359,45.4699],[9.4498,45.4691]]]}},{"type":"Feature","properties":{"SIGLA":"RN","DEN_PROV":"Rimini","DEN_UTS":"Rimini"},"geometry":{"type":"Polygon","coordinates":[[[12.4498,44.1625],[12.5355,44.091],[12.5619,44.0763],[12.5746,44.0791],[12.6308,44.0265],[12.678,43.9935],[12.7134,43.9746],[12.7369,43.9684],[12.7506,43.9685],[12.7534,43.9655],[12.7523,43.959],[12.7469,43.947],[12.7342,43.9335],[12.7287,43.9217],[12.7285,43.9119],[12.7348,43.896],[12.7276,43.8903],[12.7237,43.882],[12.734,43.8703],[12.7236,43.8612],[12.7031,43.8587],[12.6971,43.853],[12.6817,43.8507],[12.6784,43.8393],[12.6802,43.8275],[12.6733,43.8238],[12.6442,43.8269],[12.6243,43.821],[12.6135,43.8279],[12.61,43.8344],[12.6194,43.8443],[12.6147,43.847],[12.6051,43.8456],[12.601,43.8505],[12.6029,43.8622],[12.5894,43.8653],[12.5929,43.873],[12.5883,43.8851],[12.5725,43.8849],[12.5648,43.8791],[12.5621,43.8695],[12.543,43.8645],[12.522,43.8736],[12.518,43.8811],[12.5007,43.8745],[12.4952,43.8773],[12.4873,43.8864],[12.4874,43.8965],[12.4945,43.9101],[12.4924,43.9183],[12.5144,43.9377],[12.5158,43.9422],[12.5073,43.959],[12.5146,43.9847],[12.5127,43.9912],[12.5096,43.9921],[12.4917,43.983],[12.4699,43.9777],[12.4393,43.9591],[12.417,43.9541],[12.4045,43.9546],[12.4048,43.944],[12.4152,43.9307],[12.4082,43.9212],[12.4125,43.9094],[12.4084,43.9028],[12.4164,43.8999],[12.4392,43.9053],[12.4511,43.8957],[12.4624,43.8938],[12.4636,43.8912],[12.4556,43.8784],[12.4458,43.8712],[12.4077,43.8767],[12.4015,43.8731],[12.3915,43.847],[12.3985,43.8264],[12.3861,43.8153],[12.3683,43.8129],[12.3498,43.7996],[12.3159,43.8056],[12.2862,43.7949],[12.2828,43.7894],[12.2891,43.786],[12.2838,43.7649],[12.258,43.7604],[12.2547,43.7533],[12.2486,43.7515],[12.2414,43.7514],[12.2413,43.7542],[12.229,43.7596],[12.2092,43.7553],[12.196,43.733],[12.1866,43.736],[12.1648,43.7611],[12.1247,43.7492],[12.1074,43.7538],[12.0962,43.7653],[12.1034,43.7817],[12.1029,43.7923],[12.114,43.7961],[12.1187,43.8028],[12.1169,43.8064],[12.1206,43.8135],[12.1307,43.8253],[12.1462,43.8292],[12.1507,43.8373],[12.1383,43.8476],[12.1431,43.853],[12.1421,43.861],[12.1527,43.869],[12.1672,43.8958],[12.1596,43.9048],[12.1592,43.9214],[12.1723,43.9265],[12.1725,43.9222],[12.176,43.9204],[12.2032,43.9165],[12.2032,43.9131],[12.2191,43.9081],[12.2224,43.9089],[12.2222,43.9153],[12.2297,43.9162],[12.24,43.9162],[12.2534,43.9103],[12.2556,43.9203],[12.2634,43.9253],[12.2758,43.9313],[12.2822,43.927],[12.2906,43.9292],[12.3105,43.9391],[12.3155,43.9524],[12.3256,43.9645],[12.3478,43.9772],[12.3536,43.9859],[12.3674,43.9881],[12.3735,43.9995],[12.3844,44.0085],[12.3928,44.0314],[12.3605,44.0498],[12.3594,44.0545],[12.3636,44.0623],[12.3757,44.067],[12.3888,44.0638],[12.4005,44.0663],[12.408,44.0768],[12.4167,44.0808],[12.4233,44.0884],[12.4479,44.0864],[12.4556,44.089],[12.4514,44.1161],[12.4394,44.1276],[12.4412,44.1384],[12.4287,44.1473],[12.4411,44.1596],[12.4483,44.1622],[12.4498,44.1625]],[[12.1764,43.7883],[12.1842,43.7815],[12.1877,43.7737],[12.1975,43.7707],[12.2124,43.7817],[12.2395,43.7865],[12.2402,43.7906],[12.2349,43.8044],[12.2251,43.8099],[12.2173,43.8028],[12.2,43.8061],[12.1889,43.8047],[12.1764,43.8111],[12.1705,43.8073],[12.1701,43.8036],[12.1764,43.7883]]]}},{"type":"Feature","properties":{"SIGLA":"PO","DEN_PROV":"Prato","DEN_UTS":"Prato"},"geometry":{"type":"Polygon","coordinates":[[[11.1639,44.1107],[11.2024,44.1007],[11.1992,44.0963],[11.2128,44.086],[11.1982,44.0828],[11.1857,44.0712],[11.1865,44.0576],[11.1803,44.0502],[11.1794,44.0423],[11.1916,44.0298],[11.1884,44.0187],[11.1758,44.0093],[11.1759,43.997],[11.1791,43.9944],[11.1698,43.962],[11.1748,43.9509],[11.1714,43.9415],[11.1607,43.9354],[11.1693,43.9186],[11.1671,43.9153],[11.1582,43.9156],[11.1416,43.9069],[11.1476,43.9023],[11.1344,43.8842],[11.1474,43.8694],[11.1464,43.861],[11.1365,43.854],[11.1248,43.8556],[11.0949,43.8196],[11.0857,43.8183],[11.0696,43.8251],[11.0623,43.8171],[11.062,43.8074],[11.0657,43.8003],[11.0781,43.7926],[11.0693,43.7887],[11.0625,43.7896],[11.0562,43.7824],[11.0619,43.778],[11.0567,43.7588],[11.0341,43.7679],[11.0282,43.7737],[11.0281,43.7796],[11.0099,43.7753],[10.9946,43.7793],[10.9788,43.7877],[10.9791,43.7952],[10.9641,43.8125],[10.98,43.8189],[10.9883,43.8278],[11.0131,43.8337],[11.0266,43.8429],[11.0215,43.8612],[11.0134,43.8712],[11.0256,43.8993],[11.0186,43.9103],[11.0205,43.9217],[11.0301,43.9432],[11.0468,43.96],[11.0609,43.9659],[11.0709,43.9819],[11.035,43.9991],[11.0149,43.9969],[11.0116,44.0037],[11.0126,44.0067],[11.021,44.009],[11.038,44.0289],[11.0402,44.045],[11.0542,44.0723],[11.0478,44.0865],[11.0494,44.0902],[11.0888,44.09],[11.1218,44.1065],[11.1549,44.1118],[11.1639,44.1107]]]}},{"type":"Feature","properties":{"SIGLA":"KR","DEN_PROV":"Crotone","DEN_UTS":"Crotone"},"geometry":{"type":"Polygon","coordinates":[[[17.0358,39.4608],[17.0469,39.4436],[17.0803,39.4222],[17.1186,39.4056],[17.1572,39.401],[17.1362,39.3754],[17.1329,39.3595],[17.113,39.3207],[17.1098,39.3086],[17.1113,39.2887],[17.1046,39.2653],[17.1072,39.2513],[17.1284,39.2232],[17.1479,39.2053],[17.116,39.1414],[17.1083,39.107],[17.115,39.091],[17.1359,39.0835],[17.1272,39.0955],[17.1352,39.087],[17.1382,39.08],[17.1306,39.0752],[17.1321,39.0654],[17.1464,39.0473],[17.1729,39.033],[17.2065,39.0285],[17.2037,39.0221],[17.1882,39.0197],[17.1642,38.9946],[17.1604,38.9713],[17.1681,38.9623],[17.1689,38.9549],[17.1489,38.9438],[17.1108,38.9099],[17.1013,38.9049],[17.0942,38.8926],[17.0896,38.8958],[17.0934,38.9056],[17.0844,38.9125],[17.0421,38.9189],[17.0307,38.9158],[17.0221,38.906],[17.0093,38.9125],[16.9961,38.9307],[16.9812,38.9381],[16.9568,38.9384],[16.8906,38.928],[16.8913,38.9336],[16.9035,38.9357],[16.9073,38.9456],[16.9206,38.9526],[16.8912,38.9738],[16.8938,38.978],[16.8946,38.9869],[16.8914,38.9889],[16.895,39.0028],[16.8861,39.0048],[16.8728,39.0186],[16.8649,39.0184],[16.8403,39.042],[16.8065,39.0549],[16.7609,39.0666],[16.7451,39.0656],[16.7399,39.06],[16.7338,39.0589],[16.7009,39.0888],[16.6797,39.0932],[16.6526,39.125],[16.6382,39.1317],[16.6678,39.1354],[16.6789,39.1315],[16.6793,39.1356],[16.6706,39.1434],[16.6675,39.1559],[16.6625,39.1577],[16.6498,39.153],[16.6286,39.1627],[16.613,39.1942],[16.6313,39.2007],[16.6528,39.1983],[16.6803,39.2058],[16.6949,39.2019],[16.6928,39.197],[16.6982,39.1931],[16.7194,39.1974],[16.7278,39.1922],[16.7462,39.1899],[16.763,39.1951],[16.773,39.1949],[16.776,39.1983],[16.7685,39.2088],[16.7662,39.2183],[16.7508,39.2358],[16.7469,39.245],[16.7587,39.2654],[16.7515,39.2839],[16.761,39.2924],[16.7442,39.3023],[16.7322,39.314],[16.7057,39.3233],[16.7087,39.3351],[16.7049,39.3546],[16.7167,39.3551],[16.7293,39.3502],[16.7374,39.3613],[16.7557,39.358],[16.7625,39.3623],[16.7736,39.3479],[16.7992,39.3507],[16.8367,39.3435],[16.8468,39.3555],[16.8566,39.3588],[16.8685,39.3576],[16.8794,39.3745],[16.913,39.3831],[16.9149,39.396],[16.9015,39.4051],[16.9007,39.4098],[16.9038,39.4131],[16.9201,39.409],[16.9416,39.3958],[16.9528,39.3944],[16.9567,39.3975],[16.9535,39.4077],[16.9563,39.4149],[16.9533,39.4291],[16.9574,39.4364],[16.9783,39.4527],[16.9979,39.4599],[17.0237,39.4824],[17.0319,39.4708],[17.0358,39.4608]]]}},{"type":"Feature","properties":{"SIGLA":"VV","DEN_PROV":"Vibo Valentia","DEN_UTS":"Vibo Valentia"},"geometry":{"type":"Polygon","coordinates":[[[16.2861,38.8238],[16.2984,38.8203],[16.3189,38.8058],[16.3235,38.7988],[16.3356,38.7973],[16.3504,38.7893],[16.3599,38.7918],[16.36,38.7848],[16.3557,38.7785],[16.3705,38.7429],[16.3621,38.7362],[16.3498,38.7344],[16.3404,38.7215],[16.3492,38.7073],[16.3386,38.7001],[16.3374,38.6878],[16.3263,38.6778],[16.3448,38.6681],[16.3456,38.6583],[16.3402,38.6505],[16.3304,38.6453],[16.329,38.6407],[16.3388,38.633],[16.3545,38.6292],[16.3573,38.6311],[16.371,38.6258],[16.3763,38.6208],[16.3712,38.6133],[16.3743,38.6064],[16.384,38.601],[16.4081,38.5994],[16.4176,38.5937],[16.4152,38.5884],[16.4276,38.5834],[16.4301,38.5774],[16.4313,38.5692],[16.4198,38.554],[16.3925,38.5738],[16.3809,38.5665],[16.3679,38.5636],[16.3597,38.554],[16.3619,38.5502],[16.3597,38.5433],[16.3488,38.5349],[16.3503,38.5231],[16.3452,38.5202],[16.3504,38.5059],[16.3563,38.4952],[16.3668,38.4866],[16.3879,38.4761],[16.3884,38.4696],[16.3818,38.4663],[16.3823,38.4599],[16.3928,38.4479],[16.3918,38.4437],[16.3771,38.443],[16.3694,38.4339],[16.363,38.4358],[16.3529,38.4307],[16.2986,38.4323],[16.2925,38.4387],[16.2785,38.4403],[16.2662,38.446],[16.2691,38.4543],[16.2645,38.4677],[16.254,38.4839],[16.2333,38.5008],[16.2109,38.4968],[16.1932,38.4978],[16.1795,38.5101],[16.1598,38.5166],[16.1334,38.5355],[16.1201,38.5369],[16.1117,38.5424],[16.1014,38.5408],[16.0979,38.548],[16.0796,38.5621],[16.0743,38.5612],[16.068,38.5503],[16.0604,38.5508],[16.0503,38.5455],[16.038,38.5327],[16.0226,38.5307],[16.0045,38.5167],[15.9582,38.5255],[15.9468,38.5137],[15.9186,38.5068],[15.9303,38.5349],[15.9291,38.5498],[15.9123,38.5571],[15.9002,38.5666],[15.8942,38.5762],[15.8652,38.5948],[15.8442,38.6132],[15.8271,38.6189],[15.836,38.6449],[15.8514,38.6615],[15.8947,38.6799],[15.9476,38.6909],[15.9609,38.7001],[15.9727,38.7149],[15.9864,38.7232],[16.0412,38.7272],[16.1062,38.712],[16.1194,38.7182],[16.1292,38.7159],[16.1389,38.7198],[16.1849,38.7512],[16.213,38.8106],[16.2309,38.8115],[16.2524,38.8075],[16.2662,38.7957],[16.2788,38.7917],[16.2742,38.8151],[16.2658,38.8198],[16.2572,38.8199],[16.2807,38.8242],[16.2861,38.8238]]]}},{"type":"Feature","properties":{"SIGLA":"VB","DEN_PROV":"Verbano-Cusio-Ossola","DEN_UTS":"Verbano-Cusio-Ossola"},"geometry":{"type":"Polygon","coordinates":[[[8.4455,46.4637],[8.4658,46.4435],[8.4607,46.4381],[8.4577,46.4224],[8.4685,46.4116],[8.4634,46.3843],[8.4686,46.3649],[8.462,46.3532],[8.4652,46.3341],[8.4552,46.3237],[8.4438,46.3195],[8.4401,46.3048],[8.4275,46.2983],[8.4563,46.2633],[8.4489,46.261],[8.4425,46.2536],[8.4436,46.2499],[8.4646,46.2444],[8.4692,46.2329],[8.5326,46.2171],[8.5407,46.1977],[8.5637,46.1839],[8.5737,46.1644],[8.6024,46.1536],[8.5924,46.1458],[8.6096,46.1326],[8.6119,46.1215],[8.648,46.1231],[8.6583,46.1126],[8.681,46.107],[8.6891,46.1018],[8.7148,46.098],[8.7053,46.0832],[8.7156,46.0623],[8.7206,46.041],[8.7285,46.0302],[8.7264,46.018],[8.5949,45.9225],[8.5706,45.9],[8.5705,45.8895],[8.5938,45.8483],[8.5938,45.8282],[8.5618,45.8376],[8.5627,45.8466],[8.5592,45.8549],[8.5346,45.8398],[8.4985,45.8334],[8.4957,45.8356],[8.4973,45.8476],[8.4752,45.8562],[8.4732,45.8657],[8.4586,45.8747],[8.4492,45.8558],[8.4212,45.8364],[8.42,45.83],[8.4096,45.8308],[8.4062,45.8471],[8.3993,45.8543],[8.3928,45.8395],[8.379,45.8392],[8.3754,45.8285],[8.3821,45.8126],[8.3727,45.8018],[8.3772,45.7982],[8.3728,45.7841],[8.3499,45.7724],[8.3348,45.7738],[8.3182,45.7669],[8.3202,45.7784],[8.3178,45.7973],[8.3292,45.8299],[8.323,45.8326],[8.3211,45.837],[8.3347,45.8468],[8.3282,45.8556],[8.3229,45.8558],[8.3122,45.8659],[8.2937,45.8705],[8.2951,45.8801],[8.3022,45.8883],[8.2788,45.8949],[8.2667,45.9074],[8.2385,45.9123],[8.2296,45.9207],[8.215,45.9237],[8.2047,45.9354],[8.2083,45.9443],[8.1993,45.9497],[8.1799,45.9484],[8.154,45.9338],[8.1146,45.932],[8.0869,45.9222],[8.0644,45.9353],[8.0467,45.9351],[8.012,45.9261],[7.9939,45.9143],[7.9629,45.901],[7.9426,45.9078],[7.9392,45.9126],[7.9229,45.9212],[7.9092,45.925],[7.877,45.9264],[7.8684,45.9376],[7.879,45.9626],[7.8781,45.9734],[7.8947,45.9809],[7.9064,45.9941],[7.971,45.9985],[7.9887,45.9963],[7.998,46.0066],[8.013,46.0161],[8.014,46.0326],[8.0305,46.0417],[8.0332,46.0471],[8.0224,46.0697],[8.0328,46.0976],[8.1077,46.1116],[8.1138,46.1178],[8.115,46.1303],[8.1264,46.1355],[8.1434,46.1367],[8.1535,46.1459],[8.1501,46.1625],[8.1647,46.1766],[8.1655,46.1823],[8.1517,46.1974],[8.1392,46.2259],[8.1251,46.2295],[8.1075,46.2499],[8.0876,46.2541],[8.0804,46.2608],[8.1118,46.2805],[8.1207,46.2917],[8.1377,46.3016],[8.1636,46.2964],[8.2032,46.3043],[8.2117,46.3106],[8.2255,46.3351],[8.2611,46.3479],[8.2655,46.3529],[8.2609,46.3605],[8.2634,46.3637],[8.2729,46.3667],[8.2848,46.3651],[8.3039,46.3754],[8.3123,46.3768],[8.3176,46.3849],[8.3169,46.3972],[8.3104,46.4028],[8.2907,46.4075],[8.306,46.4256],[8.3136,46.4239],[8.3304,46.4286],[8.364,46.451],[8.3915,46.4519],[8.4373,46.4643],[8.4455,46.4637]]]}},{"type":"Feature","properties":{"SIGLA":"MB","DEN_PROV":"Monza e della Brianza","DEN_UTS":"Monza e della Brianza"},"geometry":{"type":"Polygon","coordinates":[[[9.2542,45.7405],[9.272,45.742],[9.2848,45.7324],[9.3002,45.7027],[9.2958,45.6991],[9.2948,45.6897],[9.3142,45.6718],[9.3144,45.6621],[9.321,45.6565],[9.3297,45.6658],[9.3413,45.6697],[9.3641,45.664],[9.3731,45.6552],[9.3886,45.6669],[9.4144,45.6756],[9.4241,45.656],[9.4445,45.6503],[9.4653,45.6649],[9.4766,45.6693],[9.4852,45.6674],[9.4884,45.6559],[9.4951,45.6484],[9.4959,45.6397],[9.4903,45.6347],[9.4954,45.629],[9.4822,45.6174],[9.4836,45.6116],[9.479,45.5958],[9.4458,45.5919],[9.4347,45.5836],[9.3999,45.5718],[9.3862,45.5571],[9.359,45.5558],[9.327,45.5619],[9.322,45.5569],[9.3255,45.54],[9.3049,45.5366],[9.2776,45.5448],[9.2681,45.5535],[9.2572,45.5543],[9.2426,45.5634],[9.235,45.5634],[9.2182,45.5785],[9.2006,45.5766],[9.1771,45.5855],[9.1707,45.5929],[9.1509,45.5885],[9.1441,45.5838],[9.0995,45.5886],[9.094,45.591],[9.1006,45.5936],[9.0973,45.6024],[9.1086,45.619],[9.0981,45.6221],[9.0523,45.624],[9.0515,45.6333],[9.0566,45.6356],[9.0579,45.6423],[9.0544,45.6501],[9.0624,45.6634],[9.0659,45.684],[9.0911,45.6862],[9.1039,45.6975],[9.1095,45.6917],[9.1218,45.6885],[9.1399,45.6948],[9.1511,45.6904],[9.1638,45.673],[9.187,45.6621],[9.1928,45.6677],[9.1951,45.6932],[9.2012,45.7068],[9.2141,45.715],[9.232,45.7176],[9.2352,45.727],[9.2385,45.7279],[9.2471,45.7426],[9.2542,45.7405]]]}},{"type":"Feature","properties":{"SIGLA":"FM","DEN_PROV":"Fermo","DEN_UTS":"Fermo"},"geometry":{"type":"Polygon","coordinates":[[[13.7468,43.2877],[13.7766,43.2371],[13.8,43.1807],[13.8433,43.1024],[13.8497,43.0667],[13.797,43.0621],[13.7865,43.0714],[13.7848,43.0796],[13.7268,43.0622],[13.683,43.0428],[13.6569,43.0421],[13.6572,43.0293],[13.6434,43.0372],[13.6378,43.0357],[13.5994,43.0102],[13.5796,43.0101],[13.5659,42.9919],[13.5573,42.989],[13.5186,42.9925],[13.5062,42.9879],[13.4842,42.9862],[13.473,42.9803],[13.4638,42.9709],[13.4492,42.9656],[13.4303,42.9725],[13.4252,42.9773],[13.4161,42.9762],[13.4072,42.9696],[13.403,42.9731],[13.3981,42.9718],[13.3918,42.9655],[13.4013,42.9613],[13.3952,42.9547],[13.3929,42.9417],[13.3973,42.936],[13.4092,42.9303],[13.4101,42.9268],[13.3993,42.9127],[13.3814,42.9059],[13.3841,42.8944],[13.3775,42.8907],[13.355,42.9156],[13.3332,42.917],[13.3256,42.9213],[13.2926,42.9255],[13.2832,42.9174],[13.2812,42.9116],[13.2601,42.9081],[13.2585,42.8997],[13.2418,42.892],[13.2351,42.9026],[13.2304,42.923],[13.2257,42.9276],[13.2227,42.9267],[13.2177,42.9361],[13.2168,42.9517],[13.2343,42.9633],[13.2618,42.9706],[13.2914,42.9883],[13.3057,43.0017],[13.3194,43.0027],[13.3316,43.0239],[13.3603,43.0343],[13.3732,43.0431],[13.3812,43.0405],[13.384,43.0213],[13.3966,43.0098],[13.4161,43.0099],[13.4209,43.0176],[13.4306,43.0224],[13.4528,43.0175],[13.4597,43.0204],[13.4668,43.0441],[13.4619,43.0585],[13.4631,43.0651],[13.4828,43.0803],[13.4776,43.0824],[13.4653,43.0805],[13.4496,43.0733],[13.4335,43.0859],[13.4302,43.1103],[13.4401,43.1251],[13.4357,43.1367],[13.4417,43.1476],[13.4614,43.1631],[13.4923,43.1646],[13.499,43.1709],[13.5194,43.1781],[13.5185,43.1841],[13.5259,43.1981],[13.5211,43.2092],[13.5271,43.2119],[13.564,43.217],[13.5929,43.2092],[13.6078,43.2369],[13.6073,43.2493],[13.601,43.2678],[13.6077,43.2714],[13.638,43.2692],[13.656,43.2749],[13.6851,43.2776],[13.7055,43.2862],[13.7295,43.2895],[13.7432,43.2948],[13.7468,43.2877]]]}},{"type":"Feature","properties":{"SIGLA":"BT","DEN_PROV":"Barletta-Andria-Trani","DEN_UTS":"Barletta-Andria-Trani"},"geometry":{"type":"Polygon","coordinates":[[[15.9705,41.4397],[16.0208,41.4231],[16.0248,41.4258],[16.0501,41.4181],[16.1263,41.3876],[16.1351,41.3876],[16.1713,41.3686],[16.2126,41.357],[16.2597,41.3296],[16.3536,41.3065],[16.4009,41.2851],[16.4194,41.2825],[16.4472,41.2628],[16.5015,41.2482],[16.5054,41.2435],[16.5312,41.239],[16.5423,41.2295],[16.5393,41.2162],[16.5109,41.183],[16.5145,41.1685],[16.5064,41.1557],[16.4979,41.1518],[16.4827,41.1536],[16.4705,41.1489],[16.4599,41.1704],[16.4434,41.1798],[16.4363,41.1882],[16.4288,41.1903],[16.4027,41.188],[16.3916,41.1961],[16.3871,41.194],[16.3812,41.1817],[16.3849,41.18],[16.3828,41.1773],[16.3638,41.1712],[16.3587,41.1643],[16.3405,41.163],[16.3417,41.1564],[16.3377,41.1514],[16.3404,41.143],[16.3517,41.1347],[16.3454,41.123],[16.3228,41.1068],[16.313,41.0902],[16.2987,41.0845],[16.2991,41.0741],[16.2652,41.0373],[16.2633,41.0325],[16.2671,41.029],[16.254,41.0148],[16.2664,41.0052],[16.2499,40.9609],[16.2261,40.946],[16.2102,40.9301],[16.2025,40.9175],[16.163,40.9286],[16.1556,40.9227],[16.1487,40.9235],[16.1381,40.9184],[16.1331,40.9058],[16.1192,40.8998],[16.0919,40.921],[16.0618,40.9285],[16.038,40.9397],[15.9771,40.958],[15.9738,40.9694],[16.0084,40.9721],[16.027,40.9912],[16.0316,41.0007],[16.0276,41.0116],[16.0279,41.0241],[16.04,41.0296],[16.0407,41.0359],[16.0269,41.0479],[16.0094,41.0572],[15.9987,41.0548],[15.9802,41.0816],[15.983,41.0887],[15.9763,41.0942],[15.9574,41.0961],[15.9597,41.1013],[15.9522,41.1106],[15.9214,41.1115],[15.9008,41.1264],[15.8944,41.1233],[15.8777,41.1377],[15.8703,41.1399],[15.9105,41.1661],[15.9271,41.1808],[15.9505,41.1834],[15.9816,41.1949],[15.9922,41.1958],[15.9965,41.1994],[15.9954,41.206],[16.008,41.2089],[16.0201,41.2202],[16.0166,41.2302],[16.0176,41.2394],[16.027,41.2483],[16.0402,41.2699],[16.0224,41.264],[16.0125,41.2643],[15.9951,41.2932],[15.9834,41.3047],[15.9824,41.3356],[15.9819,41.3608],[15.9921,41.361],[16.0311,41.3739],[16.0373,41.3834],[15.9836,41.4055],[15.9764,41.4139],[15.9365,41.425],[15.9502,41.4417],[15.9705,41.4397]]]}},{"type":"Feature","properties":{"SIGLA":"SU","DEN_PROV":"Sud Sardegna","DEN_UTS":"Sud Sardegna"},"geometry":{"type":"MultiPolygon","coordinates":[[[[8.4104,38.8632],[8.4121,38.8606],[8.4085,38.8592],[8.4098,38.8633],[8.4104,38.8632]]],[[[8.8254,38.8816],[8.8253,38.8817]]],[[[8.8276,38.882],[8.8276,38.882]]],[[[8.8658,38.882],[8.8636,38.8819],[8.8656,38.8823],[8.8658,38.882]]],[[[8.8138,38.8907],[8.8118,38.8897],[8.8144,38.8924],[8.8138,38.8907]]],[[[8.8913,38.8976],[8.8912,38.8978]]],[[[8.7658,38.9141],[8.7659,38.9141]]],[[[8.7188,38.9158],[8.715,38.9125],[8.7153,38.916],[8.7183,38.9163],[8.7188,38.9158]]],[[[8.4496,38.9345],[8.4496,38.9394],[8.4508,38.9355],[8.4496,38.9345]]],[[[8.4502,38.9408],[8.4502,38.9408]]],[[[9.537,39.0809],[9.537,39.0811]]],[[[8.463,39.0813],[8.4639,39.0822]]],[[[9.5402,39.0833],[9.5401,39.0834]]],[[[9.5416,39.0833],[9.5416,39.0834]]],[[[9.5368,39.085],[9.5367,39.085]]],[[[9.5301,39.09],[9.5351,39.0883],[9.5337,39.0823],[9.5269,39.0846],[9.5293,39.0901],[9.5301,39.09]]],[[[8.4378,39.1051],[8.4384,39.1055]]],[[[9.6069,39.1443],[9.6079,39.1379],[9.6048,39.1337],[9.6036,39.1389],[9.6065,39.1444],[9.6069,39.1443]]],[[[9.6035,39.1467],[9.6032,39.1487],[9.6042,39.1469],[9.6035,39.1467]]],[[[9.6059,39.1492],[9.606,39.1496]]],[[[9.6055,39.1512],[9.6048,39.1521]]],[[[8.2431,39.1669],[8.243,39.1669]]],[[[8.2631,39.1751],[8.2631,39.1752]]],[[[8.3194,39.1852],[8.3197,39.1856]]],[[[8.3093,39.1878],[8.3064,39.1631],[8.3114,39.1488],[8.308,39.1435],[8.3128,39.1394],[8.308,39.1289],[8.3102,39.1129],[8.3061,39.103],[8.2973,39.0969],[8.2793,39.0959],[8.2479,39.1085],[8.2473,39.1108],[8.2549,39.115],[8.249,39.1259],[8.2522,39.1291],[8.2399,39.1406],[8.2261,39.1415],[8.2207,39.1454],[8.2266,39.1609],[8.23,39.165],[8.2368,39.1665],[8.2421,39.1641],[8.257,39.1697],[8.2675,39.1786],[8.2966,39.1793],[8.3083,39.1877],[8.3093,39.1878]]],[[[8.3248,39.1917],[8.3176,39.1901],[8.3206,39.1946],[8.3248,39.1917]]],[[[8.3567,39.226],[8.3568,39.226]]],[[[8.3558,39.2273],[8.3558,39.2274]]],[[[9.6277,39.3085],[9.6275,39.3084]]],[[[8.4001,39.3343],[8.3987,39.3348]]],[[[9.6587,39.5244],[9.6587,39.5245]]],[[[9.6597,39.5246],[9.659,39.5251]]],[[[9.2591,39.9173],[9.272,39.9143],[9.2909,39.9161],[9.3247,39.9096],[9.3449,39.9116],[9.3492,39.9108],[9.3543,39.9039],[9.3676,39.905],[9.3767,39.9155],[9.3855,39.9161],[9.4166,39.8859],[9.4141,39.8763],[9.406,39.8657],[9.4052,39.8488],[9.3986,39.843],[9.3704,39.841],[9.3706,39.8322],[9.3785,39.8309],[9.3773,39.8221],[9.3615,39.8131],[9.3632,39.8017],[9.3847,39.7784],[9.3945,39.7768],[9.4095,39.7545],[9.4089,39.7504],[9.3986,39.7455],[9.4019,39.7412],[9.4001,39.7343],[9.3862,39.7251],[9.3856,39.7165],[9.3934,39.7107],[9.4039,39.6928],[9.4017,39.6738],[9.3974,39.6679],[9.3981,39.6534],[9.4186,39.6228],[9.4301,39.6255],[9.4409,39.6413],[9.4576,39.6414],[9.4721,39.6339],[9.4859,39.617],[9.5075,39.6226],[9.5107,39.6101],[9.52,39.6029],[9.5238,39.5894],[9.5464,39.5829],[9.5456,39.5796],[9.5534,39.5738],[9.5934,39.574],[9.6514,39.5492],[9.6396,39.5413],[9.6322,39.5106],[9.6329,39.4978],[9.6416,39.4933],[9.644,39.4861],[9.6424,39.4776],[9.6455,39.4611],[9.6404,39.4519],[9.6394,39.4391],[9.6312,39.4335],[9.6069,39.386],[9.5977,39.3493],[9.5993,39.3318],[9.6039,39.3205],[9.6117,39.3132],[9.6314,39.3043],[9.6339,39.299],[9.6312,39.2956],[9.6227,39.298],[9.6068,39.2941],[9.582,39.2648],[9.5705,39.2405],[9.5687,39.2138],[9.563,39.199],[9.565,39.1891],[9.5779,39.1844],[9.5789,39.1756],[9.5704,39.1674],[9.5616,39.1385],[9.5561,39.1334],[9.5324,39.1291],[9.5209,39.1176],[9.5188,39.1133],[9.5238,39.0947],[9.5025,39.1098],[9.5095,39.1217],[9.5027,39.1313],[9.4838,39.1354],[9.4712,39.1318],[9.466,39.1268],[9.455,39.13],[9.4465,39.1254],[9.4422,39.1265],[9.4498,39.1414],[9.4587,39.1449],[9.4736,39.1598],[9.4768,39.1858],[9.4864,39.2071],[9.4456,39.2685],[9.443,39.2943],[9.414,39.3098],[9.4089,39.3167],[9.3987,39.3181],[9.3755,39.3123],[9.3672,39.3147],[9.3313,39.3501],[9.3704,39.3961],[9.3687,39.4233],[9.2985,39.411],[9.281,39.4132],[9.274,39.4088],[9.2708,39.3872],[9.2609,39.3684],[9.2496,39.3611],[9.2446,39.3516],[9.2215,39.3426],[9.2119,39.3346],[9.1901,39.3298],[9.178,39.3333],[9.1598,39.3309],[9.151,39.3355],[9.1497,39.3417],[9.1337,39.3329],[9.1188,39.3369],[9.0949,39.3516],[9.0806,39.3532],[9.0554,39.3379],[9.0112,39.3277],[8.9724,39.3445],[8.9607,39.3418],[8.9423,39.3278],[8.9423,39.304],[8.907,39.2891],[8.8953,39.2891],[8.8696,39.2802],[8.861,39.2729],[8.8517,39.2446],[8.8517,39.2353],[8.8606,39.2308],[8.8538,39.2094],[8.8547,39.1805],[8.8503,39.1734],[8.8424,39.1688],[8.8345,39.1488],[8.8263,39.1487],[8.8202,39.1315],[8.8222,39.1186],[8.8447,39.103],[8.853,39.0853],[8.8319,39.0474],[8.8868,38.9774],[8.9098,38.9571],[8.9119,38.9521],[8.9111,38.941],[8.9037,38.9242],[8.9109,38.9155],[8.9064,38.9084],[8.8608,38.8824],[8.8552,38.8758],[8.8336,38.8785],[8.8219,38.8932],[8.8094,38.8935],[8.806,38.8997],[8.7996,38.8973],[8.8034,38.8848],[8.8005,38.8841],[8.7952,38.8926],[8.7786,38.9037],[8.7749,38.915],[8.76,38.9181],[8.7203,38.9365],[8.7186,38.9261],[8.6816,38.9093],[8.6715,38.9083],[8.6641,38.9125],[8.6703,38.8972],[8.6646,38.894],[8.6543,38.8979],[8.6483,38.8904],[8.6487,38.886],[8.6585,38.8819],[8.6557,38.8767],[8.658,38.8706],[8.6454,38.8641],[8.6401,38.865],[8.6366,38.8679],[8.6466,38.8762],[8.6428,38.8773],[8.641,38.8829],[8.6471,38.8936],[8.6354,38.8959],[8.6234,38.8917],[8.6077,38.8934],[8.607,38.9041],[8.6207,38.9205],[8.6232,38.9369],[8.6187,38.9493],[8.611,38.9592],[8.6035,38.963],[8.5871,38.9554],[8.5848,38.9597],[8.5893,38.964],[8.578,38.975],[8.5661,38.9971],[8.5666,39.01],[8.5759,39.0195],[8.5749,39.0321],[8.5649,39.0454],[8.5549,39.0468],[8.5485,39.0444],[8.535,39.0529],[8.5309,39.0594],[8.4977,39.0632],[8.4683,39.0552],[8.4701,39.0516],[8.4528,39.0249],[8.4505,38.989],[8.4447,38.9825],[8.4419,38.9681],[8.4322,38.9609],[8.4215,38.9604],[8.4142,38.9553],[8.4067,38.9588],[8.394,38.9868],[8.3646,39.0301],[8.357,39.0643],[8.3502,39.0759],[8.3498,39.083],[8.3579,39.0877],[8.3513,39.0962],[8.3614,39.1013],[8.3621,39.1092],[8.37,39.1141],[8.3804,39.0996],[8.4052,39.1037],[8.4097,39.102],[8.4274,39.107],[8.4338,39.0952],[8.4566,39.0836],[8.4598,39.065],[8.4666,39.0574],[8.478,39.0609],[8.479,39.0716],[8.4879,39.0848],[8.4776,39.0961],[8.4724,39.1122],[8.4665,39.1187],[8.4614,39.1206],[8.4398,39.115],[8.4346,39.1319],[8.438,39.1557],[8.414,39.1721],[8.4095,39.1639],[8.4174,39.1478],[8.4114,39.1495],[8.4068,39.1588],[8.3994,39.1941],[8.3962,39.1989],[8.3901,39.1972],[8.3719,39.2092],[8.3669,39.2274],[8.4105,39.2637],[8.4241,39.2684],[8.4368,39.2899],[8.4314,39.3122],[8.4179,39.3235],[8.4204,39.3326],[8.3957,39.3395],[8.3933,39.3426],[8.3956,39.3473],[8.3872,39.3523],[8.389,39.3631],[8.3761,39.3689],[8.3731,39.3745],[8.3808,39.3805],[8.3849,39.3906],[8.4042,39.4079],[8.4127,39.4281],[8.4108,39.4413],[8.3822,39.4558],[8.3853,39.4714],[8.4097,39.4928],[8.4504,39.5447],[8.4552,39.563],[8.463,39.5748],[8.4639,39.5888],[8.4706,39.5989],[8.4655,39.6162],[8.4554,39.6203],[8.452,39.6251],[8.4519,39.6504],[8.4567,39.6701],[8.4448,39.6777],[8.4454,39.6853],[8.4484,39.686],[8.4536,39.6974],[8.4553,39.709],[8.447,39.7175],[8.4488,39.7415],[8.444,39.7581],[8.4512,39.7694],[8.4602,39.7682],[8.4991,39.7173],[8.4886,39.7156],[8.5026,39.7143],[8.5014,39.7107],[8.5126,39.7043],[8.5187,39.6941],[8.539,39.6933],[8.5493,39.6961],[8.5667,39.6872],[8.5902,39.6916],[8.606,39.6898],[8.6238,39.6667],[8.6278,39.6551],[8.6606,39.6419],[8.6681,39.6344],[8.6776,39.6356],[8.6899,39.6438],[8.6971,39.645],[8.7046,39.6387],[8.7298,39.6389],[8.7466,39.6301],[8.7709,39.6392],[8.7833,39.6518],[8.7903,39.6548],[8.828,39.6646],[8.8423,39.6639],[8.8608,39.6678],[8.869,39.6864],[8.8785,39.6942],[8.8798,39.7006],[8.913,39.7215],[8.9048,39.7309],[8.9057,39.7355],[8.9214,39.7592],[8.9128,39.7674],[8.8918,39.7753],[8.8824,39.7927],[8.9036,39.7957],[8.9303,39.7923],[8.9531,39.7786],[8.9768,39.8056],[8.9868,39.8256],[9.0077,39.8277],[9.0313,39.8153],[9.0296,39.8105],[9.0417,39.8036],[9.0545,39.8023],[9.0619,39.8108],[9.0759,39.8169],[9.0832,39.8262],[9.1004,39.8311],[9.1065,39.8416],[9.1063,39.847],[9.1135,39.8497],[9.1275,39.8395],[9.1451,39.8451],[9.1753,39.8285],[9.2002,39.8263],[9.1976,39.8446],[9.1852,39.8497],[9.1873,39.8657],[9.1945,39.8683],[9.1895,39.8901],[9.2124,39.9145],[9.2237,39.9084],[9.2307,39.9083],[9.2452,39.9178],[9.2564,39.9188],[9.2591,39.9173]]]]}}]}